"Path","SHA256"
".dockerignore","627811CF4250C31F635D26FA3E507825AB69A140E276509CBC10B5708642D16D"
".env.example","3430B91C033FFA45873F3477EEC6FE4F3D40AB42E81EDDB8B123242F47F7E684"
".gitattributes","AC4793C472F5D4036FE9E4034CA1F160B9E9C409BC3262796365C630105025BB"
".github/CODEOWNERS","DCE2D91B9E2991BFE440A1A21CDB2EA356E6E031DF923D7CCA1BAC4C0AB3E12F"
".github/dependabot.yml","FCD0654993BD5710669E881621B8AC583F3CD1C16B94F1AB0AB0A75DCE26D746"
".github/workflows/ci.yml","112D8AC3C237345BA7206D8FE2A6448A3918544D25FE62AF5376AF3548FAC8FE"
".github/workflows/release-images.yml","66A3A851EE7AFA8CFC21E89BA1691E3D767381F92B2CAACB08E07D071B1C4AC0"
".github/workflows/workflow-lint.yml","78B11344EB52021A60246E3D74D80FD376986D2650AB6BC8C273E738CC760E58"
".gitignore","95EC8A2AEF18D4B34FCB289AA1A8E2B48E76F4CDCF5E56A2AF07F36CEB1EF6D4"
"ai-services/Dockerfile","13D77A67FC09D27A8B6B91AD0C137254EB9D52B64DB85C13773CC32D78789C95"
"ai-services/grading_agent/__init__.py","61F296FCCF2894A2107C4F8BD5F06B893AFE95995B5BE791DB4B5519019DC3A5"
"ai-services/grading_agent/__main__.py","EFE504ED31742213A06B39CA895693D32968F91B8BBB5D0774EBF8EDB5DE6F84"
"ai-services/grading_agent/app_v2.py","05DE580C5ECE8AA3FC51BADF512117C29DFC49FC89740A4619DAAEC472B2118F"
"ai-services/grading_agent/app.py","B880AA318868D323328E8EF2CE8FD755BD4741358753A673559A6F7C4A00D7B9"
"ai-services/grading_agent/capabilities.py","4A7739DB432110789E7C51EB04D91AF47EC6CD90EBA48D0CD5720430B2F08B35"
"ai-services/grading_agent/config.py","F41EACFFB1280AD5C2A9820B9205BBCAEC8ECBA9CDCE725316AB62589DC63B20"
"ai-services/grading_agent/contract_v2.py","A9A4DB7A0059A7846F8189AEE28EDB68B22F34D9177A03BCB2DB3FACB44E6441"
"ai-services/grading_agent/contract.py","91F7AB7DC3E9FE5970B02705BC9E512E3EB72E773C190FCF8B4F9239C8AC4896"
"ai-services/grading_agent/dashscope_native_contract.py","96183F7A7640AD9A5524867B4DE51862E9E919B4ED10613BFE46DDBC7859F967"
"ai-services/grading_agent/dashscope_native_transport.py","5425EB41B887E11C3CBAC5FECCF015D39E06CE1C70ACEA91D2B0BA5EC13F1E52"
"ai-services/grading_agent/errors.py","C4CDF0F83E12003521A6BC033AE43D7B863EE42220B38A4698847B15397B1AB5"
"ai-services/grading_agent/guardrails.py","49C4FD8117A437022EAFD82A957918437D145927075AA37DAEF888F6028DC4C9"
"ai-services/grading_agent/managed_model.py","9E61440D8BBF69D00CB6587943EFA8942D1808463F6B5594D655BE4F192D279B"
"ai-services/grading_agent/model.py","800AFD60190B5EDEB4F3DE79D42A36BF58A5B55661654AD2FBCC5AD6BCBC55FC"
"ai-services/grading_agent/paper_compact/__init__.py","D969CE6BFF8D3DDC47B5BCAE2386D876B55474063C03F391B18D73176A57BEDB"
"ai-services/grading_agent/paper_compact/anchors.py","B104B43E7037A7A57283E5BF62FA382DEC5B48CA3132CE84D2760C7827143325"
"ai-services/grading_agent/paper_compact/chunks.py","019D8C20B17141512599C0568904D243E9BA1A2E85E53843F86550719ED3DB0D"
"ai-services/grading_agent/paper_compact/expand.py","62D3F01F3CB6AE73639088C8169CD3E90B7CCB7622C5A5E697EFF144942A2A84"
"ai-services/grading_agent/paper_compact/layout.py","FCFF9D4FB3C14E9F9CD2A2E59A5D94A3376782296D8E4E0413A5830A5C1E630E"
"ai-services/grading_agent/paper_compact/schema.py","183CC9567AE4B5A9D8894375EE0ACDCFB82FB259DF161E66CD525DA59E00F175"
"ai-services/grading_agent/paper_input.py","63FED8F436B5FEE9264DEE1ED39AD719DA9791C46DFD11D4008AE7111816CD2F"
"ai-services/grading_agent/paper_parser.py","37261ECC71A1357E1E8DF5F56D0F267E745B9527EFC9C386E5C62FD9AE2158F7"
"ai-services/grading_agent/paper_routing.py","5A9EA0FD0D4416FDE1075F4CB360D91C1793E08346F87D822B1C1D246F488D98"
"ai-services/grading_agent/paper_schema.py","A38F555E67C21FA96D967532B2D276DA21D382C1AFF82C6CFF36EF546EADAFFF"
"ai-services/grading_agent/paper_validation.py","50B0D13A6438CD7A6CAF2153728E6070F38FA79FAABF6ACDF64E75717CDCEEB8"
"ai-services/grading_agent/paper_visual.py","86E1D0097FE86C1DE3EBA68CBBA2B7CA7798789A89562AD4397748C437431068"
"ai-services/grading_agent/provider_adapter.py","34E870C86632EA6FD813EFD2218A1DBE9D72492685F9D61476C4DB298658ED18"
"ai-services/grading_agent/server.py","AAAA132247C455FF8BFD4236FBFD2C3F73E212C64BD949EEA33B61DE9740FEF3"
"ai-services/prompts/base_grading.md","73158C6911024C3C2D08F8EE7D06355656105F7D7F85D8FBB53B2BEB8A02B06C"
"ai-services/prompts/local_structured_grading.md","98E48B8BCF27CC7849F3A4B3A958C7179C876A3389E5400036E101ADBE7FB1CB"
"ai-services/prompts/manifest.json","3393E42434A421227454CE8AF9FEE8719B2AA4AE4F02916B62959BBDD65417FE"
"ai-services/prompts/roles/arbiter.md","235306BB5624D583D65571728EEBA2871F48CD69C64DA103CD9C2BF1FC274BEA"
"ai-services/prompts/roles/primary.md","20F0735F1D263B51E1C2E6B30598A25DFFBD1AB27280E6BD4CAFF3A0E248B06F"
"ai-services/prompts/stages/junior.md","7CE733824690A66676278B8843BEF7A1A02D69B15513290AFBEF5AA08F0DE299"
"ai-services/prompts/stages/senior.md","E916A303C1027E427F23BC370ECB9C0730E47B9DF36FACBF9EC31D88C7597F30"
"ai-services/prompts/subjects/biology/calculation.md","4FDD195FE7BF945DA92118454FEC4ED979E64EB4424D9FECA5B49CB7E2C43355"
"ai-services/prompts/subjects/biology/discussion.md","AF646742AC6B35D9E4BF6BC022121277DD9CF62403DAA8C93D7F1E98D08EE6B3"
"ai-services/prompts/subjects/biology/short_answer.md","4E9FBE4678005E134197CCE61F8D7922918A38EB351D1DED2E50B62F354CF1D3"
"ai-services/prompts/subjects/chemistry/calculation.md","0EDCBAD0DEAFFCEE20A7CFA30421DC205A811672A21C415217361054E89377EF"
"ai-services/prompts/subjects/chemistry/discussion.md","A18AFE568737914BDE59BA24B3EA0FFFDAA30DEB46539CAD7713F7FE2EB59D95"
"ai-services/prompts/subjects/chemistry/short_answer.md","89DE38EF937A1B4941D13251912A430E04F0092703E449B9B2A955D5F068490F"
"ai-services/prompts/subjects/chinese/discussion.md","3259FABB861E300469E5E18367F673AAEB1573403DE9F38E803D687C579F5AA4"
"ai-services/prompts/subjects/chinese/essay.md","71DA4667F8863FE18EA09EFEC488BA9F58CFD611121A2B28B17E9731AD1ECA50"
"ai-services/prompts/subjects/chinese/short_answer.md","D1C5873CD46D9196055B3FBB733CBF44334AFB09C088159BFD085431B0B58F88"
"ai-services/prompts/subjects/computer_science/calculation.md","22E1B94DB478F0520B5369704459DF87E1CA272BD81E6EACEED7F1C85ADA17ED"
"ai-services/prompts/subjects/computer_science/discussion.md","FD6D189BEA3A8CC2A532992688A816710F41BE7DB6012A0D0F8B3A5E625CF0C0"
"ai-services/prompts/subjects/computer_science/short_answer.md","BB2EAF226404E884E6ACEB255C21042E0D03B63AA56638B1422668162AE3B556"
"ai-services/prompts/subjects/english/discussion.md","5DC036F3E1F0547E7E639AC04B422EDE5F816D6BC90342A4BDD18C8AB5633943"
"ai-services/prompts/subjects/english/essay.md","5F6AC000908483FD614985FD85CD40AD2E936D4BA30AF96AEBA9F1EA3E1B185A"
"ai-services/prompts/subjects/english/short_answer.md","0C327ADA9E19BC896CD95E2CCD5D61562E24E2903C13DCACBBEB7356B8A81E00"
"ai-services/prompts/subjects/geography/calculation.md","6ACBE152902A25E700AC06D19EFAA5FBAFCCD83F8E3AADD9CD95CE5389B981C5"
"ai-services/prompts/subjects/geography/discussion.md","50E1D4FAD6B2B371FBFAE65E8387C84A1EE9B8ED26326EE9E7C564D35DCCA9E8"
"ai-services/prompts/subjects/geography/short_answer.md","882895B2CE5EBD763D4493D69F9799E73EF054EA89F438940E032E60BFB2E8E9"
"ai-services/prompts/subjects/history/discussion.md","295A3EAC250E851A38E15E51195B4C73942B95EDB7E3424F02E9427C605E824E"
"ai-services/prompts/subjects/history/short_answer.md","F33B411A952EC62B348E8F98AB3D97181F137D93D239B3907F555DE07B05FF35"
"ai-services/prompts/subjects/math/calculation.md","19983EDAB7499B619FE430C2A1B1107BF46F3D012783AE1E66ED745B408C7D3C"
"ai-services/prompts/subjects/math/discussion.md","D3D3B7807E3A72AB39EC2115B2E05258A024123FF108CEF39AFC37E7EA50504B"
"ai-services/prompts/subjects/math/short_answer.md","67A7827FCA47778847B1B7D0D705F9B0668C3A4799E342C17C12E2F8A99849B8"
"ai-services/prompts/subjects/physics/calculation.md","06388B8A54F8FCBCFAE2A77BCD4D97925A7987767AECDAA4F0AE360DCE0C3B1B"
"ai-services/prompts/subjects/physics/discussion.md","5CDDE99E1E59B0ACF26D70E31642C26FA9354BB575EDAD0392C1F63E8FC5A3B6"
"ai-services/prompts/subjects/physics/short_answer.md","A357BC061E6344CBF4F7B1BF64D2E4A986207A261098E777C29DA9D41391D0CC"
"ai-services/prompts/subjects/politics/discussion.md","C34634FDD28A388B97CF476ED98640BCDDD9F124643A563160DCCCF02FD1F237"
"ai-services/prompts/subjects/politics/short_answer.md","AC4AA3288DEB8606F6438ECEEEA9575C8C69072BE461734754F2622493AC0BE4"
"ai-services/README.md","2999E99B55E0B682C5213721506A350229E4C62DD5C37FB1F89EB091C1C34D67"
"ai-services/requirements.txt","AC3244940DAC89F241EFE18DB5BED07AC1095DE7310979D6C0CD50B90D02E1CD"
"ai-services/tests/fixtures/dashscope-native/error-auth.json","8287CDA4F4967CC40441713C6E1B4A93F0369F1391DF45DD9028B561F07F68E6"
"ai-services/tests/fixtures/dashscope-native/error-throttled.json","1AFC13D6319DF574AD5B2199AADC0D35EB56F5623A1F0C6D970A9D400F14C3D5"
"ai-services/tests/fixtures/dashscope-native/README.md","C9A06B41675020343E268699288810DD79E80557B1516F82813CB31D884FE969"
"ai-services/tests/fixtures/dashscope-native/request-image.json","428A177E6AF27D74601BBB1410BC58533F0972FEDFB096C433C1F756E7D925EA"
"ai-services/tests/fixtures/dashscope-native/request-text.json","0A7A9C4EC4FC7278073432FDF182B7A0D08E49E27A466F2BBDC6CEA46584B57A"
"ai-services/tests/fixtures/dashscope-native/response-image.json","82D86A476C30C851815806A672EB458F30CAE6AD20C90144926DD91F83C9194C"
"ai-services/tests/fixtures/dashscope-native/response-text.json","EE1E3243C180ACA49022DF8E6D997B4FC403E02CD15E6A40F7786723FC0B491E"
"ai-services/tests/fixtures/expected_multimodal_math_paper.json","7E24EBAE34CEE5982C20E77FEA6E956EC8F17FF97750387461BD4BBDA2E540D6"
"ai-services/tests/fixtures/README.md","3B04F8EF0BBBE9D938EE98F2FA6CFC6DFA241717C46E35DB81CEBFC5AE9D8107"
"ai-services/tests/helpers.py","12D46B6F83FB3873B16BF650637FD7F23643BE3C084316856B3611357AE13F0B"
"ai-services/tests/test_application_v2.py","3A069B6E620E20D10877AB46FA3CA62B59DF15132363132BA5146D84DE36A2A3"
"ai-services/tests/test_application.py","33757D9CAB8CCB2181829553B408E8A072B78F2975AA635AEE2D0335745C3056"
"ai-services/tests/test_config.py","E86F88BA3675C6C8A5C7EF22AB78F58DC27A21B552FBE4BB7630D8339154D3A0"
"ai-services/tests/test_contract_v2.py","B6980AAF0A9F738FE664AD91060523CC09BD80412E26730B2380059A339EE701"
"ai-services/tests/test_contract.py","A0B0D942A929324538D38C01C8E25DBC1F1891FADF8646E382C14FCCFDEA02E4"
"ai-services/tests/test_dashscope_multimodal_contract.py","E1AC2A66AB92B258C0CD75144F14BF83641FD506EBF85E336BAE98610E922E19"
"ai-services/tests/test_dashscope_native_contract.py","DDFE44792E58AAB366617EF0154770BED134D86DC0961BBC7A54C4070C1D17EA"
"ai-services/tests/test_dashscope_native_transport.py","553729F93437912537E5CA1A5BEAE6724E413C31F25FCABC9105BA3AABA2C9BB"
"ai-services/tests/test_http.py","5FDEFFB42F2AAF8C2E780E14035EBF1CADF41E8A18AC9352C4127521B0892B29"
"ai-services/tests/test_managed_model.py","509839C99DB54272DB337050591A0543CECD866E9B9D176E0EFF6FD5FC9E15FB"
"ai-services/tests/test_math_v2_production.py","DEC537F5FBE17062DE54585600CA85FD3E2E05BFBD1BF5210241350D307F0601"
"ai-services/tests/test_model.py","49C0B7F5043E674C19BEC70726BB285DDC6663B2982B2C781AA37DB9973BB735"
"ai-services/tests/test_paper_compact.py","A78CA802D24B83CC603CF6A5854D6B4F39572B758351126736873D06C63687C2"
"ai-services/tests/test_paper_parser.py","B7E519482B9E4896463481AF40D58C330B00D7F56FC3CC8208C5277F5E171D5F"
"ai-services/tests/test_provider_adapter.py","6E964EE41F8CBDADD8177E09B94B572BE4D0A86BFA8223FF0CFE3DA8442C3FC4"
"apps/desktop-client/index.html","A13405BF070184FF3AFCFF0BC264B715806BB6686664E975C2B34AFDFB22DA9F"
"apps/desktop-client/package.json","2C348BB588DBCC2C4A6A081E8EC746BAB9B6A13C522D1124792C959215E14B49"
"apps/desktop-client/public/favicon.svg","DA09C7919104029FD24309B51B1F13F8CC039EF359CE35E5DE5D755726E0E076"
"apps/desktop-client/README.md","5B68775009DB49B91403425B4267EFE244363E3C21A4D3C67960C69B9DE68FCC"
"apps/desktop-client/scripts/check-security-config.mjs","5DB8F97B1AF8A635D1A30BB22C9EA7221828175A54E41BA6FD15FE43D6CBC9B4"
"apps/desktop-client/src-tauri/build.rs","487059EAF8A947B80F20A9AACAC038A5047B2AD69D2401B827376C67D6FE847F"
"apps/desktop-client/src-tauri/capabilities/default.json","CC9CF767D2C644B05C772F561295345F1C16F7C22250F88245AD7B8FB76D6479"
"apps/desktop-client/src-tauri/Cargo.lock","B7B604E606C47C9D5CDC53283C0AEA671925B4D95E4EE44E848117697F7B64F5"
"apps/desktop-client/src-tauri/Cargo.toml","00C57D55748E817E629099F4248BC59191E87E63A477969B8795B197ED7E3995"
"apps/desktop-client/src-tauri/icons/128x128.png","6318042DAA90D3B628E6A184B8A465CB8626EF26C8723CB4A0993BDA607715BB"
"apps/desktop-client/src-tauri/icons/128x128@2x.png","9E5EAF107763B037505776DD3E2B4DF008013F8E335BD412203AED19913DA71E"
"apps/desktop-client/src-tauri/icons/32x32.png","641CC5343347291F83465AEFC368EA9EAAF8895CA740D35969F0E73F32F4700F"
"apps/desktop-client/src-tauri/icons/64x64.png","0E3F171D860C018EC45B17627D599056290369A79A8C02918D5CF600CDE48DD7"
"apps/desktop-client/src-tauri/icons/icon.icns","A57FEAD66C3926D781224975D61B5846420ED3B99885EB2B38EAAAB7B693805F"
"apps/desktop-client/src-tauri/icons/icon.ico","016265BC71058837EBB82D73E5289A0FEF8F81737CF7E7F5B6E75DE723F87A17"
"apps/desktop-client/src-tauri/icons/icon.png","E7D1350BF96E2989D75F1D078BE04CED2FA6BF60528FAEA33433820459506494"
"apps/desktop-client/src-tauri/icons/Square107x107Logo.png","6DB99DD5E17A372F420BD088DC00105B93F62557A9DE6D14F15E53B7117FABA8"
"apps/desktop-client/src-tauri/icons/Square142x142Logo.png","86E34F63B1931B29C940C77E295436BEE4FC2A9F8234411544423A33D73852FA"
"apps/desktop-client/src-tauri/icons/Square150x150Logo.png","198CD8EC7D18AC9A5702B78C5D12BB9375FD880B2F4497B5775A1E9482F2E39A"
"apps/desktop-client/src-tauri/icons/Square284x284Logo.png","BF7FC90F19CA69EC1BD2D5B1F5B13CB3643595EB4D49C9F81ADC8C737046DEDA"
"apps/desktop-client/src-tauri/icons/Square30x30Logo.png","3B03A0773ECD1ED8295505A24BBD07495D7DE31DFE6E9B966249207D876B93B1"
"apps/desktop-client/src-tauri/icons/Square310x310Logo.png","86B341707E62E12F26E58A6C5D5FA506CA4E9F44E9380F672B0F8140A91C788E"
"apps/desktop-client/src-tauri/icons/Square44x44Logo.png","480E129FE9ADA608C5E7F0CA12A46B1B1C099C011DE3F744D66D0EB54DAA0279"
"apps/desktop-client/src-tauri/icons/Square71x71Logo.png","FD713860F123FDE4E41C09FF71E4B3D7DEF8CEE77356EBC158B15E25467FA550"
"apps/desktop-client/src-tauri/icons/Square89x89Logo.png","AB261B26326D8F38E1DD6F23D565251C88F4996A578B26A1FE18AFBD9A05ACE7"
"apps/desktop-client/src-tauri/icons/StoreLogo.png","DF1B87D3D9F1E50A92D4071A7D986CC31AF174B6A09B4179263BF27AC7A56082"
"apps/desktop-client/src-tauri/src/durable_store/claim.rs","2E21ACA6238D876B03D3B75412818F803F9AD1789FCE5C46ADD05BD871918309"
"apps/desktop-client/src-tauri/src/durable_store/connection.rs","8DF7CE848CA5289B4FC5101A8D62D1D420F1698DDE0634843D67E4E104C00EB8"
"apps/desktop-client/src-tauri/src/durable_store/crypto.rs","3E72DD717B15AE7707A67CFBFF26DDC72A9E365E8F94251E5B4285DBA57B1294"
"apps/desktop-client/src-tauri/src/durable_store/drafts.rs","7BF8AF23F6FF5024121CB622450B6E08562F40DD80E84DD96299F70AC273E4AA"
"apps/desktop-client/src-tauri/src/durable_store/mod.rs","8E9351696C37562249FC4D0A8C89EA2980A3AEF0A492F68D6CE5580375398EC0"
"apps/desktop-client/src-tauri/src/durable_store/paths.rs","E92245CB09B5CAA6DB7386E52F5EF34AAD5E44101B5FEF27EE6B02C4A729FC04"
"apps/desktop-client/src-tauri/src/durable_store/queue.rs","91AEEB7CB6E0C9C14285B14EABF49B5A4B7A7081EF3F310AFE6236D6CD37E725"
"apps/desktop-client/src-tauri/src/durable_store/schema.rs","B6926CB0379DD289E57183545E8C410A9C72570DF7BA3DBD23A9F7305BE4204B"
"apps/desktop-client/src-tauri/src/durable_store/spool.rs","19F3EF1D2ECC96997D3BFCC2A685713118E4E7AA14218BC5F0B74FB7B95AD614"
"apps/desktop-client/src-tauri/src/durable_store/types.rs","A18353B9D435C5F7C8EEAA435BF00ECC79EE17AFBE5B4C964B32C95E96071239"
"apps/desktop-client/src-tauri/src/lib.rs","A5D165E4F3F87C38A5AC9AFE0CC8884688A38500A7A488DF7150BE2570ADA9E9"
"apps/desktop-client/src-tauri/src/main.rs","3807C387FF006D19BD85E1600C53456F4F88F7F7EF9FFF99DCBFCE23BCD7AB2C"
"apps/desktop-client/src-tauri/src/scanner.rs","B42E3D70CCEDBB81809E4C50B0E2DF38FD8E5F1C82357AE61B5FD8C02CA9BDE1"
"apps/desktop-client/src-tauri/tauri.conf.json","349FD7274B85EB5884FD06DAA8AD57B5272DEFCE35AF0F65FDDE07D7941891CA"
"apps/desktop-client/src/api/auth.ts","422355722740844E607DA9BA3478CA271AD8C5912A89C70463C107C5C3A32336"
"apps/desktop-client/src/api/captureUploads.test.ts","DD0F262FCDC1E4BF926317D0EB81953F464F7CA44870104FCAFDF1C42E3C6AB3"
"apps/desktop-client/src/api/captureUploads.ts","CECB0CC47666DB8B6A1FEA5B470E0562B7EEFCBFA579E53FEE069C1859C86741"
"apps/desktop-client/src/api/client.test.ts","D78444545B46327A3D76622991855F9ED345D1FC0AB503778A4777DA315F5AD4"
"apps/desktop-client/src/api/client.ts","0D746B16C3A52C67F5B81DD9ACCEBD1997DAEB76369E5DEC8F1F5F395A0923EC"
"apps/desktop-client/src/api/exams.ts","2AE3D6205C6EA785D705E1E6FD44AD349D189F67F1CE6D8FB2A7C88195A71207"
"apps/desktop-client/src/api/files.ts","6E57CB27D0AB5502DC5A8202D5B3ACB34BC91CF5DAFAA790431B2419BEDE4BC3"
"apps/desktop-client/src/api/papers.ts","7B672E061EFDFCF9FD2F288F77F27C6CF2AE676ED4B2D2FA493C22B01C040B41"
"apps/desktop-client/src/api/review.test.ts","A5E6CE8652D02EEEDBEC3ABC50B77B90F450ED9A32817AD9CBC2C6E8DA2B4993"
"apps/desktop-client/src/api/review.ts","1123FED5B1C6DE5FDB75311D20FB7800F3D2474753EF0A923723920234252132"
"apps/desktop-client/src/api/submissions.ts","6A313E20D54FC8AB444A0D14066E181FEA39D7CB650B7B14A982BCC8310D7C22"
"apps/desktop-client/src/api/userError.test.ts","2A6ACE4C129252218E4F5184DE6B00E78675CF4EF55E317FF0AE761AB91A0272"
"apps/desktop-client/src/api/userError.ts","C708CC5791412525B488D27E2D5D338AED6E8576BAED496D06A629CFFE1E6738"
"apps/desktop-client/src/App.tsx","11C9C67FDFD055F35AABE5C4D450D2C6D179FBCC8A750998A22DBC257CF87825"
"apps/desktop-client/src/components/DesktopStatusViews.tsx","7F855972C9E137745C54FA4AC2C8519F3335A7FAC043BD9E874472C0C1B9D1E0"
"apps/desktop-client/src/components/OfflineWorkbench.tsx","E7A1BB6AE0301486215F93DB719FDA01802F0A509DDB0A092D8FC89065EB6898"
"apps/desktop-client/src/experience.css","0AA93DFD30B41523168F10E513DC2466819D05BE4E389295D2E804522F26F017"
"apps/desktop-client/src/features/capture/useExamCaptureContext.test.tsx","2C464F90D8ADB2BD273F3EDBBDEFC73025D5C21BFA0FBDAFA57EE13B950BC2EA"
"apps/desktop-client/src/features/capture/useExamCaptureContext.ts","A6244A5A585869463C3E512747BE5DCDB76B6E4730C45D010B5BF736685EB007"
"apps/desktop-client/src/features/quality/useSubmissionQuality.test.tsx","D8BA717A9AEEA2FB19FF0C36DFE3B3B0127428F19419B3F36AC085B44E752CAE"
"apps/desktop-client/src/features/quality/useSubmissionQuality.ts","CA37D9DE543A48166FC4ED451A569474614CC14DD16976FBF5DD7A39FAA32779"
"apps/desktop-client/src/features/runtime/useLocalLogs.ts","B333A1C8B931CD8D71BC7121535AD08E7D56D11F43A6FEF7BD729C5883EA31B3"
"apps/desktop-client/src/features/runtime/useRuntimeDiagnostics.ts","4EC6C8F0319A5409AADD46FA5BCDE40FE86BD63D7703AA6EAA642C767C299BE5"
"apps/desktop-client/src/features/scan-queue/useScanQueue.test.tsx","BB0823BD2822194F314073A5C2599E4F0491202084212AF0A8C2758789D0AB01"
"apps/desktop-client/src/features/scan-queue/useScanQueue.ts","FC388B0D062690BF0DBBA0439A28D7CBB241AD1A67306B802AD9D6769C89B8CC"
"apps/desktop-client/src/features/scan/ScanWorkspace.tsx","A43EFB0A7E17BF0E3BDFBF3231787E7C657D26AED3A27693F74F75B3451C3E1B"
"apps/desktop-client/src/features/scanner/scannerDraft.test.ts","BE380639162BA8060C9781FBEB8FB1136599513AD6AD2D222B282594591CD788"
"apps/desktop-client/src/features/scanner/scannerDraft.ts","DD9A891CF54D3AAC773FDB41F523AFF74F3E869D47CFBE3B32FD4EC10704774B"
"apps/desktop-client/src/features/scanner/useScannerController.test.tsx","DB9F184057C9ED4E1501ADDBBEE55F5765FF62BD80AE1755A3F2888FD7D32F1D"
"apps/desktop-client/src/features/scanner/useScannerController.ts","1AC20AD41089806FEFD25AFB1129A061A7459AE3D70B767C59C2B660EBCA805A"
"apps/desktop-client/src/features/session/useDesktopSession.ts","A9C792BE1B5977E7ED59CCA5311A51AA99F7A306ABFFD159573944F0763D54D5"
"apps/desktop-client/src/features/tasks/useReviewTasks.ts","ED773AEB637421AECAA8319DD07D05BAA6D8B4413D8FDDF52AA412BC15B339E8"
"apps/desktop-client/src/features/upload/uploadState.test.ts","F730DB107A433A7EBFB2B47A8544313F3D620A5BA1D2C2C4094186237ED6A5BD"
"apps/desktop-client/src/features/upload/uploadState.ts","00CDA2D1908B215CEA90DE9DF475DC6D6A8B8D7DF893228FF5A0D94FB9CA6AEE"
"apps/desktop-client/src/features/upload/useUploadSync.test.tsx","F6E390AD9E0882B9C902214B1AE513E224E2904B48B0B8B3B9FEC347C2032057"
"apps/desktop-client/src/features/upload/useUploadSync.ts","9038AD14B47DDAADE84E62FD807356885ABC067D16ED2FC7DC4AB50E829E8B98"
"apps/desktop-client/src/lib/durableStore.test.ts","823BCA6E7F3ADD556BC177F4A029EE6FA52E54E3FE51B8E0AFB16274287B552E"
"apps/desktop-client/src/lib/durableStore.ts","019E94E8F9E70DDE81D23AB19CFED1DB901177CEAF29356706ED2DEA5F4818C6"
"apps/desktop-client/src/lib/incrementalSha256.ts","A4C14D2260BED30B821B2A8FF6B0ACF6E550288E16CE1B91E4F104A898F84A1C"
"apps/desktop-client/src/lib/localRuntime.test.ts","4926D7E25E6429FE083D61B720D9302EFB3DE76D90C3F16C174A49292F0F82AE"
"apps/desktop-client/src/lib/localRuntime.ts","447F8B753BF6D567A802B4D21EB3D4FD47EF9F4D1F52954C9BA010ABC2309A1A"
"apps/desktop-client/src/lib/offlineStore.ts","0785B5BE3E867FA6010AABCADF9DB3CAB42F9D033D5129B07312DC24A62A8EB2"
"apps/desktop-client/src/lib/scanFiles.ts","2E83B2ED3B5C3B1292EF5A2C890D33392276215F2E799E4D4AD956484CE11E51"
"apps/desktop-client/src/lib/scannerProfile.ts","13B1E3341030F31753D18D4488883D783E6D9528EE765AA0CA37CC39FE9D1CA8"
"apps/desktop-client/src/lib/scanQueueWorkflow.test.ts","455ED5DEE1AFCA305321369501F159143D44C03E1380B3469DA641A5916F30DF"
"apps/desktop-client/src/lib/scanQueueWorkflow.ts","DD7813DBE489A8ECF4D0B30B91F906D58D226A314447793AFA74DA0FECD4661F"
"apps/desktop-client/src/main.tsx","82E15B56880D83DD7BFBAA7CCDD4023D6D2553CF617D43AAFC36279F890BA57B"
"apps/desktop-client/src/statusLabels.test.ts","D018004F1277AED322C2850C07343D02DE6CA50FE04B1168F329D11591819DDF"
"apps/desktop-client/src/statusLabels.ts","4F7D7E7433B48C6A2751BDBFD5D38D2AC0304E515B2F21CA48167E3326E16388"
"apps/desktop-client/src/styles.css","07EB7FC646704F239FF080C270E1DB81F89241E5B4F6CAA311D81A5D3C89FB78"
"apps/desktop-client/src/types.ts","C67B8E7E5256F97122E7B3A686303E5522DCB5B4BB22FFE774F73F9B536E7CD6"
"apps/desktop-client/src/vite-env.d.ts","F3AF22A68846CF89EDF0DA9290E2D5E656385983C76A45E06BC24FDD2E71FB85"
"apps/desktop-client/tsconfig.json","D1BDA7EE88B6A269CDD27994E7C8700C98E42EA038FC7ABC7ED4689A97BAC31B"
"apps/desktop-client/vite.config.ts","EFDDD28E08EBB196861315F86E2BDCE16AEBE021F950F04E77DC83A8634D5640"
"apps/student-portal/index.html","5F8B61FCAD2882C5F66504905EF58B1E6128A7A76D5DB0E72E9130C64C0717E4"
"apps/student-portal/package.json","EBC2FFE2E66CCB2E933EBA00072D8B57A2601CAB74534CBADB5B9D1B26E371C9"
"apps/student-portal/README.md","2B34918E28BB1FA4FA13E46446BED53B49811BA5488BE878BACDFB81F0FFF6E1"
"apps/student-portal/src/api.ts","5E095D541963836270B3616AD8968CC1C7386D070E1F98C38CC4B750915831C1"
"apps/student-portal/src/App.test.tsx","B57B5D1DA044CA706A34446EF78B47C7706C0C62C7144A8BE3ACDCDF26FEBB4C"
"apps/student-portal/src/App.tsx","BACBAF0CF0EFBA35D9E9BFD9CEA0CB93B90D2B8EFDE3B578CD625234270EC856"
"apps/student-portal/src/experience.css","366BF900DCAB22CD34B5D81FF4EE0041D900EFD2F3F752230B7E8DB3EDB55E35"
"apps/student-portal/src/features/questions/AnswerReview.tsx","B634E0F52C93E000191B80EFFF092AFFDF720FAF9C3FDDA9D8FF77909FC62CE6"
"apps/student-portal/src/features/results/ResultOverview.tsx","26595015B7DE9EEE35F86AEC5C0FBB1FC397CBFF6DF0DD659739A481B554E7BA"
"apps/student-portal/src/features/results/SubjectPerformance.tsx","D6FC4659EEB74E5EAFC4A2BE63221E8730203F66C5CF089B7C78A993C20CFEAD"
"apps/student-portal/src/main.tsx","7A868E85383E21C3DCAA01AED16FC89074E0047E8AFA628CEBBAFC461C700259"
"apps/student-portal/src/styles.css","6EC169603C5B497236B229BE9A47491E8E525F888C434BF5369B6D040056F4E3"
"apps/student-portal/src/test/setup.ts","EAE389E73233D11320B24693EACF5D09C578E7F6B64CA8701DA29C00BA886ACD"
"apps/student-portal/src/vite-env.d.ts","65996936FBB042915F7B74A200FCDDE7E410F32A669B1AB9597CFAA4B0FADDB5"
"apps/student-portal/tsconfig.json","9E3B90437E335EFA4EF68A4884A8B2FAE30334FB01C72F6BE1CDA836CC5F0D49"
"apps/student-portal/vite.config.ts","71C1544076005F3D111AE87755CE94E1EBA26988362F7FCF5881829F52A52F76"
"apps/student-portal/vitest.config.ts","6A203F10DAF565A1CFA3DD0EEE9D88E3518AD6A6070A7C97CDD1D00567AC85FD"
"apps/teacher-portal/README.md","F93A7588E1377B5A4A22297D8DE4E5591BA8E411F0F97A4F2269E524E9372BD2"
"apps/web-admin/Dockerfile","8D8CC2E7C33C9E9A7D6F5135A5F60F06C1EAB68CAAB4B3B8BDA5A6D2CE1DA9B4"
"apps/web-admin/index.html","5D6B279B455AF4FC8FDD3DE15E44101C54CEF8F6D89C4BEAD2BA5DD06E567BD1"
"apps/web-admin/nginx.conf","645EA2C94C867566E804FD8451AC2ADB1F17E6D35D073820D3D3EC6B85D24A59"
"apps/web-admin/package.json","CF2F55607A0C22D18297B9B17D8AAA16207A47CF4605737BF1CFF6ECAC2D8A6F"
"apps/web-admin/public/favicon.svg","3BC4344C5C2E0AA028BD4791E1AFF503138E2D34DEADDA3A9537A65D1F98DBC2"
"apps/web-admin/README.md","5002033EB7D3AE4C9CA98C2A78A9F1818EA767120F78BCAD1588810C2B4438D4"
"apps/web-admin/scripts/check-production-routes.mjs","10B1F5993B4C401315BFC5C1D7E940CD28C9E1DDC4EF96CA888392A0CD7761D8"
"apps/web-admin/src/api/answerGroups.ts","C60E2AE2C357373E77B670BD00F15FA3FE9F443AA0326A052A32DB18CAE221CF"
"apps/web-admin/src/api/appeals.ts","A4BEA29A35730AA70C817B1BE982C475853D9762EF99566720E30A1054660BAF"
"apps/web-admin/src/api/assessment.ts","7C4E3646A247D2899FD2BE4105DFE04E5F94D40843B688C25D71E6318875C41B"
"apps/web-admin/src/api/audit.ts","0DFED64066F59C8EFA09509163CA5326BA7CDEE374EB5198AD772426E9195480"
"apps/web-admin/src/api/auth.ts","26C7B5F6707B6256ED5A1EF23978592FFB4803483B62476AC0191F0BB68364A3"
"apps/web-admin/src/api/authWechat.test.ts","32D24AEA9672E884A96420ED7365106823D8EEF7F193C0DCF9FC407402BF44A0"
"apps/web-admin/src/api/backmark.test.ts","A9B2BF87C2BA3FB8355E813ACD8126AA3598287F52918AD666E740208A946B50"
"apps/web-admin/src/api/backmark.ts","DD13E65F4B5EDA660A77BA46B544537880A8E779A5B9185B594E9887E6CF8136"
"apps/web-admin/src/api/businessCommand.test.ts","4210C63B9F7EE13ECF31C3A3AEA539511E67DD10B978A69D34FB9BA0B1E35AA7"
"apps/web-admin/src/api/businessCommand.ts","CA26250B1B79C258F4DE673E71518F27DFFC7B771D93FBC4F6935EDB4951FACB"
"apps/web-admin/src/api/calibration.ts","BFBF17A5FF4505E9B01D03F7AFC064DD9B02425BDEB99A77246580D078E4AA2F"
"apps/web-admin/src/api/capture.ts","25F9B22DD1528BB4AB87C0E5BCC054F846FAC2B8B4CB7DAB4ED28A797EC36539"
"apps/web-admin/src/api/client.test.ts","EA441ADF379C35F7F397CA58370A30F81721F92D26D21949036D7D5E087546FB"
"apps/web-admin/src/api/client.ts","2C25DA822A6017E5BFFC2849DD25503FF4806479059EB2822E48BE2839E1D43A"
"apps/web-admin/src/api/configuration.ts","7BD3A66951080581862663FA2CC12DBB14BBC225C5AD866CFAD96E81C30CA5D1"
"apps/web-admin/src/api/contractSamples.test.ts","1DBCFACD2F64B295D9C8AE3A1BD27B081C8FA19C6B6D10ECD6B456533CE2BB9E"
"apps/web-admin/src/api/dashboard.ts","51C6987F220A0F7854365DA3A3B6DD87DCCB26BC89186E4EEB448305DC227B5F"
"apps/web-admin/src/api/exams.test.ts","085559DD2FFA872D765E40D5717397B86BDE0DD5DA3DFB8C7235FB1EE393E5DD"
"apps/web-admin/src/api/exams.ts","0305B1FA48CB564881BD029E170B18D2A8C72D462390D0CD0247F22F529861BA"
"apps/web-admin/src/api/examTemplates.ts","A1CA8C363ACCAAFFCFC1C24F0427B2CC079CDC09B305A8A6F1C17C3B2FFEE69F"
"apps/web-admin/src/api/files.ts","DEAF6AADDD54566CA419C2D72E6561B538C5406825E7EBB5A129AC45DECBCAFA"
"apps/web-admin/src/api/goldPapers.ts","AAD253844B7B276638A9693200231FF4986A7224748D4334E2102951627F8E65"
"apps/web-admin/src/api/graderDrift.ts","9F7B3826FE9BF88319DBA0A1B6E6C323D024FA71B31DACD57FA6ED3697A0777F"
"apps/web-admin/src/api/mathUnderstanding.ts","516D053207BF84B4782C6D54EDF8060D642E18074413E6DD19C23E7372E30045"
"apps/web-admin/src/api/mfa.test.ts","7311E6B237156A52FFF9E621C90F9818B961AA0D5C656900528E487531E07BB7"
"apps/web-admin/src/api/mfa.ts","47EDACFCFA4060E4665B23635B729B235A5F7761C4C084933006C5080547EFB0"
"apps/web-admin/src/api/modelApiConfig.test.ts","26B1E812D414446EBB8C0B68B5A0580914DE25F044D319E13FFD8EE8C58BA039"
"apps/web-admin/src/api/modelApiConfig.ts","A86D8DABB1038CE0F7362F67A2FF3D8DEB862E688A1F31D2B76BA288DF0DBF2E"
"apps/web-admin/src/api/modelGovernance.ts","0A63B9F23A765FC3F14FD86EB59DB02394F79BF7D190DDF65BA93E1B10901FCD"
"apps/web-admin/src/api/onboarding.ts","DBB5777FD25F5B62253B87EDAC4F72E2A9A21C7272D2FEA758100A5B46CB07B7"
"apps/web-admin/src/api/org.ts","EF034C278349AF695BDB0E34A8A43172E1C01FC8EBEBCDBEAF5CADFCF99FFA95"
"apps/web-admin/src/api/papers.ts","97EB6EABBD5BE3A9187F0256E22E06E52741F381E4F7CD8A28BBBD905CF76B06"
"apps/web-admin/src/api/platformSchools.ts","FEE0C84A6F30F6A8CF475E1C7D75FB4A40031A5280CB99C9935E58530F71E649"
"apps/web-admin/src/api/printing.ts","1EFE804B1C55ACD50C26E519540A7F75B7DDD499BC9BE4035BC64DE53AB61BC5"
"apps/web-admin/src/api/processing.ts","6FCB94D7D9523A8EE2CF8C0BE44AF35A86FCB087EA54FB864D50869D4DAAFC29"
"apps/web-admin/src/api/qualityDashboard.ts","E8360CD2165B40C446871D4C880A5193B4C711893CD8B4D0CA983382C691F361"
"apps/web-admin/src/api/qualityOperations.ts","B6B3A82131E7BC75347D9D8123F28BFB2BF86B30EBEAA96D49FBDDBDE406BB09"
"apps/web-admin/src/api/query.test.ts","A72CDB303CBA86C78BD3450C0E80198F8DCB8ABAA50F20BF505D2207F95C5B16"
"apps/web-admin/src/api/query.ts","DCB3B458BB821878C3BF253FD82109EC316A4B9B21C333902CC97A30B5927A4A"
"apps/web-admin/src/api/questionAppeals.ts","A56F3BD2B2161CB546009863560943D213D5CDDE271A7DFF05DF0B39D10927C7"
"apps/web-admin/src/api/questionBank.ts","72593817EECB44E370303E6DBF4A5A5499E16327DDB4C53001C392975F59A19C"
"apps/web-admin/src/api/regrade.ts","A25125713FC6A5D31508262E84D83B11C41F65519BFAF7D6D302090EB68AC51D"
"apps/web-admin/src/api/reports.ts","B26E2A609C74412191BEFF8617D2B2E94F44CBB6C5ECC7CE161BA4B978BB0FE4"
"apps/web-admin/src/api/review.ts","DEFB7AC75B27001139D2C15A501CFE82B91DFA0A0B1428F504D70926DEDEB889"
"apps/web-admin/src/api/reviewAnnotations.ts","7FFC583FFA68E0D4D7B8938AE14F0F8FF0843C838F8C13EF747FC74EF5D82597"
"apps/web-admin/src/api/schoolAiChat.ts","D4DEA801AC2775DE657386841939536742B9B92E660C085C0BEEF7132390A9F0"
"apps/web-admin/src/api/scoreReleases.ts","88459FF590FA376CE850E8927D3E94F28F603A6976E8C4C0EE5447711437D077"
"apps/web-admin/src/api/scores.ts","129168B759ACC744A89582226152853808EEF5BF3A5E2BECC194262D17ABE68C"
"apps/web-admin/src/api/scoringAssurance.ts","BB3F8BF6899616B30072C53C7270C46C4830DC525FEBC8B8BF9CC25989C04002"
"apps/web-admin/src/api/subjectiveGrading.ts","05074C045E1CABFB751F5A4222C5B52E63C20C40DCD83227E7ABD92A685E95C7"
"apps/web-admin/src/api/submissions.ts","CA9766BC8BB470E77CFAB0B67E013DAE93A232478E140E48460B6FA8AC93F2A4"
"apps/web-admin/src/api/system.ts","74D3C0E037227BF37AFE8FD348828273E3ADE1656E41BFA07387E5D8BBE01FB6"
"apps/web-admin/src/api/userError.test.ts","0E581B81C0287BE6CA868BAEB31E5F5E0BB8D5320B07272393924F0B58BFDA06"
"apps/web-admin/src/api/userError.ts","EB85A110694D6A320DEE1E35205B265054FEE4DC9B80F351146EBC44F49C13C7"
"apps/web-admin/src/api/users.test.ts","A1854BE848EBD045B0EA1BB9BF0AB9E5DF1474CCF74785BE88D2DAD4BDA528D9"
"apps/web-admin/src/api/users.ts","64899697D8606D6BF676D29F7FFA2CACBA5F39FF2FFC18F179CA39C4E27B4D5F"
"apps/web-admin/src/api/workspace.ts","524D68680339828605B8148E37900939A802EDB49AC1042EE855E8D2B672ACA9"
"apps/web-admin/src/App.tsx","0E94530B4514CB08FA0221D957A7FC98351161EC4C57B6FD9781E7924164013F"
"apps/web-admin/src/AppShell.tsx","9C52CD9868C3BE6176F6BDCCFEB8FAA3A324117B2BF524D5D526C199B7F318E9"
"apps/web-admin/src/auth/capabilities.test.ts","58DD3D34A2B9E65AD11C6834861E95CE69F569DB05BD0A57145E2D103E142CB7"
"apps/web-admin/src/auth/capabilities.ts","0E4CD8FF1EA8A4FD1E6EA6A0071569169500A5608B8EAE9AD394D13955406DF2"
"apps/web-admin/src/auth/loginSecurity.test.ts","ED767D8F4960C01EECEC4FD9B33D63D2C071C3359D6217B39EA323159C9D9309"
"apps/web-admin/src/auth/loginSecurity.ts","6A4B0EBEB0F6295980958EA6A9304E92D8DB8BAB3A700ED4B6F823F18961180B"
"apps/web-admin/src/auth/mfaFlow.test.ts","A94E74CDC432B3FD4E3F318AB0A719CF612B0A23374DB3F78634D1C4843A05A3"
"apps/web-admin/src/auth/mfaFlow.ts","89EACCDF8502C4F430CCB2E525C0E07CC77B34E8F2845A1F55ED58CD3C18A196"
"apps/web-admin/src/auth/reviewDraftFallback.ts","1FC325B04EE0E93281C2245B33166F11E730230A97EEE45A1CF9E251694EC700"
"apps/web-admin/src/auth/session.test.ts","F7C1571746DAF266835A6E148A3AE5F3E335317E25BE50590F446B5F94D66B7C"
"apps/web-admin/src/auth/session.ts","E30D34AF81284E6CB3537631188F7BA8124D5C0200B3A9925AF34877510F39BC"
"apps/web-admin/src/auth/stepUpContext.test.tsx","807302838F957EE81DEEED794E59AE7D19CDD2E014A456B20E4E3E5A2E97303D"
"apps/web-admin/src/auth/stepUpContext.tsx","51C23706A267F1997474D95FC87344E0D81A8561D44FD494D54646BD46E871FE"
"apps/web-admin/src/components/AppLayout.tsx","B453352F6217E6EB44CE1B9F49C601C3EC3A07EA7635459CE292D3E8B7DD2BEE"
"apps/web-admin/src/components/BackmarkQueue.tsx","7E1BED3B78AC83B73AA328D5E584033137AC50EEFF5C428A5E3658843BAB0B65"
"apps/web-admin/src/components/ErrorBoundary.tsx","B21CFA3412EDDE0913D6B3503E5A51EC2E4C62032D8682EDE2D85F30322D46A4"
"apps/web-admin/src/components/features/assessment/assessmentPolicy.test.ts","1C1420D2A12934E52CB38F4687BF6457A482843AA73FB2DFC7C3E8B3BC3CBC57"
"apps/web-admin/src/components/features/assessment/assessmentPolicy.ts","144925B8332DA48E9C627194E38E3EFFC6934C2430E7477104C54BC89BAE2B1C"
"apps/web-admin/src/components/features/assessment/AssessmentProfileEditor.tsx","5C7B70B24E792A5E374B22D9CC13B5B98FC790AF8F9C2282C8702BDA816D07C2"
"apps/web-admin/src/components/features/review-annotation/CommentTemplateManager.tsx","36BFA55A91ADD29915A37D3DBDB5133DAB750791E66C2F6DC6CC7E7B5593C499"
"apps/web-admin/src/components/features/review-annotation/geometry.test.ts","22EEF9C098995CA8F5EA2E3A01D99365399F60F07B509C95E568F9A26F3E690C"
"apps/web-admin/src/components/features/review-annotation/geometry.ts","A7AA859DA880705801CA003795704AD3711C462FE3F686142E428D496403BD49"
"apps/web-admin/src/components/features/review-annotation/index.ts","95BA1FCE1ADC52830E906645138C7122BAA9DE856BE5A496931D521300C645FC"
"apps/web-admin/src/components/features/review-annotation/reviewAnnotations.css","634C1941AB703895FF27AD92C715635C1FA03FD5E1C393AF2289494E98CDD34F"
"apps/web-admin/src/components/features/review-annotation/ReviewAnnotationWorkspace.tsx","09BA4543F7236C6BBB75FF376EF5EAC3DB50810EFA1371AF7DBC6E4DF5584BF5"
"apps/web-admin/src/components/features/review-annotation/StudentAnnotationOverlay.tsx","2BD16275486925267DBAB12261990483223AF8344F0EB38B6C793B68C9CDD213"
"apps/web-admin/src/components/features/review-annotation/templateShortcuts.test.ts","AC1AB513FE0B1C1BAC9AB21161536315C0593EF4F1934C7EC562AAFA55950D02"
"apps/web-admin/src/components/features/review-annotation/templateShortcuts.ts","B3F06994434DDE388166C42A2B7A3C499B6302D01B006B32D3E932E8DFB30A65"
"apps/web-admin/src/components/features/review-annotation/useReviewAnnotations.ts","20895120F413B47E6446B1BFEDBB30637C2A17F34DBB0F9E5FF88F2FD1DAA840"
"apps/web-admin/src/components/MathMarkdown.test.ts","E70A1B009C386361D108E0949F41CD46085AFB14019229ED6BB65D4E4E5B07B3"
"apps/web-admin/src/components/MathMarkdown.tsx","731CBA25CFF40CB8393164FECB3F459606701EC9388C1AFEC06D57751C256D45"
"apps/web-admin/src/components/MockBadge.tsx","2962332DBECCD8A475EB354A0009E9C2736765F28BF99568F97DD2727BDD3ABB"
"apps/web-admin/src/components/model-governance/ManagedGovernanceWorkspace.tsx","0AB63E6E6D4F116319FE10485783D798FEC5ECC0A9C42F98CE8BB71CAE811AE1"
"apps/web-admin/src/components/model-governance/ModelApprovalWorkspace.tsx","A4578402075CBFEA6FA7C1251D1983C974A79D6852E25AF69BD98A78EC1EEB04"
"apps/web-admin/src/components/model-governance/ModelEvaluationWorkspace.tsx","45A30DDA0FAE83014D3350B35ADA8E5E0BB5925C1B67FE42C7D97C23BC92DED3"
"apps/web-admin/src/components/model-governance/PromptVersionWorkspace.tsx","AB183FAF01E1D60725F17A723E7734DC19C1C06BEC0DA5A48B2E110F1A77AE41"
"apps/web-admin/src/components/model-governance/ScoringAssuranceWorkspace.tsx","EB8DD45FE93ED94EA0D35FA7EB187777FE3545795B1D370D6D0774E823F164DC"
"apps/web-admin/src/components/OcrWorkerAlert.tsx","C5A94AAE80A96C8266B3C345C79BEAE6ABF1C712D7222846EA7897D804FD657B"
"apps/web-admin/src/components/PageState.tsx","8EA20F86A8B186FC9A158C2A9D39DF69FF923A05DA64F80DEA336C0567CF364C"
"apps/web-admin/src/components/PendingBusinessCommands.tsx","B7C30F7EDC729DBAF66A27B7B9D3893F052BE9B602B454F74A0EE345F14B48A0"
"apps/web-admin/src/components/ProcessingOperationsPanel.tsx","554CC88FAFE558FAA1DC1BC01F2E9741E22ADA78F0D2664380E09C7CAEACC7A5"
"apps/web-admin/src/components/QuestionAppealWorkspace.tsx","1EF75880BE39F13084B2F14C650BABD8B9E25C85465559A3351CBBBEC3094C92"
"apps/web-admin/src/components/RegistrationCorrectionWorkspace.tsx","44A2D997FD1335A2F586581D7D5D9F838838D9723FED5BF598B82281DE9588EF"
"apps/web-admin/src/components/RegradeQueue.tsx","7342319886BB15E981CCF7DED65B95720D3F207B2996423D2A84F62FF7D8EBDE"
"apps/web-admin/src/components/ResponsiveTable.tsx","48E41E8892756E58908D8EFFBD4A48F9E368BB855D115206114DAB50CED83C0A"
"apps/web-admin/src/components/ScoringPaperMonitor.tsx","B2F0AC8055FF68C55F85D8E24436A0076B1EE91815756E8C9EBB115F6CDAFF66"
"apps/web-admin/src/components/StatusTag.tsx","3C4E7308B4DB3AC599BD79149C40413D16E5D75DD89780420152BA383ECE15FB"
"apps/web-admin/src/components/TOTPManagement.tsx","6F88FCD1906E01E7550F84ED9EE6FBA3CA955DADBD41E5D4BE5FC8145C8FABAD"
"apps/web-admin/src/constants/examCatalog.ts","B1DE268C62847DD4639AC4F993D3090C59EF77C5ED77F7C425C239EC60E3EC05"
"apps/web-admin/src/constants/examStatus.ts","17112B9F57BBCDBB5EB6692A0924E3FE5C3A0340BCD09910C6091DC0ED913426"
"apps/web-admin/src/experience.css","105E3E8674051D96FEA79F31FA4D6359067C1DC02207EEEFCED42C04D8561937"
"apps/web-admin/src/features/answer-groups/AnswerGroupingDrawer.tsx","AD09C0253C69F9BFD172E4656B7EB97AB26F9E4C3D14A0FDF13008AA0C0A5736"
"apps/web-admin/src/features/answer-groups/answerGroupingPresentation.test.ts","98A7DFED439293D549EDD17033F8B2F257DDA657F58846794FD498AAD92E1BA5"
"apps/web-admin/src/features/answer-groups/answerGroupingPresentation.ts","48A194E01B0CB1E55A0A254963F6B2110E3DA3BF9F242CCA1B8801049BF11908"
"apps/web-admin/src/features/answer-groups/index.ts","9A1E4346D297AA90F717303F1319E86AFF10A7ABA9282827801A288AA277B0C4"
"apps/web-admin/src/features/answer-sheet-template/binding/useTemplateBinding.ts","FC886C7421E7E4B13F5A2C46A03D2B27EFA184769BAE11C94CC90F722931D5EB"
"apps/web-admin/src/features/answer-sheet-template/calibration/useOMRCalibration.ts","B9D2832C6F782C0D24CAF4CA29CB4F7C6F194F3D411C198AA0C985ABEF05AFE3"
"apps/web-admin/src/features/answer-sheet-template/editor/saveTemplateDraft.test.ts","C2004F782F3C58B81E0DFBE0EB65E8291BA2EEE54915D0B3B749C1A19BEF169E"
"apps/web-admin/src/features/answer-sheet-template/editor/saveTemplateDraft.ts","E5844BB03288E0B8FE043D95CF7E68E661FFA659CC8C2FAA2F6E00EFACEDBDC8"
"apps/web-admin/src/features/answer-sheet-template/editor/templateLayoutReducer.test.ts","71A328BAFCE6FD27D607E976ED4A9A76FEE0DC9D91C318975F8AED45EB06A4AF"
"apps/web-admin/src/features/answer-sheet-template/editor/templateLayoutReducer.ts","3787F8E0629B599B4A951294E37E45291280F089803F3D3355C1C98D6BD636F8"
"apps/web-admin/src/features/answer-sheet-template/editor/useRegionEditor.ts","F742D5A9E59F144AC2B6539E3CE3FD6D3C3807DAEB797ED04E9A42E21BB21D09"
"apps/web-admin/src/features/answer-sheet-template/editor/useRegionSuggestion.ts","3BF2A7DE661D2A00EE8F441A415AB6FCBCCF2943AB2599514C6DF256B1B5FA14"
"apps/web-admin/src/features/answer-sheet-template/editor/useTemplateEditor.ts","91C920379A94BEE7E011E30D65D40C777E13925012B5751375DA88C25BFAF276"
"apps/web-admin/src/features/answer-sheet-template/editor/useTemplateLifecycle.test.tsx","026C0CAB319ED7BEC9AC8076E35EF28940EA97CE5D37681F207CF61A12080D36"
"apps/web-admin/src/features/answer-sheet-template/editor/useTemplateLifecycle.ts","FB969E8647B70FFB013F50D539D9563B4C7815F43E1D3F8CECDD794728170F48"
"apps/web-admin/src/features/answer-sheet-template/editor/useTemplatePreview.ts","43DA7C558CA0205D5E77DB36682DB2C2C7705EEDDF99E933AB940F135C978792"
"apps/web-admin/src/features/answer-sheet-template/printing/useStudentPrinting.ts","51F3E37493BDC162438CACD2673E6D0633771162ED2D26FC0435D628C6752F15"
"apps/web-admin/src/features/calibration/CalibrationDrawer.tsx","4107E85DBEAE65F9D42AFCC8DFBF1307FB3C742E8DE215534B86550D9FE83192"
"apps/web-admin/src/features/calibration/calibrationPresentation.ts","4BE7B1880F74BDF78A7EEDB92735BFC2607A531956185265BD030D0054806387"
"apps/web-admin/src/features/calibration/index.ts","D2D76DBC63668AB1B68F3E819145FE7D2E78FE4DCF5E659F521CE0AF65865723"
"apps/web-admin/src/features/capture/batchCreateCommand.test.ts","7B45D27DC73B201D19E8C55EE905E5ACEB4F89950E10D4AF56A2DCC8BF719FC0"
"apps/web-admin/src/features/capture/batchCreateCommand.ts","4AA8EF1FA00F02F65F95FDE79A34AA345660A428DDE96EBF8F6B0B5AEA880C65"
"apps/web-admin/src/features/capture/captureBatchSummary.ts","6F7A77061E1DA1C21D22C23487F8B7AE5DBFB01627836081B78F061FF278FB58"
"apps/web-admin/src/features/capture/captureColumns.tsx","CC83E763A0DBCC7369EF24CB4B973DEF70F38C32C9158609A4446E02F676D5F5"
"apps/web-admin/src/features/capture/capturePresentation.ts","28C46B1CB52C60116EB23E5645A1C1EB58A3D2DDEDFE3872315CFC1960F62161"
"apps/web-admin/src/features/capture/captureQueries.test.ts","FE8FB19D192C428BE0397A120E933F9DCE5794780696696DD6B94486F3D116EF"
"apps/web-admin/src/features/capture/captureQueries.ts","627CADF0E487F8788385D3B490B943B8CCDCF090031499202378906815E1793C"
"apps/web-admin/src/features/capture/captureWorkflow.test.ts","27174BFB039A7F9FF52B0FC72D0959169CB78DD2EEC9F1D3056D21D1837F62A0"
"apps/web-admin/src/features/capture/captureWorkflow.ts","2A052131332A307B7EC92F60F5D21CB5C729BA04B749D9EF7D7C037240EDD035"
"apps/web-admin/src/features/capture/imageQualityModel.test.ts","1FE2931012B70339DCB26579268C4B265BE0504B66DC715F30CA74A400464EA8"
"apps/web-admin/src/features/capture/imageQualityModel.ts","816404D8DB626AC3F8DBD5C44A5DA02A6A166A862B5624605B4CD1631A97E8D2"
"apps/web-admin/src/features/capture/ImageQualityWorkspace.tsx","8571B6D120A4DD3CA04DB457DACA4646727D870200D73599B0AACF3C5035E5E4"
"apps/web-admin/src/features/capture/MatchingWorkspace.tsx","E3B7042B9437DEFFB8777E26ECC85172BB7C7D0FF8E55C370113314992FA0396"
"apps/web-admin/src/features/capture/SubmissionCaptureSummary.tsx","42B1CF9FE41873622BB0D6134E72B2E3B6690D771A6B76616932B19E6B4ED151"
"apps/web-admin/src/features/capture/submissionColumns.tsx","71DCA917A84C45FD6BAE7A35F3FF4B140157443FBD6F8BC9A037C987BEB9A6EB"
"apps/web-admin/src/features/capture/submissionPresentation.ts","4294D6A116C4A047159707132CD486A399490A2E860C951F80C3A5243E95A228"
"apps/web-admin/src/features/capture/useCaptureBatchDetail.ts","1D474E63C602A8FA82A16907A4BB5FDB8FB1FCDFA19A24EAF5C4D9ECA03201DD"
"apps/web-admin/src/features/capture/useCaptureBatchList.ts","18B72088CA81F3AE5E81EF63060107171B362E3FC0302EDFD606114B604F660F"
"apps/web-admin/src/features/capture/useCaptureMatchActions.ts","90B6E7E0D2F90B22DB1FB49660EF23C5EECAFA40ACEF8F3946D316A3D9FA266D"
"apps/web-admin/src/features/capture/useCaptureUpload.ts","FC6DB94877C1D82491428DA93A5DDFD61E027BD8F388EAAD5353547EDC1CEC67"
"apps/web-admin/src/features/dashboard/SchoolDashboard.tsx","B245F34BCBF6A00658E2F8E2503D395332F40BDD4865574538F49DF6C5776DB2"
"apps/web-admin/src/features/exams/create/CreateExamComposer.tsx","DC05F8217BF9D52DD66FC4F95F267DC90D418C9403903B17DDEFA57AED808868"
"apps/web-admin/src/features/exams/create/createExamDraft.test.ts","D5B192B3297E0BA7D8760341E549F6269805CC8617013E1F498F121DB4512446"
"apps/web-admin/src/features/exams/create/createExamDraft.ts","98878C37C8EF2EFBF98C7C942E520FC0888CC7C3A564078AFDBFD8CDE62DEB27"
"apps/web-admin/src/features/exams/create/CreateExamPage.tsx","FAAD8FF9EA927DB13910E12BF03D4F4D609D2C6BF0A58F07780F9043F5AD3FBE"
"apps/web-admin/src/features/exams/create/createExamValidation.test.ts","7187D184C5F0CBBB030F31DE5C4879031710CAC3BB2C79E13179755122BD96DC"
"apps/web-admin/src/features/exams/create/createExamValidation.ts","4A01B67D1C1F6D3ED06303177120F4D601105FC9E03E67F9E135691DBCD15960"
"apps/web-admin/src/features/exams/create/exam-create.css","20C0D63763A7A9DCF3B213053D57BC2B8B64E93371B5680F88EC4E5B8DE655E3"
"apps/web-admin/src/features/exams/create/examCreateCommand.test.ts","4F1F61E1C4CF84F3C4A7FE4634D88892315D079230F78A57453B33551958236C"
"apps/web-admin/src/features/exams/create/examCreateCommand.ts","1DE868FAD3B0BF3354FABEA87C6CE73B52B653963BB35158F803040B6BA2AF18"
"apps/web-admin/src/features/exams/create/presentation.ts","4C1E0FDB22E75308B2D7C222B5E8FE7FD5A0074A64984924DE3031769FFF6C7C"
"apps/web-admin/src/features/exams/create/types.ts","55781D4B7059C03BA5E26BF43DEF40D14D92BF724736F8D16D0DEBFD1246C79E"
"apps/web-admin/src/features/exams/examGroups.test.ts","4D5F526C1C11CFA1C7BE723A6AD420708417097EF4BC24A966B46A9BD50B28FA"
"apps/web-admin/src/features/exams/examGroups.ts","298AB001970CFD96F9AE76FAD9110BB95BEF0795DDE85CFA01AB7B7156B7E425"
"apps/web-admin/src/features/exams/preparation/preparationModel.test.ts","EDE2661866EAACC07A808F6C23FB8AE77F6B630D055A9F3CF04F1ACD05717FF2"
"apps/web-admin/src/features/exams/preparation/preparationModel.ts","884DA256A662C17E895A0C87E99D2B145450A380AE8A4E151645D1D14DA03E87"
"apps/web-admin/src/features/exams/preparation/preparationSteps.ts","8C4117F16043469C8AD9E25F6FBF4C06675664581D7A911AA0F1CEF3879A2A56"
"apps/web-admin/src/features/exams/workspace/businessStages.ts","451BA032E5F5F1B69219C562C92908E8BBF241B4CF9E297A2534820299606091"
"apps/web-admin/src/features/exams/workspace/defaultExamWorkspaceRoute.test.ts","C065D13868B702D4D9AAB3B61D30FC7F1A56FE3DC60BEBD5E1A75CAA97D172D7"
"apps/web-admin/src/features/exams/workspace/defaultExamWorkspaceRoute.ts","F3F273745258846992593CC9E853DA68AE07534768835AA38D139ED6C425A25B"
"apps/web-admin/src/features/exams/workspace/ExamWorkspaceLayout.tsx","547C5B503B80FA30DA7769618C5892059D7769284A3123216811C89C36AA5ED7"
"apps/web-admin/src/features/gold-papers/GoldCoverageGaps.tsx","C0AFDC27E9FE1634016B851C0F223DCCC3068D22B531C8599B1168D913512D58"
"apps/web-admin/src/features/gold-papers/GoldPaperManagerDrawer.tsx","FBC25216B409C43DCEE142D57348170172B3F988A907078180FD1DD03E7ED9C3"
"apps/web-admin/src/features/gold-papers/GoldPaperNominationDrawer.tsx","2AF25F5A0ADBF951B5EEB68CB94B5EC9BCBAF44EF9F60FE7180E21BBD7AE9884"
"apps/web-admin/src/features/gold-papers/goldPaperPresentation.test.ts","BC42093A92720914452F54F044989C175B8BD6D17D60AD106A086851726A847D"
"apps/web-admin/src/features/gold-papers/goldPaperPresentation.ts","B2F9FECFE30CD89F8F209F2DEFF7FFD6E6E80A3BC9709F5F66FBA3A314D5CCD5"
"apps/web-admin/src/features/gold-papers/index.ts","535B2380B1D872545E0E1316D97A935DAFDAC526979FD6EC54BE2A9ECC496525"
"apps/web-admin/src/features/grading/SharedScoreControl.tsx","AA92246354E96BC58116AC10A2046C2C6E7DB6AF53CE5A5F6713A52D726CCA6C"
"apps/web-admin/src/features/grading/subjectiveBatchCommand.test.ts","28807A0343776931737CCB8935569349B88083A58E9E6627A1ED46B253300322"
"apps/web-admin/src/features/grading/subjectiveBatchCommand.ts","AE9075A4D599AFB1F73479F8BEF03F21CBC2A92A5A82B38856E7D849C71331A4"
"apps/web-admin/src/features/grading/workbench/AIContextPanel.tsx","72D196AD459559602D54AAD158B6F259DCA1B01BA185C630C00552C3A7074C29"
"apps/web-admin/src/features/grading/workbench/components/AnswerEvidencePane.tsx","4092EABB65CBC2167BFCD9E94C341FBCF8F1371721799D30FF9ADF8CE9E3963F"
"apps/web-admin/src/features/grading/workbench/components/DraftConflictModal.tsx","7416818CDC6DBFDC8F4DE43CEDC9E4BF017CF37B95711346659A8BAE7202144D"
"apps/web-admin/src/features/grading/workbench/components/EvidenceInspector.tsx","DA8CAE19FB5A272DB3370FE910D8180CE3066F94DA8346859C4922DBAEBF4821"
"apps/web-admin/src/features/grading/workbench/components/ExamScoringPanel.tsx","8B235C77F6F5D0399BC27269769F2A79C8A5A93A33E4CE0D54E3EE2F55ADB7DD"
"apps/web-admin/src/features/grading/workbench/components/MathRubricMatrix.tsx","EC588542DC16341B1E4F5A54CE99B72CD68F2D51F6404E35E87005BD247BFBF3"
"apps/web-admin/src/features/grading/workbench/components/ScoreEditor.tsx","691DA22FB961C03B3842DAC92227A7EF8D95A39C882C860815CFE22487000450"
"apps/web-admin/src/features/grading/workbench/components/TaskRail.tsx","BEE151A3FCFDBD4CC05405E18FD9FC6D08A2F27C3E418C996F9A95157992A33F"
"apps/web-admin/src/features/grading/workbench/components/WorkbenchHeader.tsx","EA9A5F24A15C7450E1A7461EEA057FE52F4DD507132E914C9EA3FA344B2A1A01"
"apps/web-admin/src/features/grading/workbench/components/WorkbenchOverlays.tsx","D11FF06FA10686E0AE863A213B7752A52CEFC975B56BB8ACE3D906E6F8CBA679"
"apps/web-admin/src/features/grading/workbench/draftConflict.test.ts","E66784AF5674EDC0A4339CD6978F4C3B49CEDD0BA45A86D133AB2EE7690F238C"
"apps/web-admin/src/features/grading/workbench/draftConflict.ts","E8AEB2D0F8600FBC73E29A95BCE56EB975AB4D11890E4D4A87F9D66F0086775A"
"apps/web-admin/src/features/grading/workbench/grading-workbench.css","910D5067DEA2BAE16B9A1EDF843D9CE8220279FF9CF103D8177371869FD2F12A"
"apps/web-admin/src/features/grading/workbench/gradingTaskContext.ts","9107214FC01E896BA53989E92B19C11E449CCF8651506B942060A477D66DCDCA"
"apps/web-admin/src/features/grading/workbench/gradingWorkbench.model.test.ts","7591424679851D8A638E0A2E79D26F130909C6460A8F8FBB40A3DE11D0329BA9"
"apps/web-admin/src/features/grading/workbench/gradingWorkbench.model.ts","24FCE4567EB3ADFC3C09276AFD05C81FAE235F914EC0745B77417E101195FBF6"
"apps/web-admin/src/features/grading/workbench/GradingWorkbench.tsx","D7A8B6A45F5D444821744566019364EEB58C5874BB85E802B02500CE3186DD85"
"apps/web-admin/src/features/grading/workbench/gradingWorkbench.types.ts","B4A7CDF89AD52ABA52E68E09C1B6B35D93DB82F695E4669360600E0BC2CAE79D"
"apps/web-admin/src/features/grading/workbench/hooks/scoringCommand.test.ts","E0C9C2CAAEBDD7CF4491EC9B9A803FF938FA7C07B133C18B8CC99D09880B2B75"
"apps/web-admin/src/features/grading/workbench/hooks/scoringCommand.ts","DD6366D76215C75377939091251DE53B5829A9391F8846791D3AB65E13F9F4BC"
"apps/web-admin/src/features/grading/workbench/hooks/taskDraftSaveQueue.test.ts","120C1CD590D72C8815D3EDE3D16FD69471EDA967FEDAC5E3F45D5A604CD0795A"
"apps/web-admin/src/features/grading/workbench/hooks/taskDraftSaveQueue.ts","9B8ABF9741977DC40275B0EF6AFAA8A60FD94D8402AB04F70708BF93B90EE127"
"apps/web-admin/src/features/grading/workbench/hooks/useAnswerViewer.ts","E82DE969B9C0D1B5B209D3AE6F5E94ECC0A8C24C41905EA1B6D94DDD41FF8E81"
"apps/web-admin/src/features/grading/workbench/hooks/useExamScoring.ts","19C83ABA35CD82F6B4A85CD0D44608F0D6A3A577E36B442546FABE43DCFC87BA"
"apps/web-admin/src/features/grading/workbench/hooks/useGradingKeyboard.ts","EFE6D9D616D0B4C62C199B3F908B7729FE831DBAA0DF747409CD97CAADFB95DD"
"apps/web-admin/src/features/grading/workbench/hooks/useGradingMathActions.ts","67F66AA3FEE32C36A95A51AC83BCA9D1FB4210622790ED27DA354B82A85834D9"
"apps/web-admin/src/features/grading/workbench/hooks/useGradingPrefetch.ts","81BF155E110993E9391B57ACA85D0CB5FF174CF1FE861AC505CBAA98EA1AD736"
"apps/web-admin/src/features/grading/workbench/hooks/useGradingQueue.ts","ADC578B7ECDADB1AD6095F03FA5870B3B68209D45EF77B07A9D0900082B0ED4E"
"apps/web-admin/src/features/grading/workbench/hooks/useGradingQueueActions.ts","AB2B3CD440D5F439F1EEDF53CAF8287CDB2EF0BA29FE5D7267B8D3AB2A8CC3DE"
"apps/web-admin/src/features/grading/workbench/hooks/useGradingReviewActions.ts","8FC3B5684ECBECE7F46CB21C83F82E28BFD5FB3AFEFA42053D16B55AB6D9C2FD"
"apps/web-admin/src/features/grading/workbench/hooks/useGradingScoreShortcuts.ts","B5DC6C4E48558C41603AF90AE115F7DFBDFC28249D1F9020F78935783BFC6D78"
"apps/web-admin/src/features/grading/workbench/hooks/useMathWorkbenchEvidence.ts","DF57AAA1889A7F89F4423D946E8795344AF4D982226EAF85FA199B75F4D3CDE3"
"apps/web-admin/src/features/grading/workbench/keyboardShortcuts.test.ts","A9F998B48A23E81A67F442E065F89E105767D0E340B8462E1AF506B24B47306D"
"apps/web-admin/src/features/grading/workbench/keyboardShortcuts.ts","524F7B9265788FE3BBD2D2BA9F8D6968B103A96592113AA54BDFBD77E2696821"
"apps/web-admin/src/features/grading/workbench/mathEffectiveEvidence.ts","7E4301A5D7BF592962679C4609956080C42823F6951501337E633F03252B1E69"
"apps/web-admin/src/features/grading/workbench/MathEvidenceInspector.test.ts","B74902AB57BCF9E398026DF9BFCC9F4EBF33B0CFEF93D2624CE2F46188B30354"
"apps/web-admin/src/features/grading/workbench/MathEvidenceInspector.tsx","6E2EA0C93282ED28A33D4CAB187FF34943C4C2339EBE22658C8FB8E45094DE5D"
"apps/web-admin/src/features/grading/workbench/mathEvidenceSubjects.ts","8357B7829795DC42FC588A82A12FBBF92ED02953B4F8448F25F927E1741E721C"
"apps/web-admin/src/features/grading/workbench/mathWorkbenchEvidence.test.ts","81DDB99D192AAA3D040DBE304F8DDC8529EF44E950010E2CBB3B19F753C64E68"
"apps/web-admin/src/features/grading/workbench/mathWorkbenchEvidence.ts","E19C9C2501568A1C003D1BFBE229761E68907FA4DA8F8F3C6125BA041B0529FB"
"apps/web-admin/src/features/grading/workbench/reviewContext.test.ts","2EC46BC149EE56CF5A632E4CC6CF2A011982874B1A658A6CF9BBF9DAA15F2449"
"apps/web-admin/src/features/grading/workbench/reviewContext.ts","7F58EDDFB455D8D6AC7AF015F1A9D482DE33FAC128721D3ABA3D263038049A7D"
"apps/web-admin/src/features/grading/workbench/ReviewContextInspector.tsx","6450D85838F744CF48A41DF9F7161DC026CAB7D88A2DDA72C055D58E3C8042F4"
"apps/web-admin/src/features/grading/workbench/SubjectToolPanel.tsx","12AF64A1254A65DF9BEE89B97138462AD88F765BE64DA4013C9B45FD6F7F88C8"
"apps/web-admin/src/features/grading/workbench/taskPaging.test.ts","F3C14D59A4DF73B54FCC17FF17019D7DBBD3D83820B2134C14C050E977C819E3"
"apps/web-admin/src/features/grading/workbench/taskPaging.ts","D3D3CC05256DEB943A13D36DA9C48287BC64C3FA4D1C790178D7A26510330743"
"apps/web-admin/src/features/members/classes/ClassManagementPage.tsx","2AAD0467E94163A2A9C0D154D1CB2E3C9A5CBB4F01202D67A03A24CE653678DA"
"apps/web-admin/src/features/members/students/studentImport.test.ts","B3BEA2029C444E89E662B705D8FA47100E487DB54A58497E8121A8C20FD1C3BD"
"apps/web-admin/src/features/members/students/studentImport.ts","D46CBF6E2BDECB76082347239755CBA2C9BA936B665830606444E819B5EA3CB4"
"apps/web-admin/src/features/members/teachers/TeacherManagementPage.tsx","3C0F26092E737A1872D7BD2405746CF4CAEA078B749983DE700108CB162AFF4F"
"apps/web-admin/src/features/onboarding/AISetupCard.tsx","DE3868165CD00901129A6FA0FB5451EBE0342EE9E15F4BA8A603A58C698E8A66"
"apps/web-admin/src/features/onboarding/DataPolicyCard.tsx","78E828D5CDEE6B32852F25C309D8F87F1374AE18C624F0D6C70D406257E332A8"
"apps/web-admin/src/features/onboarding/FirstSchoolCard.tsx","FF6E9C7685D843397F23DFB3D16227197783276D423966BD2824FAA04416417C"
"apps/web-admin/src/features/onboarding/NextActionCard.tsx","F0EA7C5CF7AEC1ED97C16E90A6A406980E51DFEF49196AE6096F3374A6B52774"
"apps/web-admin/src/features/onboarding/OnboardingCheckCard.tsx","B2730143629963EEFE30818020E9A95091C5D6FC318C341508F6A16F742D3E5B"
"apps/web-admin/src/features/onboarding/OnboardingGate.tsx","1A7848F45759988060F1038CF80E560511BA2CC5B38F6CBB162B807892E6EB35"
"apps/web-admin/src/features/onboarding/OnboardingProgress.tsx","0D00C55FD8BAF218F8969769A9E63EFA733DD92D5E77BAFA8F6FCC9DA6D0FF24"
"apps/web-admin/src/features/onboarding/queries.ts","08FDEDED72291D0652E191AC0188DDE7784698AA147806A5DA2CD595C6F105F8"
"apps/web-admin/src/features/onboarding/ReadinessBanner.tsx","B84AC426249F7416B936600BA610663369CBF1D4229D9200974E6093C8147383"
"apps/web-admin/src/features/onboarding/SystemReadinessCard.tsx","FC13E8F0FA768196D73D7A52EB77EE70194C71EFE815CAF39A731D07DF4466EA"
"apps/web-admin/src/features/paper-import/materials.test.ts","EC08924E12CB50CB6C303F2EACE9A961EFA87D12EC24784D49552DEAC18A6BA5"
"apps/web-admin/src/features/paper-import/materials.ts","C7881C14A14916CA9ACC8842C27DC6F0A3549C8FB0D308C79040BD98B370ACB1"
"apps/web-admin/src/features/paper-import/PaperImportReviewPanel.test.ts","2C6E94F2D92A28F72115FC4932BA3DDCA61C49B46C6B572BF2CAC8D1A865AE61"
"apps/web-admin/src/features/paper-import/PaperImportReviewPanel.tsx","61B2A7A7A88F08CB4E40F939A32028DFA80CA6CBFCD13B19CBCC5AEEC895F64C"
"apps/web-admin/src/features/paper-import/PaperImportWorkspace.tsx","6EB38D5C57971DB476C19106E1F2B8E32E7FC3DDC006A1D3B58379B7F25273A9"
"apps/web-admin/src/features/paper-import/RubricReviewEditor.tsx","AF8A6FF21F11CCD2CB03F545B1A881EA6D1D2D207A9D242F3D81396447F14366"
"apps/web-admin/src/features/paper-import/usePaperConfigData.ts","1181408A4086BDBE866C767DC97B6DA1C3F0D37B893D38069F41DFFA837BAB74"
"apps/web-admin/src/features/paper-import/usePaperImportPolling.test.ts","65D2889802B8947ACE621F050F6495F34A870196AA970C4D6DB3139575694548"
"apps/web-admin/src/features/paper-import/usePaperImportPolling.ts","36EA63DFACF868AE3587FC392048D339AEA59FA88CF03EA85C5AFC754845C663"
"apps/web-admin/src/features/paper-import/usePaperImportWorkflow.test.tsx","9BBAFC8F3A3CB3EE5E2C5F62DBC8B1A3FE42131B11137D11E47499DB4BE16898"
"apps/web-admin/src/features/paper-import/usePaperImportWorkflow.ts","B6CB852DB173588B8661E54F0BE5F50B767247024A1385D50D8BB1483E395D31"
"apps/web-admin/src/features/paper-import/useScoringRules.ts","2A6C5FD6D36ACEAEDE00AF5FD8A0375890F88188071E157302BC20E54C4F3ECE"
"apps/web-admin/src/features/paper-rubric/hooks/useQuestionEditor.ts","04190F8C7EDEF60DEE9345DFA2A21A900ADB0FAEB96B40AE3B234FBA6D1A2FC5"
"apps/web-admin/src/features/paper-rubric/hooks/useRubricEditor.ts","5172F4A11BC1E82AD95DDFC65FD74787DA434404C1E530D8FB982B5332B8E435"
"apps/web-admin/src/features/paper-rubric/paperPresentation.ts","399EEC871903C105C165667AB33C2BE450E3C2CBCA22DC52B6708027F4CBE628"
"apps/web-admin/src/features/platform-model-config/components/SchoolModelSelector.tsx","A0094D7CFF70CDB81C68A34FD239539B0B0B6F3708301A5ACB179C7DFFDD7C2C"
"apps/web-admin/src/features/platform-model-config/components/SchoolModelTable.tsx","B4E9A8F3C9777D902EBF18535877C76172828E8AB25BA9EE60C936B2CBE73E30"
"apps/web-admin/src/features/platform-model-config/hooks/useModelConfigDrafts.ts","98E119E2F07477444C06F13292F4E64586114686250035D7EF9D9DA22472539C"
"apps/web-admin/src/features/platform-model-config/lib/modelConfig.ts","9FE4EC8D3F08BB88FE0D15DB02554F86255D1E2C8A1CB821D1C5A53BA21711A6"
"apps/web-admin/src/features/platform/schools/CreateSchoolForm.tsx","FAC47FC17A9E13A64ECAFFDC18E2BC4BE81B073DF36F3011F791983C31063109"
"apps/web-admin/src/features/platform/schools/SchoolActivityTab.tsx","96D70B3386436593D04E80DA4D665ACF434021A4A7BEEF887AD9AA57415E259B"
"apps/web-admin/src/features/platform/schools/SchoolDetailDrawer.tsx","918AF03F616D6CF503486A6EF22ECB2762AB0B8F066D53BA3857C008CE556701"
"apps/web-admin/src/features/platform/schools/SchoolManagementToolbar.tsx","CC49AC6CA9C37673235E714E1BD3556720994CC498E8DD9D1546FA358AB6ABF3"
"apps/web-admin/src/features/platform/schools/SchoolMembersTab.tsx","7B48AC61DA33F261FBD377B0CC7E54EDA44A1CAC62A053E5894223B82F777F7B"
"apps/web-admin/src/features/platform/schools/SchoolModelsTab.tsx","9461FA0BB174AE2F199652F6F98F729E23BAA4B08EEAD245DDA19830ED56F4EF"
"apps/web-admin/src/features/platform/schools/SchoolOverviewTab.tsx","7E802FF2FD1255701732ECEE4D5753C991196D1733E81DCB04CF199E3ADAEB93"
"apps/web-admin/src/features/platform/schools/schoolPresentation.ts","F454422511E9543876BCFFECF00196DDE2948F815E8C8FBD834165B37538F977"
"apps/web-admin/src/features/platform/schools/SchoolSummaryTable.tsx","EDF0C383B1B322945A7C48F67C7366467BBF85F918FA65704C8EA946FA8EB6F3"
"apps/web-admin/src/features/platform/schools/SchoolUsageTab.tsx","7CE1C78732FF4012A02FBDA4195F018FE5017E15A89321C0C664D69DF0033AC2"
"apps/web-admin/src/features/question-bank/BankQuestionPicker.tsx","7061981667CADA5B0EC2C66B87A2DE482DE1D0C8BC86640F0936B48C7BFA78FB"
"apps/web-admin/src/features/question-bank/ContentFields.tsx","6B6E1D39EC7567DA2EB0CBE86B504FA68C4B0907A16BDB7A91250B9DE033699A"
"apps/web-admin/src/features/question-bank/history-question-importer.css","BA5A33CF05E054413AC02B83F620449C89A54A168DD4E5B4DC2DD45E94AFAB71"
"apps/web-admin/src/features/question-bank/HistoryQuestionImporter.tsx","61F72EA5FD2589FA2F42DF4052D9E26F6E81BE90B1FE3A5197548F38A80E827C"
"apps/web-admin/src/features/question-bank/question-bank.css","B5E9E968E614324403EF1F40CDDE1E202D23C14AC68B5A81890D8786826445FF"
"apps/web-admin/src/features/question-bank/QuestionBankDialogs.tsx","27D142A1A306542BA7C961A389DFB2E0A0461C15A0B61C32626895D5FD1C2D2A"
"apps/web-admin/src/features/question-bank/questionBankOptions.ts","70C3A863658F1019495C726B87FE520ED1024D67F384E8991A769F577D1197C6"
"apps/web-admin/src/features/question-bank/QuestionBankPage.tsx","204F1D3A6DE7275B5A9334181678BD03E1CD65A138BE4392478EF8FF8AC3650A"
"apps/web-admin/src/features/question-bank/questionBankTypes.ts","F8B39237F906DDD4CBC0D90621D6F40E9AFA30AE84C64254D8720497F2D9A192"
"apps/web-admin/src/features/question-bank/QuestionBankWorkspace.tsx","2A00BF4C12D7170D7082B495E8008D6EAEB49B6DA04FD88859F700DCBB08B751"
"apps/web-admin/src/features/question-bank/ScoringEditor.tsx","7AF4E8280D7282D6CA5215D4A7891868C1D24917395ABA3410649996FAAA9212"
"apps/web-admin/src/features/score-management/components/AuditPanel.tsx","279940BFC6063A6E08E2E97844BF93F58565A721203E226DEFB420B8D3201021"
"apps/web-admin/src/features/score-management/components/QualityPanel.tsx","F2510E7ECA3B3184AAC0534582D22F84108F67415C76C632A0708899AD547788"
"apps/web-admin/src/features/score-management/components/ScoreReleaseWorkspace.tsx","A5517E97BC1DF58588E90CBBBBA9A864DB9C7F7EA68A7C7AB5DF221C931CD96D"
"apps/web-admin/src/features/score-management/components/ScoreWorkflowModals.tsx","0713B6BD8EC37F6FC4917B0A1EA7A6F2BAAECC6482FD12FDC29CA908D685B0F4"
"apps/web-admin/src/features/score-management/hooks/scoreWorkspaceState.test.ts","330A0959D54B7DA3C77E8E5BFA317BD20FF3687D755CD3B99052BDD1CE94A287"
"apps/web-admin/src/features/score-management/hooks/scoreWorkspaceState.ts","A60E4B6927F0AC2EAA3A9AD9B3324F6992FA5B55DBC4F216103599E2A69AE8EC"
"apps/web-admin/src/features/score-management/hooks/useRegradeWorkflow.tsx","0C980CA08CC52ACA3F65311C9C1FBA056F19EC14C0F4005F50FA76081D922338"
"apps/web-admin/src/features/score-management/hooks/useRosterAttendance.ts","BB3CE4E0B5F0DE7D52A61459BBE4D83DE0021C50F4EFF87CCC6E19CC3D692419"
"apps/web-admin/src/features/score-management/hooks/useScoreReleaseWorkflow.tsx","BDD58924FBA3D8B8109BC20011F916043AF2CC0A80BB6D12DB73C3BE2A9E55AF"
"apps/web-admin/src/features/score-management/hooks/useScoreWorkspaceData.test.tsx","946F3C98C89EF6C8A3081C87BBF1BE351C13BD58267CCD94F681113A0A9262CA"
"apps/web-admin/src/features/score-management/hooks/useScoreWorkspaceData.ts","3A181FA128B71659F47377D6D38B2EE4A6F2A8556DFA2B0B46AFA5E5BDEAF364"
"apps/web-admin/src/features/score-management/hooks/workflowModal.test.ts","276878B79344DF063828B0A8CF42F94278CF07C0EF3B0DD3CD0E462C466BA252"
"apps/web-admin/src/features/score-management/hooks/workflowModal.ts","BC98718A8697D427CF12A5E5603B2B64811A5DBC1207DBD62C45893CB142EA66"
"apps/web-admin/src/features/score-management/scorePresentation.ts","20D7E10B4A34463C9B4DC042301361E2242C864CFC961FF298A674BE945B8700"
"apps/web-admin/src/features/shared/latestRequest.test.ts","E288F576C0DE37D8C75E1987AEE1196FEA37E89FD62B1C55585CCA5B65B201F5"
"apps/web-admin/src/features/shared/latestRequest.ts","56EFD90884F33D9B53815A8EFF852E8AF61B4F0B2AF8409E9E185A726A0D6602"
"apps/web-admin/src/main.tsx","7B4CE080433C11C9BD55DBF5FA9CB4654DEE891657718213D78504473B65FC11"
"apps/web-admin/src/pages/ActivationPage.tsx","E23513290304132BF5949418056019FAF51FE868582F7C8EC90528F0B6FEBA86"
"apps/web-admin/src/pages/AdminGradingOperationsPage.test.ts","4FE02D9AD40EF4DADD5C31211983F32F71DD06B09D5FA4ABD161615053FBCE9A"
"apps/web-admin/src/pages/AdminGradingOperationsPage.tsx","27ACB1D96A46CB8DDD7EF531F76919AEF1C7866AF32E9FDCB0C3F0FB48A95094"
"apps/web-admin/src/pages/AnswerSheetTemplatePage.tsx","070DD9DD2BE6E4D7436577B33D3D6A120A07C1387A1705BD6490B39C2BDAC679"
"apps/web-admin/src/pages/AppealCenterPage.tsx","0233E964290DFE75D0B52F67DD872D66A72EFE2AB65042B1CDE8A8D77F9A2C61"
"apps/web-admin/src/pages/ArbitrationPage.tsx","C6AC010B41A00324FAFA7209F1AF0E0D0CDD3F147D59FC678C1943C7D8A4A5AF"
"apps/web-admin/src/pages/ArbitrationPanels.tsx","A27613174266371965D5326EEEAFC0BCCADC13B403C94E8A762C0D8C5BC06818"
"apps/web-admin/src/pages/arbitrationPresentation.model.ts","80EF40E809599BCB148FBA8A4DE606E36132F85FC05A6206B3C019509A55B049"
"apps/web-admin/src/pages/AuditLogPage.tsx","35FD2E65D5C8DAF7FB11CBDF25132C31785D44DFE9EBFF220E508D80FCF98B61"
"apps/web-admin/src/pages/CaptureBatchPage.tsx","722453DE9824F03E447118B98E9C84D0CB539A5E83368CC8F941DE38329B50CF"
"apps/web-admin/src/pages/DashboardPage.tsx","64DFA1B5A2E2681ECDEFA5D0F4E4CBFBF02B5F33D4BE712D44CEA145A460C305"
"apps/web-admin/src/pages/ExamManagementPage.tsx","523B7127DFA158D14ED4C18E8AFCE55B5C997762C8F37D527097CB3164EC96FF"
"apps/web-admin/src/pages/ExamPreparationPage.test.ts","04D7341AAB385BD8C99FACA9046836E990A97B4AC84379A29EF4BC6E9293D2F9"
"apps/web-admin/src/pages/ExamPreparationPage.tsx","13B0DCE832FCABB008A36F9CCF0381940065CB3C9C12C1C5DF80ED674D7A4EF2"
"apps/web-admin/src/pages/ExamWorkspacePage.tsx","78BC64E0CEAA637BBEDBB57F409C178D67B2BF07DFBFFAE1C22DA68305572C1C"
"apps/web-admin/src/pages/GradingWorkbenchPage.tsx","95AE680EC181A1021F1E914018F131472950C7AB317DA34D672C9D7F8FD5C617"
"apps/web-admin/src/pages/IdentityLandingPage.tsx","7A285D6AAF70BA6E1A203AFC33DC658F302882327B255683D6E070BC5474586C"
"apps/web-admin/src/pages/learningReports.model.ts","AB4085F3F4537ED5B3F3CD74CC7E3E064E509A0DF70BE3260FB1A5299557886B"
"apps/web-admin/src/pages/LearningReportsPage.tsx","A27447B1D83E563EA656552DCD2D80D06B42912AEF14D2AC3D76C9A8BF7FFB3C"
"apps/web-admin/src/pages/LoginPage.tsx","5747F077D45B03E283D9F4FA524F1872C9B397B54038B78B6D85967794965169"
"apps/web-admin/src/pages/ModulePage.tsx","BA53B71D752D9C8C893EAB2493DF4C73FACE6ED61E8C2DBE71F103AA322AFD4D"
"apps/web-admin/src/pages/OrganizationSetupPage.tsx","7406D8543B20D5F0D0E69C31BB151BA1247C5AF1788CF29BC547999F7B5DEBF4"
"apps/web-admin/src/pages/PanelModelBindingsSection.tsx","0730959F5C2BC18F5EA55664D066DD8C61751B28EC1EAA819CE022B16E426570"
"apps/web-admin/src/pages/PaperRubricPage.tsx","8C8D3D700FA37F750E92F6E35E22397DABDAB7C4381244853BA5220C9AFD49E7"
"apps/web-admin/src/pages/PlatformGettingStartedPage.tsx","9FDA521C530DDFD1F756F0F270D619716A35839DF50BAA7DA28065B96456993B"
"apps/web-admin/src/pages/PlatformModelConfigPage.tsx","8486581D34AB52D471372CF245B089A76F1B7E249869E675CE35465C182B3A1D"
"apps/web-admin/src/pages/PlatformSchoolsPage.tsx","3D0A9B4ECEFF157FADE1955450B4A21AD85E37D2F6422DD86EF468094683574D"
"apps/web-admin/src/pages/QualityDashboardPage.tsx","71369E86E4FF53361B4E2C3E7FEBD2D6BBCB1C1F161390AF3CA96886E235A669"
"apps/web-admin/src/pages/RecoveryPage.tsx","1E53D96424F4E1E295CB31FE977B1B9E2392762171E7617E628E2FC7D64B339E"
"apps/web-admin/src/pages/school-ai-chat.css","388060295E6095EF5352B79045D5C96263AE6FA0B65B2A2C2367E65235330044"
"apps/web-admin/src/pages/schoolAiChatMessages.test.ts","7185D3A841546BB88BD6369907835EDD9C552FF1F3BD9362EADAF8602F271EFD"
"apps/web-admin/src/pages/schoolAiChatMessages.ts","679BEE333F27D7EDF718C67A82684AD2690E9B821D4FD0A78FE3BD14DCBDA8C1"
"apps/web-admin/src/pages/SchoolAIChatPage.tsx","CAD99DBB04E16E47A249823A1E9ABFBF1F936947D431F43B6955BCDE7F957E59"
"apps/web-admin/src/pages/ScoreManagementPage.tsx","33EFC7C1072CFD38FE992D579563DB3AC0A77FB91A3BB07AC7C8B09C826D0FC0"
"apps/web-admin/src/pages/SessionManagementPage.tsx","0BB81040C8B3CD64312251490495DA6A1202DEA39ACABF14D3CCC41FAAAC316D"
"apps/web-admin/src/pages/StudentManagementPage.tsx","9F009835126AF411DE26EB867CD18E6AAF8A186AE113DB69CAF6371C6047DCA9"
"apps/web-admin/src/pages/SubjectiveGradingBatchPage.tsx","8C2B8110E13940EDD90446D8A3CF99A104F9C530C80EBAB6CB7888142ED0C261"
"apps/web-admin/src/pages/SubmissionCapturePage.tsx","B1805A8CC039D81440FCFF349757B14AEF4C76F87CA73B5BDB95453C90066133"
"apps/web-admin/src/pages/SystemStatusPage.tsx","A9FF1CE823E461FEBCAEAA06D2B9EB453811FE4B80ECA9BB09CB408080309B9C"
"apps/web-admin/src/pages/TeacherDashboardPage.tsx","92F0457CCD26F5E2B409817C7165DCC12AB5E334D4FE57AD770F3E54F23AD6DC"
"apps/web-admin/src/query/client.test.ts","FA9B95A4BEDAF18AFBB59A4E2AA261A44C5B5CB471F8FACFC5593A7F701059CF"
"apps/web-admin/src/query/client.ts","AF8AB85534DB988891BB34AC6CFBD446D67F0DC138D4D7656753C485CD5424AD"
"apps/web-admin/src/query/examWorkspace.ts","D5D8B3B98079C8FBAAE0B987AAAD9C905669893AABBABEEBF244F50BCFFE2B72"
"apps/web-admin/src/query/reviewTaskContext.ts","5885AB199DA389206EF13B19F6D782316B55F2EA45C6314664933A89E2BBBFB4"
"apps/web-admin/src/router/appRouter.tsx","740F56D76588CA67562DB47AEDCDF3F4EF5AEBA8B81B0FB6946C90AD45623E34"
"apps/web-admin/src/router/experience.test.ts","474B1AC7EAF3AEAFC88E647D2B841D8AC1AB1262781B7993714DE419DBBBD532"
"apps/web-admin/src/router/experience.ts","9805987AD42882A17911D16B8916520A27335A1277C4B6F25F3A2A0691D6E8F3"
"apps/web-admin/src/router/navigation.test.ts","BDC244E141B7023EA6AA3AF5A4CBD965C4DE42E309C8A0427B50AE32D6CD7F6C"
"apps/web-admin/src/router/navigation.ts","76841F5EF9BD1523833D23DFB0C557B34577E5A9568BDDF3B295040432A11F3F"
"apps/web-admin/src/router/query.ts","25CC9897FCDFBC474BFFDA50420E6623C60D7ACC340465B52B3ED0F7C36DBF20"
"apps/web-admin/src/router/routes.test.tsx","E5A757D462889A40ABAF5412B0D58BB5C4F4655F5A4CA85F1A0F2E4D5194B2AA"
"apps/web-admin/src/router/routes.tsx","5849ED8E9ED8A43B8C7507ACFBF27267831435BDAC96C36F85BA3840DFBEB906"
"apps/web-admin/src/styles.css","17467D89F094C34A5C26184897E39C02CE402A1702FDEE5149ACE905A24E7848"
"apps/web-admin/src/styles/features/answer-sheet-template-calibration.css","23C71699F1115333CE6C46154857AB71DBC296D4B1FA2EA9D24CDADCAC77036C"
"apps/web-admin/src/styles/features/appeals-workspace.css","B1E5FB73DE61576AD60F14C05CE3CE200E7BD51373A0E0E4375013ECCA70D96F"
"apps/web-admin/src/styles/features/appeals.css","8CCF2F95F49CFA6740F154059CC3866E114BD71EE774A899523D4EEB78F5DB15"
"apps/web-admin/src/styles/features/arbitration.css","A5FD58EEBAF5E3FE7E30D76274D31FB635E3BBBE788E4B2EF640751BEF32B908"
"apps/web-admin/src/styles/features/audit-system.css","650C366D749FFC8FF088BCBB9870C25DC0F1E438BCA8D0EB9E4A964EAADFBF90"
"apps/web-admin/src/styles/features/capture-core.css","F4D0BB0DEEDF9F0A131F2D1815A98523BC2D34EE1257F67D170FFF57AE821E79"
"apps/web-admin/src/styles/features/capture-matching.css","FEAD3FB0D4E250BEBB7DB7076BE3BA08EB5588EE0FD2EDB57B2076E38013AD13"
"apps/web-admin/src/styles/features/capture.css","0A99B99CC22AEA56034937DDE0D1E7909242C2B2F9B991FB7024617BA57A8189"
"apps/web-admin/src/styles/features/correction.css","1CA1035E6658A64B6DFF978FB1316703A59182126FF02168C67B59852ED191E5"
"apps/web-admin/src/styles/features/dashboard-operations.css","FFA11AB48002725878F8CF119312FECC5D54D4894CAF9D4162E319A89CD27B9B"
"apps/web-admin/src/styles/features/dashboard-workbench.css","5BCC4658876C753A01EB2AFA862CFEF6CDD53E94D593FC6B4B300BAE925C4051"
"apps/web-admin/src/styles/features/dashboard.css","4592DD5964B8C5C300C25C3C762BBBFE01EFB50167076C350145F691C83FFF75"
"apps/web-admin/src/styles/features/exam-management.css","0A3FE73079C9B6FFE10AC62F3137105D8FA07001B4637C94250A49BAABB5BA12"
"apps/web-admin/src/styles/features/exam-preparation.css","2C8F2DC99D36A1F589A5D32D135777A6A163AEE9C59057AA13222D7BA9454FA8"
"apps/web-admin/src/styles/features/exam-setup.css","33308D73D6997ACD96C5D76044AD4235D02883CF83B9796D02B717231005A7AB"
"apps/web-admin/src/styles/features/exam.css","EACD3FDC2F340FB134FC88BD0C359D206A37425B8AB7A1D1FDA53BB283595612"
"apps/web-admin/src/styles/features/gold-paper.css","3E1CF1911E418CB1D891780D0F54405E2B3E07F76AF4FD7AAEB287171735D14A"
"apps/web-admin/src/styles/features/immersive.css","1C12297D43D9F30B010F74969B7C5314F69ADCED049A9B704BB4D7DDF80A6AE3"
"apps/web-admin/src/styles/features/member-management.css","F63CA443976AB2BA0E8B69939356289EC9644C4BB91867A1CB23658EA028A240"
"apps/web-admin/src/styles/features/model-config.css","F55D800E7B5A87049D15FA71D975651B73BB4BCFFDCCCF1E5D4DDB5D9FD4482D"
"apps/web-admin/src/styles/features/model-governance-prompts.css","9111C22D3D3F514157B71F99683AB22925495D2E9A460D4A44C81873691B6E99"
"apps/web-admin/src/styles/features/model-governance.css","80C2FF62E3CC0ABE2E4D214BC953F55E47934057633EDEE2359D9F2E9A54DC52"
"apps/web-admin/src/styles/features/onboarding.css","74512B3191F9208FE57FB5AAC1BD433D231EBEEA3C2FF00919BB284E47F10BF8"
"apps/web-admin/src/styles/features/paper-editor.css","FECD4248E44BA002AFA7215679A72BA0267A71B52D75D933F5D8AA806713C29B"
"apps/web-admin/src/styles/features/platform-schools.css","2834AE2A4E6D623229905353FC61EF4A2C1086288673F3652D38D07FE59B12FD"
"apps/web-admin/src/styles/features/print-and-scope.css","5AB14FECD2FDF068774E035B366AD0C45C9A0C6385D9A81D1BCED4E8F3E3417D"
"apps/web-admin/src/styles/features/question-appeal.css","5614400F2019081131B0CF7A0AB0B14E27B40E7F96680C461FCE36FB3398D784"
"apps/web-admin/src/styles/features/question-bank.css","9F646DAA5951D9794C4BF0A96A95199E71594167A471B1BAA0895A3846CF3044"
"apps/web-admin/src/styles/features/reports.css","C4FD5C4A3D4DB6EC7DBA2854D5005F979C977C04DB2523EB65F602176E55634E"
"apps/web-admin/src/styles/features/scoring-paper-monitor.css","FC3D06F08F266305D2DBB62CADA1F507CD677DD57EB22044FC2B8ED04346EAC4"
"apps/web-admin/src/styles/features/scoring.css","E9FA0D2BC90D1DEE43F09CA7E1B76B06BC37FF0339ABCF97EE90480C58026405"
"apps/web-admin/src/styles/features/student-management.css","11C6FB874CA273377ACD897722484EA26FAF0B84439C413B7AB7FEE3F0005C51"
"apps/web-admin/src/styles/forms.css","91D935D38BBF32F5442C6335777E7A09992457ED44153963AD545EC73247B3CB"
"apps/web-admin/src/styles/foundation-controls.css","1DAFF7497C7AD72406561B14E5DC58C07DF7974EE50FD357C36EED1062074765"
"apps/web-admin/src/styles/foundation-reset.css","8C48E6415477BDE9B364ACE2295097AB05CFDE2246AEA228F61343744D7FE2AA"
"apps/web-admin/src/styles/foundation.css","47E7F08CFFD4D15BC72AF479CB9C49F250302F16FCCE40584C34D1C9FC9F6EB4"
"apps/web-admin/src/styles/layout-responsive.css","83F9BDC0B193DE88C450C84A6A8C6D01C2A7582607FB396289C43FE7FD965487"
"apps/web-admin/src/styles/layout.css","92015D825F442846A71809E4C91BDD44CD101AC8E9608FCCFCD709CE6D84182C"
"apps/web-admin/src/styles/tables.css","0AFA1830C2D264E5F31E81D160FB6A319312FAD2E687C04C6E149210CAFB97CF"
"apps/web-admin/src/types.ts","8F1AC2574FCF4DDD6F5BBA1DDA37CEC1ACF50780B504C81E29EE8DDCFD7EAAD3"
"apps/web-admin/src/vite-env.d.ts","1B7D0353AE918BB146B4A64D5A8BB851ABE7768BCE75AA61ACC4DDC3C0FFDF4E"
"apps/web-admin/src/workspaces/registry.ts","10CC9D619825FC87776A3F70830BD6C295AD95E2C5C47AA0894C5333600A597E"
"apps/web-admin/tsconfig.json","9E3B90437E335EFA4EF68A4884A8B2FAE30334FB01C72F6BE1CDA836CC5F0D49"
"apps/web-admin/vite.config.ts","DA05784B31F8E64DC9174AF9D4F55031B423B0005F89654096A7D808AF6FA13C"
"biome.json","E90845405799983763169EDDE2F4D86124F0B5B9D00307FC90DF199D129178DD"
"contracts/architecture/frontend-debt.json","CF1567D0CAA8037350C03AA2EEDF23C50BEF859722AE18CD28879ABBAAA31BAD"
"contracts/authorization/role-matrix.json","57ED89AD6F23672BC8BFC4E0DE5336C737A7F1B0F94818D46E5264A8795DB02C"
"contracts/grading-agent/v1/capability-matrix.json","6C3525F6375558A33A6FCF12926D8DDD15394D4CC3D6C208CF8DD73299F06C26"
"contracts/grading-agent/v1/contract.json","D67302D2BF82DB44DAE3894C84C525CD3CFE611FE68926A19330D9C4D7F81AA1"
"contracts/grading-agent/v1/error.schema.json","7890DB1ED052D246FE900A1B49ACFD7446B77D62357EFC6889877F302985C351"
"contracts/grading-agent/v1/fixtures/invalid-response-evidence-mismatch.json","96BF9CCE90B37AB6057E8BB11617D4B18F0BE39B59F0CD3D1648D1FD11A8F413"
"contracts/grading-agent/v1/fixtures/valid-request.json","92898CA81306E3002E201BEDF8CF76B1593F51E09C479557F8EB26A00F772BA4"
"contracts/grading-agent/v1/fixtures/valid-response.json","052DCCD7273659ED3F86A7DFE20E95E273BFAB8EECD55CE87923DD581E6336BF"
"contracts/grading-agent/v1/request.schema.json","5F8C112A526683DC3D6698513E310DBCA081A7FAD6CF3F0C88137B94B4989DDD"
"contracts/grading-agent/v1/response.schema.json","CBAE45B41BEC3726C3C3FB567F851B8FA4BDE55D1B274617F8FCE046ED83CE2A"
"contracts/grading-agent/v2/contract.json","D4550FB6D7C9AE3B777B8194A383BC917F82BF28F12FE43FE234D9CF38D4445A"
"contracts/grading-agent/v2/error.schema.json","4F50E1B52303389B37675BB13A6E4493E5739E5754DF9307AB5874721614F4FC"
"contracts/grading-agent/v2/fixtures/invalid-request-remote-url.json","CFDA31DB6FB388DCA2BBEA1C711A13F260160FD4298520879CA66C2C9658B795"
"contracts/grading-agent/v2/fixtures/invalid-request-whole-page.json","F4BEE41C73E94012745812B91B21CA04EAEAEEE6F6BED63E02379232D13E3114"
"contracts/grading-agent/v2/fixtures/invalid-response-unknown-evidence-id.json","37A3AB3BC4F90753EF80DBB1125D006C0FBC4A908F41AFB0BEB67C82FEE6ACC2"
"contracts/grading-agent/v2/fixtures/valid-error.json","C7D62BB7784CD01CB7C3659E3F38884596E61BF4E2015A1BD2D44873A72F64A8"
"contracts/grading-agent/v2/fixtures/valid-request.json","B5B7949ED122269255D9265C076249BB706860AD5CDC1D16BC291DFF4EC668CE"
"contracts/grading-agent/v2/fixtures/valid-response.json","02F7B9C9FEBDF2B168970F5440B2F0471CAC2508B429F11224A5835D086C5487"
"contracts/grading-agent/v2/request.schema.json","AC5DE21A82A8EBEFD4263EE194AD1543BCBE831F1ED088E235F766B52E72FC85"
"contracts/grading-agent/v2/response.schema.json","AF86449EE5E2FBCE18EBD9BE29CF1521F2E8800DA92793FE649AE6CDE932F752"
"contracts/openapi/edugrade-api.breaking-baseline.json","77ACFD88C8A3B00EA0BF75BACDA744105A09F15DF829811EFF4956C6ABFBB0B3"
"contracts/openapi/registered-route-exceptions.json","7B050613155665D567C78AB65A31E9A9C75A0E202C37FB4C1CA5CCE830A4DF61"
"contracts/openapi/route-debt-budget.json","1B25ADF1F7F4CD4E56D507AE4CE0EF5F210D315F485C3E8975B8AD952BDA6F04"
"contracts/samples/error.response.json","11A0BAB634A2B23BCB65C2F0C212F15F5C7966460D8FEF95B5805A3E19AEB738"
"contracts/samples/processing-summary.response.json","2AEA765AA817C7A17786672889E7EA9B7083A00538CAD74942705BA33BA5EE8C"
"contracts/testing/coverage-floor.json","48DF74DC1C4CA3206A3DA7864C77B77804B4C88E7DEA04B419AC8DF832DB0521"
"docs/agent-spec/agent-overview.md","38071A7DD04BB38F41740BF3F4589497116907806A31902CE2745EBD65C44A0E"
"docs/agent-spec/grading-workflow.md","C2BF128FF5960EE7BB310CFA4E95E72B1E0706D36490EFF1A1F315C91EFDD22C"
"docs/api/answer-segments.md","ADC9A1D8D03CDD28F85742EA2C422F069F67EA684129D4BFE0AF02B5C485C704"
"docs/api/appeals.md","BCA2395CD4AD0E7996F7F2980F295A96E24756DE7B314D5BA08D60B88A823D7F"
"docs/api/arbitration.md","C88CA2F963D9AFB3574E47505B39775A825BDE0842C3E4AF4A24DD62EDEB6900"
"docs/api/audit.md","5848F50F80C7E73A81F09227B7501837946FDB1512EE11030987417971E74026"
"docs/api/errors.md","780F17F741DCAE2C74FDF496D2EFB7E6EFB67619DC748CB7ADC61BF3D309B9F4"
"docs/api/evidence-check.md","8FBE57ECC203289C647100DB27BF32792AFB0028FE659D6E7329ED6A2A4C414B"
"docs/api/exams.md","A9176DB277E4EA9804FB98BA1A1F7CAD4C4E6389571BA2F4B2E8C8FE05CEC8A7"
"docs/api/files.md","9AA0D201084BCC91F2395A83CEEA67674169E4D9AE7F840D8B73290A01EACC85"
"docs/api/grading.md","35DFA29D15C096469C5B624139A38054BC2D87AC4F814FF06F665BAA68CF7316"
"docs/api/ocr.md","DD39D42745F2BBA1D9228784B17B37A254B7A5052B4B856F297C93CC1CF93B01"
"docs/api/orchestrator.md","DBD036CB976A2D7238D1E2A9F8D6BC569912F37437A86E123B97D75452CB9818"
"docs/api/paper-question.md","75DD0D1AF25FB61C1848AAB9B989CCD8FD981D05CAFEE76BC734516C3C7A9658"
"docs/api/question-bank.md","1DAE2617AC52EF5E8E174A73E33F65351293F216C4CBD2D7EEBF1154233CE13C"
"docs/api/reports.md","E95BD20707844D7D0C3E6939352C5BF621251634FB1CBA3A1D19A6BF88041C10"
"docs/api/review.md","B2835AD6D9EE7F968D6AE28A22B7E738C36D646889A787F615F86C17EB28C14F"
"docs/api/school-model-api.md","32EB486AB146A71D67E41BB684DD29AC8DF4703BA9C215B24E052831E255A711"
"docs/api/scores.md","0DBE975BC132D6246ACDA14648BF60477F353BA83E7007C1BB69E9B65C98A0DE"
"docs/api/subjective-grading.md","BCCE92FDD320B95F5E63C9B0B9D483B3438BB0572418F4D53A2754BD7B8B68E1"
"docs/api/submissions.md","B3C7AF29B9B1FB06C6B761EBDF661442D0B187774BA4B3616C043D8B866488E3"
"docs/api/system-status.md","F8814ED9F1E8A92414D977F4CF893D0A3BC7391DB7E68F8B64D1F41DFD74AE70"
"docs/architecture/ai-grading-version-retirement.md","F9E4CD84C9C9D01249F15E38ADB8E46038273B621F438D27CE53A6F2F07ED779"
"docs/architecture/assessment-domain.md","FE00D624F816D36FF589D1C67A0F717A2B09C949A85504B422F13DAB6BA1390C"
"docs/architecture/command-idempotency-ledger.md","CAF8D1FC7AAD85108AA849341D5424CC1E2143957596DFA82927455F091E88E3"
"docs/architecture/enterprise-architecture.md","8916496CEA909AF38DD25947F6A4C491B7A0230E0A16241EAC1AE031554442E2"
"docs/architecture/image-quality-detection-v2.md","3BE8919B7F21EA7E471244589F47F85609A48424BD90AAF524D24BC5C2A85681"
"docs/architecture/model-calibration-risk-coverage.md","0A61EBA2F76A2E60E998354B0752DBDA93AAD0E3689FFF0D9E2350D0B1AE6A44"
"docs/architecture/overview.md","34D909A343992597ECEEDB71B850728A728CE2A09823396343F20BE798665C3A"
"docs/architecture/production-security-and-reliability.md","A295E2860EE208170CC4B400E540BB4CD4D0AF8AA49FE4377E09B57C1F5C998E"
"docs/architecture/teacher-account-security-mfa-pilot.md","3C4671637BEC61A1CFFE24DEF938A10BA4A34A2998A9847DFF78F81FF33CEBA5"
"docs/architecture/teacher-account-security-mfa-ux-research.md","88A6B18284F4CDE0779F5DDEB91955B5D13895A95079EE52BE2C16ADAE5529E5"
"docs/architecture/teacher-account-security-phase0.md","1803F84583393821661B3AE142813905A3B672CDF7000C93BD7B134437CBB16A"
"docs/code-review-context.md","629E5B69B4A6B65228C4D01984BF4A43C3D45CDB029D5836C9BBB134BB91C23A"
"docs/database/schema-design.md","6C16667A6F59C4EE756F673FFDC01FB602DC2617E01935D74A27837CCAC9CF80"
"docs/deployment/enterprise-acceptance-checklist.md","D082924DC0F9FD4CE1145D5A6D64A0932CC9EB26C7AA619A17E651B16CA1FA37"
"docs/deployment/preproduction-runbook.md","9EDFD34052C6EBDC56CC897DAD6132B68FC9DA5F945D0442A76F50AA97CEA839"
"docs/deployment/private-deployment.md","D2E48EAAD9F86E31770B2426E6BB37FF00321FDED040688465A094B4FEB984D1"
"docs/deployment/production-readiness-roadmap.md","676A4DC84CC32EF1762C61EB1BA6EFB334B3E20968973AC836EE29226E7752A3"
"docs/deployment/reliability-000123-runbook.md","D2E84C9FA39AC27DADC1D6FD1A04116BA2EA00EA1F649E14C8FE09C88323D266"
"docs/deployment/reliability-000123-validation.md","92AE3CCFA52953D9668F862018565BA3047468B595C0F09C1F8B609D3ACDED09"
"docs/engineering/ci-architecture.md","26F37258E40327BC05A8C093D98BB7D76C5D23BB93CAD7772E72C6B72890870B"
"docs/evaluation/local-ocr-performance-2026-09-01.md","8C4F05D308059B3010F9600E02926A7648CD83DAFF77A1D673A886184A9985DE"
"docs/evaluation/mature-product-gap-research-2026-07-12.md","16DC643AD4C574D75E9A20DADF83AB08079A76447869BD471288B157BB332D4F"
"docs/evaluation/ocr-metrics.md","A30D0195F34B93BD1D7203D9C9E6BC50066CAE3421D5661B015A13A3B63F5756"
"docs/evaluation/ocr-sample-set.md","3C366CECF7A0F3BEF0B58517E3D3B182B5643E3921F916005D3DD04923917D35"
"docs/evaluation/paper-import-model-api-2026-09-05.md","1CB3EBEF4094A38D9AF39DBC9A56E52E7D6ED88D0436FD1D345D4593B093B746"
"docs/evaluation/story056-external-data-governance.md","D45339295C7E653283C4844047CFD75CEEAC51B891344CF1D3C5841C98350D01"
"docs/evaluation/story056-external-omr-report.json","AAC30A3C37134C77BC3B5CBF8D9D0E349435C188FEC7878B58F9DAC172B6B46B"
"docs/evaluation/story056-external-omr-report.md","D88E5DAF4711F1CC38D2B71C2BA8E1C5E580E9562700B4FE3A7E8FAD8AA23A55"
"docs/evaluation/story056-synthetic-omr/summary.json","D37B7019EDE68B36C1C31E82FB3CD9FC4F7487C26F741C8B6B8E18B8D1CCD605"
"docs/evaluation/story056-synthetic-omr/summary.md","5B02BBB5C1F76A7492B89EED710773223250E7CF46BD6A5B09659A36A4D60B23"
"docs/evaluation/subjective-panel-p1-p8-audit-2026-09-22.md","35A5AF0B4339FE8EE9126545B11EED6EFDD5866C8B4BF96D10DFCBE9D0B7A436"
"docs/frontend-ux-optimization-2026-09-12.md","76B628CEEA72C3D2DAE42B038A28C6E275F0C1CF9DC710E1F223F3D89BC1B137"
"docs/history-session/.history.lock","E3B0C44298FC1C149AFBF4C8996FB92427AE41E4649B934CA495991B7852B855"
"docs/history-session/1.md","8E3E94CC5567B8C7B00533F9CE740820852DCFAD5CAA26632FDBE0BFC39F75B4"
"docs/history-session/2.md","1A11FA93ED06B4E7EE514D620484DBB5E9793CDD3240A5FD974231632CD163F0"
"docs/history-session/index.json","3506431AEB7479C13B3AEA3CAF93E6DBE95D2E5DB0000382CA9BB6CE9C4F0BAB"
"docs/history-session/memory/manifest.json","C95D47C11F66BE852B7DE25CBE2362B63A8E8124C610F2006B0438F853D6033E"
"docs/history-session/memory/state.json","F18B98C7F7A8F014F041559CE2F7FD5F3866FF2B0E306EED0AE082FA682E692F"
"docs/integration/lab-main-project.md","1A556AE77B9813D981799DB691686805A57B2A82B767557ABE905F50B8C6B638"
"docs/ocr-formula-ai-evidence-review-2026-09-12.md","4234311FB5E18A3F2D3677D9BB413EA905EED28D7D7F9BEC0479F7C923FC4D19"
"docs/paper-import-benchmark/fixtures/_template/expected.json","3FE50E71590AAB08C5E89443E53C4555A71B55087466D7B5AE24DD04CDB37D91"
"docs/paper-import-benchmark/fixtures/_template/manifest.json","5A040749C32BBD7EE5A5696C7C777876750DB04DECCC681565FDE6AFEFF7CE21"
"docs/paper-import-benchmark/fixtures/.gitkeep","01BA4719C80B6FE911B091A7C05124B64EEECE964E09C058EF8F9805DACA546B"
"docs/paper-import-benchmark/README.md","9726A11267D37B94322B258DA068F066822B69D311427BE823477ABC0850735A"
"docs/prd/assessment-platform-roadmap.md","2355779679E6C65C63EE996BD5242B9FE8F12D8052ACDB4F95A9AB6EEB3E3F73"
"docs/prd/enterprise-prd.md","9B83B4FE7A021A41AC62F7946C188FB821EE923739D80F8F6DB9E9AFD3ACF493"
"docs/prd/enterprise-v1.md","0F82997479117E9474C35079C0D47342840B46A12C619D5BE9E87A7115AD1BCF"
"docs/prd/product-scope.md","B8CDD6E0B994DB73268B693B08A7BF4CE9CD768AB2DE776D8051F227C5A74BD3"
"docs/reviews/completed-system-optimization-report.md","7DE597E88657D7CACBD512F9ED9DB518DF2EB1EF05B2787AD0570B4F6631846C"
"docs/reviews/paper-import-math-2026-09-15.md","B5A788019E5B07E9849279DFBB4B5663536F8AAC5E4BE2BBC93BF2A9B87AE1AD"
"docs/reviews/STORY-060-implementation-audit-2026-07-28.md","9D71A0FFAEC65C6E76D28011ECC8F8D79177BEF086C7F90AB270951DC7D3C27E"
"docs/reviews/STORY-060-software-acceptance-2026-07-29.md","853B994908D8F14668E733FD9C8E95653DEEF945EF140EF56E35A3480105ABA9"
"docs/reviews/STORY-061A1-implementation-review-2026-07-29.md","73B73B31D4F20DA84DEC62080BC6C0D455CD291BFD3E06B214452C1745603148"
"docs/reviews/STORY-061A2-implementation-review-2026-07-29.md","BE13CB106A3135177EEB33892F59BB88A2959735CCB440322D027B4B20224B7A"
"docs/reviews/STORY-061A3-implementation-review-2026-07-29.md","59CDBA14C6517E05338D6880CFED52CBCEB7E82187BE19F5CD77986DE28D1DA7"
"docs/reviews/STORY-061B-plan-review-2026-07-29.md","7C682325F676BBC53BEB25C42D414295F85D919AD0A5BB50E3534C8AEEC3B39C"
"docs/reviews/STORY-061B0-implementation-review-2026-07-29.md","07085C808EAEE28F179CAEFEAF14C0E5770E0691AF08ABD9F6B16A497663B6BB"
"docs/reviews/STORY-061B0.1-implementation-review-2026-07-29.md","023E732A319508F10099177BFE34E4162AFC99D92CE7C9DE789EF6D6C00AF427"
"docs/reviews/STORY-061B0.2-implementation-review-2026-07-29.md","3562BC3939B2A04C8E56256AE9F4A1E8686A894CA03F8BA410988B491BC6F7B4"
"docs/reviews/STORY-061B0.3-plan-review-2026-07-30.md","0867A868EBFE3F069F5AFEC5C28E7F5847F1504DD215E966E157BE214BFD3439"
"docs/reviews/STORY-061B0.3A-implementation-review-2026-07-30.md","10B9E620AE8D6F50ABF16F7F2C198954721D6C62427E139EDAE43F84B7F500C5"
"docs/reviews/STORY-061B0.3B-implementation-review-2026-07-30.md","79F860D89582ECA50A57F3D256DAF59A554BE8718AE181E77ED2B2294E6341FD"
"docs/reviews/STORY-061B0.3B-plan-review-2026-07-30.md","46E17B23A5ECC859FDB69ABDB485CDA820DF0D70557041726CA3F3790958365D"
"docs/reviews/STORY-061B0.3C-implementation-review-2026-07-30.md","32868270A94BBADA128301BB308A4C6DD0F51408994300E6D68056CDEDF6C6C3"
"docs/reviews/STORY-061B1A-implementation-review-2026-07-30.md","CE3BA41063783CF7E1666286F9611CC59C3809210DE74E88F9B49181C714BF77"
"docs/reviews/STORY-061B1B-implementation-review-2026-07-30.md","D6F6A3875FAAA3EB2E892499D4A73F71D0A677FD8AB31CA422C41B89260FFE45"
"docs/reviews/STORY-061B1C1-implementation-review-2026-07-30.md","E80DACB95E7C5C7D246B3B4564A064F8D81F85D1DF4B9C358146EFD4786CC4E1"
"docs/reviews/STORY-061C1-implementation-review-2026-07-30.md","2123E72E9B17C2937FA3A506D3A69F252302AC7AC3B944C8F20B413A7AEF0882"
"docs/reviews/STORY-061C1-plan-review-2026-07-30.md","A34D07DE9A90927E269EA720B4EACA5AB97CEB967B03568B4E891589E5F25F17"
"docs/reviews/STORY-062-implementation-review-2026-08-01.md","95B5CD9EE8563808B8FD7FA80AF4D184BFF40961830E7DA048A124B5C242EEC4"
"docs/reviews/STORY-063-implementation-review-2026-08-01.md","02AF6E09748A5BD98C13B13638352ACD3DF6F8DCBF1EA98ADBD133D7DADDFF0E"
"docs/reviews/STORY-063-plan-review-2026-08-01.md","551911043D069909C65711C266D5066E524ADF578E88FF19FCDA503430E64F05"
"docs/reviews/verified-review-fixes-2026-09-16.md","5BE4D7497C99D4E740665C3C6BD69F82ECDDCD9FE3917B336B7C9740ABB04BAD"
"docs/security/compliance.md","A967051CFE44748E54D6CA85F3FCF8CE83450C15D945E22A51FA8B0490628B29"
"docs/security/security-principles.md","C794AF20146D7C8FB50B7C67E7BD16FDF15B0DA72367A191F8D90AF3A464C9DF"
"docs/stories/README.md","5F07E3D97E5774BDE42E2F06E6F6C704022198ADA09A0ED53C6F600B2E32727A"
"docs/stories/STORY-000-control-review.md","345F153FEF03301E5FEC8AC407D2732EA645E2DF4C4E6A641740A9555E75A61A"
"docs/stories/STORY-001-approval.md","27CBA69091106DED8F39F2267455F648133C5A027F06AC7D4066C3A423DCAFD0"
"docs/stories/STORY-001-project-skeleton.md","30EBD7CC578B7E7F514CBE5A99E8D7139782F349B127B26EBA884416C1514BAC"
"docs/stories/STORY-002-approval.md","F3B7A8CA198AB8637F3516E28855A7B6121D27EB5542B5ECEB6FE9F555096F82"
"docs/stories/STORY-002-enterprise-prd.md","BA6AC71B57FE17078AE7126AB42BF9031BC1B16AA582DC725571F2A1722E9D19"
"docs/stories/STORY-003-approval.md","EB5541BBA806C375F11BBF9DA8762F2509ABDA4D9511E608A504624C1A0EF4BF"
"docs/stories/STORY-003-enterprise-architecture.md","F1AF8A241FFD14EA04A42641577BFE14C2F486884A371F17972C8B086E066A60"
"docs/stories/STORY-004-approval.md","7B346566C702301E0B608830FB0512FA14D73CDD9B92CBECFA6BD699AACBEAD3"
"docs/stories/STORY-004-database-schema.md","C0E6E3B94526F9D80CF2C15E77192477158D0BA88545855FAC446DE65673E2D5"
"docs/stories/STORY-005-approval.md","C366926166064E9A7617181A358634C4808852C0C346BC7DE766DB0CF50BE81D"
"docs/stories/STORY-005-backend-foundation.md","67CFC80B7CB720C7E0B93F2B27E932D55A85583D322F774D5B74E039854C4049"
"docs/stories/STORY-006-approval.md","D273BD14C822F98C8DBB7877C3A327A12329D335975350F4EB155D76A43F949D"
"docs/stories/STORY-006-auth-rbac.md","A70E07D133EF9A320698F9037FCE70821802C01ADDA9CE04DF5FBDD44435033F"
"docs/stories/STORY-007-approval.md","F6AFA950247FF7DFF9C3DD99D3783005BDE86429AAC3AAFF2B34137B584B5DE5"
"docs/stories/STORY-007-organization-management.md","30709CC5F2D72AAD7BDBE08929CA6AD5BD15231787741D659E2656090869C96E"
"docs/stories/STORY-008-approval.md","215F12FB3C2986A1C0F093F4EF2CF07BD63BB544B3CB1CAF1F80648256792938"
"docs/stories/STORY-008-exam-management.md","37095A59C4787C15457D75E2CA9380C78943F3D02C0AC1F09A5078C9D2FB6F46"
"docs/stories/STORY-009-approval.md","63F854C3D0B2474F95870D5229D3C9E5BC43A3241085E8742CD2E59A34D0DDF4"
"docs/stories/STORY-009-paper-question-config.md","2D5A2B2278C645DA071B9645346599707AEA1940D77B11586BCC7D8218CF3555"
"docs/stories/STORY-010-approval.md","35FDD09F6AECA4FD5986446DC603A9D37DAADBF0019356099F2468DB9E16DE97"
"docs/stories/STORY-010-file-upload-object-storage.md","88455DAB9F88ED126ACF92B979904D3628EB5D5949CD0DDC15277C4D8BC2C5B0"
"docs/stories/STORY-011-approval.md","0C10C0051841E39B616197985B11BC93D67467FB8F602D23AF205EC75B3C32CB"
"docs/stories/STORY-011-submission-collection.md","0028088AA31342B8A817EF955B6CC5FA0A5543B0F581B30434B9C01D662167D2"
"docs/stories/STORY-012-approval.md","FAE7E73CF79C3E09190E7C97BE77A3DF894F3752BD8C4F6F9DA8F392165526D0"
"docs/stories/STORY-012-ocr-task-interface.md","752BEAE3793E2559192C76705C3512DCB85E34A9EC50B79F11F5BEEA6CF13A00"
"docs/stories/STORY-013-answer-segmentation.md","79E18744D573FD44B9D72294450CFD835E42337DA908058768DFDF42F73FB4E1"
"docs/stories/STORY-013-approval.md","6580F440EE5D83FA2C9747B1913602432857B47C8B3A6CED2BA52DABF9A80C4F"
"docs/stories/STORY-014-agent-orchestrator.md","F8993F5646D47A52D1F8DA36455B743AF772718E4DCB022C68ACC04CB9838150"
"docs/stories/STORY-014-approval.md","11DCD7964494ED83FE323D74DD3B498423152A5FE6CA306A84AE8388C640AB72"
"docs/stories/STORY-015-approval.md","03294EEBFB3E75926D4DCFC6549E381F788FAD0A389B8190A731D94A5896BC14"
"docs/stories/STORY-015-objective-fill-blank-grading.md","8F444FBA384FEF047FF547921D96F24E0EAE3AB222F023433A2C333B76615897"
"docs/stories/STORY-016-approval.md","98D4A2C2AA49A506E2CC18494E01F8E9F6D30E785DFBC31E2580B54E81FAC58E"
"docs/stories/STORY-016-subjective-ai-grading.md","E25F5621B89E7262CD8FF9C863450654D8B96CC65A754220177723F67EB7B38D"
"docs/stories/STORY-017-approval.md","F562EB037AB772EAAE67FBA2BD2683A14DB0B60740FB8C2F7AC1405448DE5D93"
"docs/stories/STORY-017-evidence-check-agent.md","FE2491C292393410A9F39D6925D32B132452DCEB5DD3C0D8ADF5D5DB846C8A05"
"docs/stories/STORY-018-approval.md","8101745BC04590FFC93B326E468F4EA3C219DF3A0BE5B353367BCB39B3D24A3E"
"docs/stories/STORY-018-human-review-workflow.md","26EEB52BA5A3C8BA09597305F4E30243BEAC1A5EB1DEF9D4E590EE7ED870D8B7"
"docs/stories/STORY-019-approval.md","553AC4603B6044427991A940CA3A7566A36359E7ADEBBA45997488750C16690B"
"docs/stories/STORY-019-double-mark-arbitration.md","D211A1F625B936DF9E7F41C875751839084AD92EF3FCC3BC6BB3BE2E854804F1"
"docs/stories/STORY-020-approval.md","D4E6F556BD19049EAE7D0AE4D8CFCB7184D1229A1B3A24C5978F1BAC39892A47"
"docs/stories/STORY-020-final-grades-publishing.md","072E9D11AC05E372618951798655B49B56AB5B5DA578BCE3F0CDC91F7886FBCC"
"docs/stories/STORY-021-appeal-workflow.md","2F385E57FCF1F9A399F1414271B666B4AB1C2926FEC300794E61D20A6DA4BD0E"
"docs/stories/STORY-021-approval.md","41D458358D77A600B48BF728959D75505BE7CE3A769B40DA4BE628B649EEB02B"
"docs/stories/STORY-022-approval.md","6116506BC36B78FD2D804E34B9AD77306BD5877CC1D2057543064CE4BB3EDB97"
"docs/stories/STORY-022-learning-reports.md","6D053798035F2DE831025818115F5E089318A10DCF22CB8F03AD95FC11157EF2"
"docs/stories/STORY-023-approval.md","865D1D0B0B182857D89C9E7A74A105BBFF79F49053DC82BB49293E860EABB553"
"docs/stories/STORY-023-web-admin-foundation.md","B17E0FA557B5D23E0D9D3B12F29375D763C14D9A9F23A2A77ACCB690DC95AEB2"
"docs/stories/STORY-024-approval.md","B7A2B48C3123061489A768B4FB400CDA5526C52BEE3951EE198BA5129DDAA89E"
"docs/stories/STORY-024-web-exam-management.md","FC5EA3EDBB1DB0F4106A3DFEFC734D4C98CED79F0D8E772CB8B0B8DB95728B85"
"docs/stories/STORY-025-approval.md","859D8C18514EAD43E782D3A8763E4CE3B4B89B47BD19953F1B34258F27C8E6C0"
"docs/stories/STORY-025-web-paper-rubric-config.md","B0EEB4647E625F77C007D5DBA225C06FEF0BFDE448B154915F1692BF84ADDCA6"
"docs/stories/STORY-026-approval.md","53F24E38B6DA2B5A874AF1556C229965926FB9F1F2A409AAA122F2DA1CCA0587"
"docs/stories/STORY-026-web-submission-capture.md","CF40660F3D39DBA433F4480F1480AD2CA97CEBED5C66B0D513FF6DB3BAF604D9"
"docs/stories/STORY-027-approval.md","74845FA663C76084F6EF86202D25013B7A52DCF576D7C18543C3E0E79F842901"
"docs/stories/STORY-027-web-grading-workbench.md","62DA47E729AE8DB08C7407B1AA8BC869048BE67B5D3C81D8C8352DE3F032A010"
"docs/stories/STORY-028-approval.md","EBC5923002F3E6B18B94D542659666B27746CD4729D98207BC9E5EB9269E2D10"
"docs/stories/STORY-028-web-arbitration-page.md","B2B46E0535ECD42B31260D408A3711E787ACE42FB1EAD32836D1D11ECE4C9839"
"docs/stories/STORY-029-approval.md","89B4495E0E102D88387C5FA62464AFA64D10BFC7D4651CBB32C09AEF9529AF25"
"docs/stories/STORY-029-web-score-management.md","1DB72976B66271F1CE93BE8D024DBF3FDAA9B03D44A0DA8C36056B230A42A441"
"docs/stories/STORY-030-approval.md","CDE5027792B62BDA673A7679BFDBE6EE01B29F9BEFEDE6DBA35320B75C266BF0"
"docs/stories/STORY-030-web-learning-reports.md","240D1BC433A3D66621337594B5C0501F8A0EFE0E4CAD04F74F31E51B8A8BE7E3"
"docs/stories/STORY-031-approval.md","7B610257CAA1DDA0002A5566DD69994FD0A0D8D5C1FE16BFC56508091E8B3DF9"
"docs/stories/STORY-031-web-appeal-center.md","6A59B189E98B6C4AEEBB4146EECB6F6CC3106BE9AD9D4255341140F48B50A9DD"
"docs/stories/STORY-032-approval.md","7E990D7F32DA5ABD281A2839C9D601DB4609C72DB8856C4E778363AD071339F3"
"docs/stories/STORY-032-web-audit-log-page.md","AAA07CCA0F46177757388D4B8792F82C2D0D37F1EA577851AC6CD99CF7618401"
"docs/stories/STORY-033-approval.md","D45131434E21AEF958BD469E36E4227EA2B786A23902C698B19318796EB9012D"
"docs/stories/STORY-033-windows-exe-client-skeleton.md","F40E3D14D7C9176E9E0DCD98278B12E3FA0EDBCA245658CE78DE8E91DAC02EB2"
"docs/stories/STORY-034-approval.md","3978376644527C3DD9936C7037BED48663FCA123A4CFA05E48A319752C56F2CD"
"docs/stories/STORY-034-exe-scan-workstation.md","030AD41DFDB144FE6ABE2E4C1DD780DE2A148791AA212A64E2373C306E170055"
"docs/stories/STORY-035-approval.md","F9D54FF9D1FBD8D0685572CFA569519CBF923D277901E23137C4505C422801E6"
"docs/stories/STORY-035-exe-offline-grading.md","B8D543CC9BD3C028D9E57E1512BEFAC9D00704EB62CBB96A09B3D66F546E2BCE"
"docs/stories/STORY-036-approval.md","7135E1BE6767BD43866B1ACE0C815E8172B6AF2BCEB2C7E4583A5198A2455422"
"docs/stories/STORY-036-ui-design-guidelines.md","2BEB057973DC3D93D02F3F702CB7FD9B55A09DF445B52D6769C25657DDE83BBF"
"docs/stories/STORY-037-approval.md","D61064C7BB56469518F247A9184B07C03B2D1EBEC5BB9F4CA9B718C1A49F7ADD"
"docs/stories/STORY-037-docker-compose-private-deployment.md","E6DF878237E85C2B08EAB40E3EADC957E1642FC9DCFDB09BC7171F7F30894585"
"docs/stories/STORY-038-approval.md","9813A4079077634504FDB2C48DD1EE37EC214ECA6D7408EAFDF6ED2EC6CF2306"
"docs/stories/STORY-038-observability-system-diagnostics.md","33839440B69896359BD644C4B63C54FC569CBD0E73DBF2B3D391E343EDFD305E"
"docs/stories/STORY-039-approval.md","A0111437A80490ED01BBBFFF011D2B2084FF574A23CA46D16DB208C2B61F1A40"
"docs/stories/STORY-039-security-hardening.md","61616BBB416DBA522BDEF1605A7E49D57A04CA7A4071822A0CFDC2C9B5D49010"
"docs/stories/STORY-040-ai-evaluation-quality.md","ADF0D48433C10F052F8DA2514BE50EFF09C706B1F607D3D78D786CFD051AD934"
"docs/stories/STORY-040-approval.md","693B37893D0E4F3147464F1C508B6F3A5CCD1E04A0BAF4851CAC26E57566D234"
"docs/stories/STORY-041-approval.md","A00F507C0B93C46B6B851CECC1294939759F49C838575D69165D5067580899DE"
"docs/stories/STORY-041-e2e-core-workflow.md","786D7EE66FBAC7B0D4FCC179B17AFCBAA20B836E1AB4D9945211D9F89A1F3BA3"
"docs/stories/STORY-042-approval.md","C3F7F687C55A55D5ACDD5C1AB76D764D5C8AA49D229701F52E5C5F47FE767D15"
"docs/stories/STORY-042-enterprise-acceptance-checklist.md","009642D2D4192CB4EE145C1F717F9682BFE38FC597F9E618DFC0F119B231435A"
"docs/stories/STORY-043-approval.md","5910CF1268D53A8B81E0089C9A397908CB783B5A1EF85C383A84DB149A78F510"
"docs/stories/STORY-043-pre-release-code-review.md","0B807035AB0470703999A3C3EB2A252174C72342792C4905BE514DCE2312CBAA"
"docs/stories/STORY-044-approval.md","05C223960186809C5DF173B9E239705AAAB585C7501682719C60A3713950503D"
"docs/stories/STORY-044-critical-risk-remediation.md","30462B28BEA6263A7CF3EEF6CB288F296E0E2ADD4B6D45804999B7EDF42E533D"
"docs/stories/STORY-045-approval.md","8524788D00B2EA23AF41FC02AC457E3FEDD150C5C4DF8E26DE9AB99707735A67"
"docs/stories/STORY-045-production-readiness-roadmap.md","9C16379D5E30AB45D7D54C7311E72E0B0A96AC76319B446ED0FD943F166118EB"
"docs/stories/STORY-046-approval.md","344523D23F2A029974514366285DF56891B360F339D8180059DD706528420DB8"
"docs/stories/STORY-046-production-bootstrap-session-hardening.md","4A1E4CAC15C6E4D404A294152FD3C8E1E84B388204014973484E53671F892C5F"
"docs/stories/STORY-047-approval.md","563CB8B0FA35E628986E8D2D82EB14ED1B3AE5477EC6A720431B740EF19A108E"
"docs/stories/STORY-047-database-tenant-constraint-hardening.md","798B15446C7C6366EE94EA277C9A5F17F3239AEE348A3AB3E4307A07F243A302"
"docs/stories/STORY-048-approval.md","9FBCE836D1AA69A0AE238CC273BAD5C42B0F6BF743CFA34E6C053944B1FF2120"
"docs/stories/STORY-048-web-mock-retirement-production-menu.md","8CCA26A1F3F4C712E4C52894FD83F989B8679AF7C77990322204C5C3752002CC"
"docs/stories/STORY-049-approval.md","99D4D58216C07C0EABAD6EFC9448D259319C60AB36F60B4230C7F82D37F1B138"
"docs/stories/STORY-049-real-ocr-worker.md","56CD8D28E61976072BFB8C9852642FA334431B70C3F0949CB0E6E7B575F13AD5"
"docs/stories/STORY-050-image-quality-normalization.md","B1BE282FFDB1011D5DB825E3AFEEF1A68C3C19492B0773869B54A8B0B77A213C"
"docs/stories/STORY-051-agent-worker-runtime.md","0EC393A39A82D7555202C50A73B06A338FD41DFBD9523A7BEED188C580543D24"
"docs/stories/STORY-052-production-deployment-preproduction-acceptance.md","F933D3F315AD6C600DC1D87B8E73D234389E18712AE2D14255A3E73E4D6A246C"
"docs/stories/STORY-053-product-shell-onboarding-exam-workspace.md","B5D17EA5231FF24CBCBDC631DA5F4EFC50A66C8A5AB7ABB2BA02B740B5044F6E"
"docs/stories/STORY-054-exam-configuration-template-readiness.md","7D2B7517E773033F5BE51CA44F83C4F4689EEC7FF45C0AEAE6D4D1046127CA76"
"docs/stories/STORY-055-capture-batch-registration-segmentation.md","B026FB97188A6BF8A559A66F281AFE893A5CE939AD711EED17CEC9319C139E24"
"docs/stories/STORY-056-objective-grading-professional-workbench.md","5B62C1B8E1113CDA0DEF040E82029F8503945B01401155D39C02DAC92C95981C"
"docs/stories/STORY-057-grading-agent-production-contract.md","17C693075C0418E444E0BF9FBB3439B9B043E0CBDC9BBEBAB9533A3733028670"
"docs/stories/STORY-058-grading-agent-service.md","5768F85A3F44F9875A98B14349675BDD06B21B357F704245B1A4BF45B34D66B4"
"docs/stories/STORY-059-platform-grading-agent-integration.md","F13D1F4226905C0DB4CE22C3E1D795D73B65157B3F9ACE986EEC84836734FFE0"
"docs/stories/STORY-060-approval.md","9E8289EAD8B77D7A360434EC52C227102437ADC21A038AAA549996FDD590DDC5"
"docs/stories/STORY-060-objective-automation-integrity.md","9B9685034001D5035DB9147BFD56575D85E346C015A0256DF37342BF4544718A"
"docs/stories/STORY-061-multi-provider-native-model-governance.md","FC4E91AB480CE158D14A58B6D4EDEF2AF98CC3075736B94B5C5ED33D3AC012CF"
"docs/stories/STORY-061C2A-evaluation-batch-workspace-review-2026-07-30.md","8DFBAB792999767C04B0EEF525CA53F8D03445085A9B27C5510DE5B4BDDD1A9A"
"docs/stories/STORY-061C2B-candidate-comparison-review-2026-07-30.md","BBAC86FEDAA21E2E868963F69F397F92D54DC613E3E8315A42710BDFB3DE8A8B"
"docs/stories/STORY-061C2C-evaluation-lifecycle-review-2026-07-30.md","6CE4A6192593FFB4410DDC07BF36BA903BB3D910DEEED238999B2C913F03902F"
"docs/stories/STORY-062-grading-main-flow-reliability.md","932F3841B136E5DB0B52318DDCDDD5B926B5E6619FB5E2CE34BA65BF1E6E7561"
"docs/stories/STORY-063-subjective-shadow-batch-orchestration.md","4A2218E17885DBD09090661C131D90981E64423E67D86B395843764218C087F5"
"docs/stories/STORY-064-trusted-school-dashboard.md","83E6B6CD9A4E371B1ECC331F9334C820634677E54852C47C909ABE4C8FE63FA3"
"docs/stories/STORY-065-role-workspaces.md","8EEFDBDCE0AC6A89CB6401B516A0AB6B81B0927D616A82A0168FF44395A32D3A"
"docs/stories/STORY-066-ai-fail-closed-runtime.md","2DA63DA2265EADC1D3592211A9BEC2D3DADD32F7BEFEFBDABC3B1F21B8E6C287"
"docs/stories/STORY-067-browser-golden-paths.md","4473119852B8B7D816769EE4B7F4917E2A2CCBB851B06E14E90A6667CDD5D19F"
"docs/stories/STORY-068-grading-accuracy-benchmark.md","CE32D99EC1C6DFDD0411C2799A1E3C1D5048B96E5BF60446BC44976E4AE8B5B1"
"docs/stories/STORY-069-versioned-question-bank-rubric-library.md","115B51ACC7030EFCA1E9C71E1E4CA9B7415D9D27EBD4C1D793D5076E997B072E"
"docs/stories/STORY-069A-question-bank-core-item-version.md","85B1867ACACE130A5E766DD26E091E7691FDF5202F128D838EBC4ABD27C283B6"
"docs/stories/STORY-069B-answer-rubric-publish-workflow.md","79855D34DB43782DD885CD3F35148C33581E0F9C56CF5D5165C55D239E637764"
"docs/stories/STORY-069C-metadata-acl-search.md","CB888147126C32D34EB9E926CDCDB6DC505081B6CFF8A5D53C618200996E45D0"
"docs/stories/STORY-069D-existing-exam-bank-import.md","9EB49B38E19D2524DC6197CE83D04840246B8ADA8A9A72C01DD1D9CD52A8E38C"
"docs/stories/STORY-069E-paper-import-bank.md","45D598EDC46B1B11BAAE23FA6EC8C81FE39F7AE64AA83FD5EA81AB43124C10B5"
"docs/stories/STORY-069F-usage-psychometric-feedback.md","F074D6D994F0D890F2F12F51C8DC8149230B116A7733BFDAC382757A60DDA032"
"docs/stories/STORY-070-assessment-blueprint-smart-assembly.md","D8907FC1572A6ED73F21BAFB65A628FF948ACC3CDCDB9B31EF610C7A3B4A135F"
"docs/stories/STORY-070A-blueprint-dsl.md","22472CCA4601325334FD1576698F9F08335BCEB1CA3B5539BB6205928996DEC9"
"docs/stories/STORY-070B-deterministic-assembly.md","9CC77776A29951F4124FCC85C3D7063A96AA518F85396A591F3B998C929F3C07"
"docs/stories/STORY-070C-exposure-control.md","2BFDFFEBC59CA2308C835DD028303BD9644EABCA796AAC077800967DF3524614"
"docs/stories/STORY-070D-parallel-forms.md","378DB2005F76D9CEB3711B96B120F4CD1721C4496CF037E90C34CA67DDAD5546"
"docs/stories/STORY-070E-milp-solver.md","2B63AA4E515D031FEE6B4F3CB974F9CABC5B0961FDA737909551204C7CFA6DB5"
"docs/stories/STORY-070F-qti-import-export.md","3CE94397D7626359AFD443DAED5026A9DB38491A3E364A4C0C744A6FAE8BA9EB"
"docs/stories/STORY-071-question-quality-exposure-governance.md","CE0993656B6C4ECEFFC3AFD365F0BB3C0957928CDEBCD8A49C1FFA5B581F304A"
"docs/stories/STORY-072-notification-event-center.md","2FFA6AEF6DA808D5E07AEC6F7BE7B7AC8CC94EFFB1A6752FD570D880C55A551F"
"docs/stories/STORY-073-integration-hub.md","DD88E3D507226B4DE30C269BF2B4EF7781C454A2F1EB0AEF5104FE4C6CE32721"
"docs/stories/STORY-074-enterprise-identity-mfa.md","71AA1079159A7C030A24B0E7D5CD97911B946F60C343E60288E2158C96F9391D"
"docs/stories/STORY-075-assessment-series-longitudinal-analytics.md","6BC3C1A42B31C6F12B4FD575729EFB6BD6F578544163F6656ABBD15B0E3C9309"
"docs/stories/STORY-076-exam-operations-center.md","8B16959411294DBFC5BC6E949248FAD1DA6248D3A670260AC4EC608A988E6C59"
"docs/stories/STORY-077-learning-feedback-error-taxonomy.md","9724E515A13E9C3E95F00F47EBA5E7E4822B5F3FBFC8849FC18845EDE64D91BD"
"docs/stories/STORY-078-personalized-practice.md","9757A359AAAFEE90428938546D21FA4768410B2983AEB6D4FC371DD26D019E96"
"docs/stories/STORY-079-role-aware-onboarding-readiness.md","4731EB62C2706A1320B91F51C828958430ECF24BEB8117A2BF15A2FB2D1F86B6"
"docs/stories/STORY-A01-assessment-domain.md","4DBEE0C12F52383D53BFBB087B9F5FC34904B7FD922E2574585EDFDE8FB77B5E"
"docs/stories/STORY-A02-design-system-workspace.md","BA5057B02659550E57F1FF209FE76442709A52A204C6FE0993CB1CF47B006123"
"docs/stories/STORY-A03-openapi-sdk.md","575C1E36AEE13F9214E1B29746FC60D0C3D0AF4FFC9E0B47FCADC2D3531D99F3"
"docs/stories/STORY-A04-feature-architecture-workspace.md","DC713055DD4DE61EB3E4C752CD935AB61DDAFAFB4C89BB26D8C6C6D4B4B3F3E8"
"docs/stories/STORY-A05-subject-aware-grading-workbench.md","45643DBE197DFF119DD211EB7E80026A53513BC33D9F9AF092C0B6EFCA1476AE"
"docs/stories/STORY-A06-annotations-keyboard-prefetch.md","0D276973DBB12185A7F1B9F69DFCA31A70348C24687F3DFA03F415F79F5AAC14"
"docs/stories/STORY-A07-answer-groups.md","86A1C2256B330029E1737056CB26076A3A71FA98B6FD68C95ABFC81656AA316E"
"docs/stories/STORY-A08-gold-papers.md","F12F8715836D392BF7A1ABBCAFEC7D2B0574D456CF2F3B2719D0D2EA597E8F91"
"docs/stories/STORY-A09-grader-calibration.md","52D6E5CC0A1E5789C04D81AA0D60B3DD005D2B38EB63836E76D2441F9693691C"
"docs/stories/STORY-A10-seed-quality.md","626D8E6158BDEF140B758CCB9A92777232CF43E3984E028294D4CBF775F3C018"
"docs/stories/STORY-A11-grader-drift.md","0557449F6FF3E910F69B555ADDA59AC8E837CDE7E148CD19241A28AC127152EA"
"docs/stories/STORY-A12-backmark.md","0ED1F5EA046D0DCE6D9225FDF99E04A237A6165015C15582B57FED30E2222558"
"docs/stories/STORY-A13-quality-dashboard.md","3FC584A3A306DC90F7EDB27F8556AF04A796A659636791B30E02C3246B9267C1"
"docs/stories/STORY-A14-ai-eligibility.md","34A2BC0FC2B5974E216F0CFB0124E1D966757F677316EDDEF8AF5CBD74D90990"
"docs/stories/STORY-A15-model-confidence-calibration.md","70CE1BAB64FD4A04E99F21E82B4AD3C23D506C8B9E7AD01FEEA6A119EDFDA338"
"docs/stories/STORY-A16-slice-evaluation.md","C6947CE24B3AC498BADF608A07EA70BF3282418BE074D1C8929CEBFEB7B874C0"
"docs/stories/STORY-A17-ai-human-disagreement.md","81A46D09692C8B0F55FE8F6DB10275F4DF70A4F3E97942826849D4B3CCD47D6E"
"docs/stories/STORY-A18-score-releases.md","24AE46389BDF1CF0DC2CB643E7414F92E47E69D692B19BD56A3FB3D819A620E5"
"docs/stories/STORY-A19-question-regrade.md","6A40FDCDC6E5D082DA6A38E6A4F02066C06E50808868F6D5786BF8A5CCEAD955"
"docs/stories/STORY-A20-release-gate.md","55E6BAD48544C0BDA58BD1E49508E9A8EBB14818C5B424B0D754FAFAC90C4291"
"docs/stories/STORY-A21-student-portal.md","A98ABEE55F43B623CA79C61183E9F84049E2A0D441AA84F0CC185F5945E3D8B8"
"docs/stories/STORY-A22-question-appeal.md","5E9C84E859658F859E06DF049D870063BAA5F9599342091CEA44293EF6C13786"
"docs/stories/STORY-A23-desktop-durable-storage.md","954BF1346AA9669578B8155D7FA2334E7FA33C9C80F9974426DD71BF1CBA8EF1"
"docs/stories/STORY-A24-offline-scan-spool.md","F42ED008F191148253EC1F5827308FBF3F13D0D01252AF8DF1F691FDE155BD05"
"docs/stories/STORY-A25-scanner-profile.md","7079643A8DF81BABC5E5EE706E10C3771F05E23C28D4FE38181081940EBD3EE2"
"docs/stories/STORY-A26-processing-state.md","772FD528D4FB161A3FE4F160284D0490F25092BD27FD14C5036B704869002443"
"docs/stories/STORY-MATH-00-contract-benchmark.md","85831E3680E8F552A560BCAEAF435D12540C4A3F311FABDCC2DD33108F1C1B88"
"docs/stories/STORY-MATH-01-formula-router.md","85DB8F1C3305BB9762B62D76C71B2C108A6E015BDE36D850796F1D042F5112D4"
"docs/stories/STORY-MATH-02-formula-ast.md","535438111A4063B892B46A071F4615AB62989B2D3E5ECC11A8FAB056B877C744"
"docs/stories/STORY-MATH-03-spatial-graph.md","86DA9880AE1477E62FB8D64A0481ABBA688DF63D527619C6006E10B75D9A2052"
"docs/stories/STORY-MATH-04-symbolic-verification.md","4E844B4C2D4D49D5946B7D8E5DFBC28552E1FAB86803274579EA5714804B5654"
"docs/stories/STORY-MATH-05-solution-graph.md","E2CA1651BB1BBA68B8342EF1C8E94AE2C97393AC4539082D072735861666D87C"
"docs/stories/STORY-MATH-06-rubric-evidence.md","322C2B57A7ED50BF19C63520C0450EFA39393788E71D3E9B1063A53AA6F37EA7"
"docs/stories/STORY-MATH-07-evidence-workbench.md","6019A6E0346EDF534F78077A83255DF4887CF486D64391937D478E0AAB598CAB"
"docs/stories/STORY-MATH-08-pilot-gates.md","F5D13B67D6EDBC3E8C5B9C85F460091ECD10DCF1B2D8F756931A4EAEA6E35D08"
"docs/stories/STORY-MATH-08A-effective-evidence.md","920099F1F09DB0E8877E9F5920962B7D4A8974AE44D5C92F8F79BB3497C613A8"
"docs/stories/STORY-MATH-09-runtime-spatial-integration.md","761D32613098581C0363AF618C261A80B3F371F59A00F58E7DC18263BACBEE50"
"docs/stories/STORY-MATH-09A-mixed-perception.md","7D86F6B1604F70F4A56351EE3BAFB0D64B2330D721EBA037F7CD634481E41D80"
"docs/stories/STORY-MATH-10-image-quality-geometry.md","21D8344F84DC8B99C98F1FFBA45E81C02FE3F9CA0CEFE9E67409C4FFFE1848D6"
"docs/stories/STORY-MATH-10A-solution-graph-v2.md","DB889BC5000A5AD9204A850D7DE2BA589B7A34ED050AA1467604CE7D5B667C1F"
"docs/stories/STORY-MATH-11-symbolic-verification-pipeline.md","F32E0CCF8AE1CE0E2B41CAA3E6966823A9B1CD76EBBA18129F29465165F6FE9A"
"docs/stories/STORY-MATH-12-deterministic-rubric-scorer.md","9C82C627C0394E378D9C18481750BAF83D8C7AA0E9CC5A43A8F69FB718308712"
"docs/stories/STORY-MATH-13-grading-agent-v2-production.md","4CB356E6D4121F8F9ED2A4E9116E85A9417FE9C14FD6B0A34601EC1F65FBA69D"
"docs/stories/STORY-MATH-14-grading-workbench-evidence-loop.md","5216768EC97F64FD3AC009BBAF9720555679690D9FFB9259D3FF08F5BF49A5EF"
"docs/superpowers/plans/2026-07-08-story-049-real-ocr-worker.md","99593B58178B71ADCEDFC4C90472E3DCCD6F4D40BEED30EA078F6219192B366A"
"docs/superpowers/plans/2026-07-09-story050-image-quality-normalization.md","77568394D9EA0D51F8F3305402C285992BD08ED77B460D153C0B126AC9F2F908"
"docs/ui-spec/enterprise-ui-guidelines.md","2D32D898A7F5E3D4534C3A550393A6E29AF94036FA0B33DD2EB1A564A1EEF94C"
"docs/ui-spec/ui-principles.md","9BDAB2611B2EFC16E837D7618064B97F067DCAF28992F00626CFCCDF245F61B8"
"docs/user-guides/first-use-readiness.md","E50C944235389A6DCD47A6D9DCB65F1A5537103D0F03E3A0BA53B8109A92F710"
"docs/user-guides/organization-onboarding-and-exam-workspace.md","AB95A40EA4DA7ABC7E0C288B98FBA4D6EB58C17ACD3AD581192D8A3FFDA4DAFB"
"docs/verification-status.md","E32E6F5651170886BEEF2E6535179715BEDDC7BFF6BDFDBE8585B5E0547749DE"
"infra/docker-compose/.env.example","C078079F3D67B4301BC75E935FBD8956E7B8D0E6358B078FB2798FD112CBFEC1"
"infra/docker-compose/docker-compose.story056-e2e.yml","32498D82B2149EB7DFD89F2461C19135640E50C577FA766D68BDCBD886AD6C5A"
"infra/docker-compose/docker-compose.story060-e2e.yml","DA2018A2A07B44672D15BBC25E849330859BD9387FB38D465EBD6CA90F73A0EC"
"infra/docker-compose/docker-compose.yml","60B5BF34ACDB963178BDC4A354284552AB5F12B9E1F0D0EA67ED5556FD7ED0A2"
"infra/docker-compose/nginx/nginx.conf","7BC837161C322A9F08589560EFE21F6EC9FB1894AB5C162D251DA3563275F736"
"infra/docker-compose/nginx/story056-e2e.conf","4F017E8FBB95408B36F5699BB2FBA5A61B0F7A699380E73B5E0858812BA8A1A6"
"infra/docker-compose/nginx/story060-e2e.conf","6C7C78E5F7A4238C5C927B130AA75EFFC0D81849A82AB67210A20E3189EC6BE0"
"infra/docker-compose/prometheus/alerts.yml","70B2E8341F0E09BEF8A9FA0C067055434B3032611151A80A59BF6827473CA01E"
"infra/docker-compose/prometheus/prometheus.yml","2741F2BDEFD7A8B60E476E05301DD4E058EABF09DEEC3071E9FF2277EE0E4022"
"infra/docker-compose/README.md","3558B2073C659A5A43BB7660372160F8B95E5A7849630D1021EE2CE4E2E8846A"
"infra/docker-compose/scripts/backup.ps1","E435120328B2836F81CA9EA5895B6F06DBE3F9FB0FCFB2D741AA598CB9ED0C93"
"infra/docker-compose/scripts/calibrate-formula-runtime.ps1","A6EC9ECC87F87F9A3008C88A1234440D938EED79068C819FB9B360C3A371701E"
"infra/docker-compose/scripts/file-reconcile.ps1","D03136051A4E0652603969975EEFB80739E52D689152427AAD378881DB2DFABB"
"infra/docker-compose/scripts/init.ps1","CE0FC59A43542C67B7B7965C2C7F71EC30BF972A38A2AD13BFC3934EADF8811C"
"infra/docker-compose/scripts/preflight.ps1","B169F1AF17E401FD8E917F78491F9564D476DE3906930BB9320199518E7E78E3"
"infra/docker-compose/scripts/restore-drill.ps1","BCC8A9E48E04AE3D06C93C101932EBADB0B2A01C4EE7A56D52B046FD0D3C62FF"
"infra/docker-compose/scripts/restore.ps1","55A44B73D2F53D2A3977CC2095D2A2149599B9836056966C46A0BF8EF747FE7D"
"infra/docker-compose/scripts/run-story056-real-worker-e2e.ps1","6EB895CE2CBE84E0E2987771BC5010922AFB833AD418347DF54C242416DF6086"
"infra/docker-compose/scripts/smoke-test.ps1","9C10186CD97E832FC986F6386555EAD5350BEF8D97510203E95B69FFBE318402"
"infra/docker-compose/scripts/story063-subjective-smoke-test.ps1","A5A1D240FFE88EF96E440F20EF78E72FC1AB0BF744CBF195B76795BDB9840D37"
"infra/docker-compose/scripts/sync-local-grading-model-key.ps1","D29145F419915E237B3538783D3F9F1F67D49A69887E7442CAA58BF96BE543EC"
"infra/docker-compose/scripts/verify-backup.ps1","3DA970F6C5E39B18B149C50CD55AA0B5D7F291B1D6DC2D7CE3845A8DDB49DB82"
"infra/README.md","2420DAEC7114A4B4005C5203BE258EC83B1611E86EAAA98CE2B877C0C519672F"
"lab/.gitignore","1541EE96F61C18E6F2DF0382E778BC39AB2CBDEBFA534A7B5D5E219398DAE2C7"
"lab/AGENTS.md","E8A34BD4A960DFA56C7671A239D1C301641A0BA52A8FA65C3D51644C3EB87315"
"lab/config/adversarial-gates.json","E3BB3140D10CEB7D375807FA50CCE7A64834B55FEA1CFCD479B9765266DD2922"
"lab/config/annotation-policy.json","B77F94C3C77E7341309F2EF4889B25CB8B5DD4AE9BA1D1FEA7CCE4EA29321D51"
"lab/config/calibration-gates.json","487F517A22F2EB60FFD8CD6EECEF6DD1DB732CEA808A00A3815F682BBDF27AE5"
"lab/config/capability-matrix.json","15519FA785D3C42D5226403492DA2C1C8A32E2CC79D1E2F88E901CA22C773C76"
"lab/config/dataset-source-locks/jorgpt-zenodo-18981627.json","09EA140F731FF421515EBB727953B5BDA75908206F8DF56B44514CB7B897ECC2"
"lab/config/dataset-sources.json","3A1E47C8422105CEC33EBC8FB36178D7D2899C620D6FF09EB91416748D38355B"
"lab/config/fine-tuning-gates.json","B83AC8DD1643C0CA31C1CEF139D7D12937ECBEC8A9BBA8F30F93702DD2283EEE"
"lab/config/local-runtime.json","962B32DE44FD571D15E99883E5E9082839E2DAD935445973B77FE6234297381A"
"lab/config/model-candidates.json","D4FAEDF5CAFAD54C34A69247A89F3D77EF7D7ABF5EA8BB96F6323D26041847B5"
"lab/config/prompt-optimization-history.json","D4B694AAC07CA16DAA007B2CE772D74DFB2D7641391AA5E64A5DB9B9867A275D"
"lab/config/release-gates.json","9E10F17C5FF5356765A224813A1B187757DBFD9E994982CFA967AEF0ADF9E1BD"
"lab/docs/adversarial-agent-suite.md","CBAC135624BE2AACE44B7A658EEFBDB23EC591142ACEF36CB7520A12E77274B8"
"lab/docs/blind-annotation-workflow.md","ACA860E494B3F3D13F9C46FC8BA0C335798D62B082DE9337CB2DC55D995CA40D"
"lab/docs/calibration-and-fairness.md","686DF210933451121C0AA019D05D549EF7826BCBE78D1D62017A47D31C18243D"
"lab/docs/china-secondary-dataset-inventory.md","C29DDF65CB1204320EE3E8592F31C401D14D159EEFA45A5B1F5019FA2AFBCD41"
"lab/docs/current-grading-gap-analysis.md","8817FFA66B22ED5BA8C8C3884D2E34C8A1C74A9213BC850A1C9142ABF176272A"
"lab/docs/dataset-governance.md","77DDB62625C28022F74C5FBD46108CDA7B39D1AD9760A6F0B75FBC31D2CC5912"
"lab/docs/evaluation-dataset-format.md","C14D3983B7F931346DA045435C963027B75E5AC67E20D930F7DABE352426CE87"
"lab/docs/gold-annotation-protocol.md","323E71867264982C621EDCF7681A6714956AF0D80ADE373D0ECE624CC3B7A2A9"
"lab/docs/grading-agent-integration-options.md","1C22382170A0121C1D0BAEC889055437B9744A06DB85E2D694A2CA83F33D7EF1"
"lab/docs/grading-agent-spec.md","5AC908D8B218AE7DD377B6A908BEB7BE5BE9A83FED864B54836C15791B2BFBF5"
"lab/docs/high-risk-fixes.md","C1937042B4CEA9F83A43612CE4A9566ADD69411D56BC9A17399218CFCD3233B6"
"lab/docs/human-labeling-guideline.md","C548C49F57C5F46C824575202FDE8DEEC864A3867231B25EEBC43628655A4D00"
"lab/docs/jorgpt-external-benchmark.md","97260EB7624A985C242E5D7249D9CCFBBF9B4F7F31191875552A994AE6977148"
"lab/docs/lab-graduation-audit.md","693044420E61B275223891DDE7FFF7B776CDE0571C2F27EB3F16C3EFA8862B3D"
"lab/docs/local-model-adapter.md","B9CE08A426CCA5CDF34FAB9479FF24E5D90A1B63E6B1673045CA8F248A968E36"
"lab/docs/local-model-runtime-baseline.md","669404177299F0190F220CA9DBFA0923F8879979263A5D9320CD24427867D6E9"
"lab/docs/model-optimization-roadmap.md","36418DC13A1CF45E3F14CE3455DE4D75AA3212C84B49A0C9524F7FF0E60BDB29"
"lab/docs/model-selection-protocol.md","20BE090C6408BEDEE583F820EC81731C3C25DDF8D69FFAB293A0BDC5F7C6587E"
"lab/docs/pilot-freeze-package.md","444E791A68116700A8C464484B10F3A9561378E271C6CCD09F055FC57BCDA37D"
"lab/docs/platform-current-api-mapping.md","9DE1850EC9143A61E53F3CD41D1DFC4D323BB3202008811267BB1EF7E203302F"
"lab/docs/platform-handoff-package.md","E5C909AC9C6219A224D0A12F302539A9EDBCD364A05DDDCEDFDD65E2A7726D22"
"lab/docs/platform-integration-contract.md","3BC3539BDA495BC5812C561DDFF1E652F7E4A6508CD6CEA695FDBAAF611F89B8"
"lab/docs/platform-mock-output-eval-compatibility.md","137644AC4171E83B4214EDA33D0CE30A912AE6BF88072FDE47CE7B4C37FCC965"
"lab/docs/pre-release-audit.md","E9583B33576C9497A695A0870E1A882DFB0F22D476B22A4C350512E07A108D7C"
"lab/docs/product-capability-boundary.md","AB39AA7EE2953079C6BE79F536854E0B8FD4340467FA532A963C94CBB7208865"
"lab/docs/prompt-rubric-optimization-v2.md","8EBD1C000C21F703ABA3F5D6E621A3AE1FAF5CA2D4938DADF1D23695EF3849E0"
"lab/docs/qlora-training-protocol.md","0C4D4B368F515ABA834F163CA6F66755D3CC70DDD072B7039B1BA18017C9917D"
"lab/docs/release-gates.md","38020013939309A2FB753305DEF42641532A229AABEB064FCD13CA5527C85986"
"lab/docs/risk-flags-naming-standard.md","5824F4091100CA86FEDD4FE22C81C0CB6655D33FB616DA841A66DB85E58AB513"
"lab/docs/rubric-field-extension-proposal.md","A08B8A22798D0678B4D4CE0207448FC631B28DAE1BF8035361CA1218500D5458"
"lab/docs/story-workflow.md","73BD2301602BA6C430018DDFCD4A6722A63D026081C8C2A8F200120535173471"
"lab/docs/subject-grading-strategies.md","0BC6E7DF8264B1C91F6D825FE70D9882E69B8CA2A43AC5E30E05B5C9280E049B"
"lab/evals/annotations/synthetic-double-label.jsonl","23B1C8A43C311516979FF7AE76588B0748B117D4556ADAEE14340A3E6ED0895D"
"lab/evals/annotations/synthetic-roster.json","3270DC4C26F942847D925E030FD4D961ABA9D0EBEF3D741E0B784317FEEA9696"
"lab/evals/calibration/synthetic-observations.json","263A3649A8024A99F1451902E58D895CED486241DF240E17C91FDE7FE3167E61"
"lab/evals/gold/synthetic.jsonl","07CB786000106471B396726525959BB93799CD8790059439E09A82C4FB666118"
"lab/evals/governed/external/jorgpt-18981627/manifest.json","E7D113064C278E5CCDC2C764D245673CEE8E873333C0B44E527197C9D6877979"
"lab/evals/governed/synthetic/manifest.json","311ED172F13B1848512502EF054951AE12F4D2FEFC8CBFBFEEC2E9442BC0B641"
"lab/evals/governed/synthetic/test.jsonl","C5C99E55105448D1734B0FC30490F5FECA2EAC3482E1963272DA972F7BF555DE"
"lab/evals/governed/synthetic/train.jsonl","9339F343A7E75E72EA8092677AF2E90B9C907C3B0E293413405DEFF513A65A6B"
"lab/evals/governed/synthetic/validation.jsonl","FF07BE39484AA404EEAF0A8F1BDA1C05C5A61BC378102F9D1EA6C601C4F215A6"
"lab/evals/math-recognition/fixtures/ground-truth/synthetic-absolute-value-001.json","A38FC6F6F8C68327CDF73AB20FC9C891775AF56DBBF7A476C557B2231624A0A7"
"lab/evals/math-recognition/fixtures/ground-truth/synthetic-absolute-value-002.json","F7E43DA84837D46817C6A350AFE92BAD871AA4DE8C0A14BDC26F3432FAC6359F"
"lab/evals/math-recognition/fixtures/ground-truth/synthetic-alternative-method-001.json","94E2E4E7AADEBC9BC77F5F6EE116F7826F8BAE3F49B5A0B4102C8A9028C21582"
"lab/evals/math-recognition/fixtures/ground-truth/synthetic-alternative-method-002.json","D8B921D656089A735C5353388F7415D2C6DC38C79973F0917CD9D1FCFD94ACB6"
"lab/evals/math-recognition/fixtures/ground-truth/synthetic-alternative-method-003.json","2FEFA1FAF056DA37ECA2705A9FCBB18B23FF34AAE8382CB2B93163C6EFE348E6"
"lab/evals/math-recognition/fixtures/ground-truth/synthetic-chinese-mixed-001.json","C4BA331603CA96B1EA28AF6CFEAEC93CEB77A94B2C2EB46697290660F71C72B4"
"lab/evals/math-recognition/fixtures/ground-truth/synthetic-chinese-mixed-002.json","FC6693DF6E3C6D72F1B57BBBBF3A80EDF7805CA19225AC52DFDDE21BD28778C3"
"lab/evals/math-recognition/fixtures/ground-truth/synthetic-crossed-out-001.json","B618C36BA4AD4A72A71A2CDC3A86743BC14158074893280658050C023FBB95DA"
"lab/evals/math-recognition/fixtures/ground-truth/synthetic-crossed-out-002.json","434C9BBDBAF3AF453A73F7CAC59E02360AC162DED1B44F7560D759AD7F61C65C"
"lab/evals/math-recognition/fixtures/ground-truth/synthetic-equation-001.json","DDC69902BC8E67F84BDD59BF430D0E31DAACF7DDFF690F19D5031D508D56ECB2"
"lab/evals/math-recognition/fixtures/ground-truth/synthetic-exponent-001.json","90FFE9B20205F76D8DB732D421C9432333B88530CD310352EF9A3B951E995D7E"
"lab/evals/math-recognition/fixtures/ground-truth/synthetic-exponent-002.json","97F9F3518D684DE9237E5853EFBA8DE1D7DE08DEBA75200AAC0B7173F5780B13"
"lab/evals/math-recognition/fixtures/ground-truth/synthetic-fraction-inline-001.json","843EDF7AE2FB6A27835B0717E7672A54D12125E938B0F490285834E2AD7E5F01"
"lab/evals/math-recognition/fixtures/ground-truth/synthetic-fraction-inline-002.json","9791085994DF040E878A286234A53B9EE757B9FF395EC34FD456D191CFB505DE"
"lab/evals/math-recognition/fixtures/ground-truth/synthetic-fraction-stacked-001.json","CF4B65F53750965DEDB05D3A2F1799D78DCF52332333B9AF8F2E4ABAB0A400C1"
"lab/evals/math-recognition/fixtures/ground-truth/synthetic-fraction-stacked-002.json","29160A87AC1970117B6E51D38A93D69ED2ADB1C1A4D54AD97951F89C0EA822B5"
"lab/evals/math-recognition/fixtures/ground-truth/synthetic-fraction-stacked-003.json","931333DB1F0B92FE75A5EB9B0262A16DC344B2AA2DE676686844C45FA531CF15"
"lab/evals/math-recognition/fixtures/ground-truth/synthetic-geometry-symbol-001.json","A208AFCCB8708EB90F4E940F78F3AF46883901065FD3625EEE9649F68692BC0A"
"lab/evals/math-recognition/fixtures/ground-truth/synthetic-geometry-symbol-002.json","CFF73C689026D62F5BA8C4DE30F6C9438B11AE5F67FB3F327B19D7E288A8C1A3"
"lab/evals/math-recognition/fixtures/ground-truth/synthetic-horizontal-step-001.json","68D65225E1605C45BA2436A9349F9EBC637C20F32B4D27145BA156DD37120C2F"
"lab/evals/math-recognition/fixtures/ground-truth/synthetic-horizontal-step-002.json","BCA97AB4A043996C17A9385B450ABA3D23E7FBB683121018F408AFFED49114DD"
"lab/evals/math-recognition/fixtures/ground-truth/synthetic-inequality-001.json","6BA08DD6FAB7E8ED225BFBF6D5289FB5BAA494E7ECB0ADD8128E8B58C076BB9F"
"lab/evals/math-recognition/fixtures/ground-truth/synthetic-inequality-002.json","C0E0B29C7D1ED3388CC7B8410B00043461D23F9E86E1EBB703253CD409B82B1E"
"lab/evals/math-recognition/fixtures/ground-truth/synthetic-insert-001.json","492A24AF6C7736C6989F1C214156CECF7DC786A32A4FB3FD02BE58C5B92A3612"
"lab/evals/math-recognition/fixtures/ground-truth/synthetic-insert-002.json","AD01DC4D58116F0B327C147BF4C597A4BB4423D72641A0BDF970F72685B03E4B"
"lab/evals/math-recognition/fixtures/ground-truth/synthetic-integral-001.json","3CFCB3DA5F88AA512B59724B32BD1EBCE8A6D22A3FC25E7C8550D8F5C6619EAA"
"lab/evals/math-recognition/fixtures/ground-truth/synthetic-integral-002.json","E5CCACF451B242B2441F64519F405D081E1676027C53A127CD28A3027B3BD579"
"lab/evals/math-recognition/fixtures/ground-truth/synthetic-limit-001.json","A320A21752D9F488C672C874FACFAF5AB3532CFE3AFC14BDEDCE40387411DA29"
"lab/evals/math-recognition/fixtures/ground-truth/synthetic-limit-002.json","6449CC5B042DAC30B79C8360C234DF2CE733F88E83738B073E82BC0ACDE563CE"
"lab/evals/math-recognition/fixtures/ground-truth/synthetic-low-quality-001.json","28639D27057CCCFDCD4011BB2B316F925ED37F8C2940E380B9B183254B052ECF"
"lab/evals/math-recognition/fixtures/ground-truth/synthetic-low-quality-002.json","91F6BCDBBCBC75ECFE97B0C64A70C6A16078A137BFAF5FE3937C85ACF7F30FA6"
"lab/evals/math-recognition/fixtures/ground-truth/synthetic-low-quality-003.json","897AC8BFF7B9EE6FCB41BED82CBD5A7B4863F492C14D2278839B27A92D61D0A0"
"lab/evals/math-recognition/fixtures/ground-truth/synthetic-matrix-001.json","97636CB91F205B575F6FEE7581B77620C7751D92E1755EF7844632151DA02023"
"lab/evals/math-recognition/fixtures/ground-truth/synthetic-matrix-002.json","EFB1B70AB64733CCFDFDA819EAE17C32619E93B4A0A9E970A22C381CF66AD875"
"lab/evals/math-recognition/fixtures/ground-truth/synthetic-radical-001.json","95544663E2F7F5357E1C9FB6A3DCBB99576866AD9EE2B009816E67036BC71D0C"
"lab/evals/math-recognition/fixtures/ground-truth/synthetic-radical-002.json","7839D33F35544F4B7D412A270D3E32555FCA01F25193CB2E1B4C95E895E34494"
"lab/evals/math-recognition/fixtures/ground-truth/synthetic-scratch-001.json","9EF98210C004884766E0B56572FEBC8CC12B91E5D3EE1A455152E6167FE609D7"
"lab/evals/math-recognition/fixtures/ground-truth/synthetic-scratch-002.json","93531E9A29EC1A826BAE1C60227841D27FD75EE2B5590D8C10B8E6C0B6D459E6"
"lab/evals/math-recognition/fixtures/ground-truth/synthetic-solution-chain-001.json","81FCE0231B44092FECF827B83A8E2B8911189F9BC376A5427A676B874E740657"
"lab/evals/math-recognition/fixtures/ground-truth/synthetic-solution-chain-002.json","F7C28BB7DE13737A8BA28EA19A6C9A86F6C7A503A0456280556E219CDD8E927C"
"lab/evals/math-recognition/fixtures/ground-truth/synthetic-solution-chain-003.json","7B2AFD335271C8E916A799D83F30140177D9015B871DD487DDF2247351533B88"
"lab/evals/math-recognition/fixtures/ground-truth/synthetic-subscript-001.json","D1323945C07964AA57C4C9390B568640F74181B36A71A0E9A4F6A03E5017E4FB"
"lab/evals/math-recognition/fixtures/ground-truth/synthetic-subscript-002.json","D4AE6D7593996339851904946ED605BF507D086DD0C415FE3DC171FA76F82E66"
"lab/evals/math-recognition/fixtures/ground-truth/synthetic-summation-001.json","E9E5243D0FFBAF9223A74F37C6B6E21AF82F4C4E25ECA4A587B0D0C5DC6CC2EA"
"lab/evals/math-recognition/fixtures/ground-truth/synthetic-summation-002.json","6816331DFFE0AE8B35735EFCC62B0F7D40B8FD5BF6C0A5EE2F28DD7E3A55738C"
"lab/evals/math-recognition/fixtures/ground-truth/synthetic-system-of-equations-001.json","D0D36F9B6D4E24766DD3C8B7FB1EDF01993F04662F12A4C650C7916DDDB1D5C6"
"lab/evals/math-recognition/fixtures/ground-truth/synthetic-system-of-equations-002.json","096F9286187410D8FDDCDA1A11FE3701E4B070C9AF591768CA73ECF8D9B147FA"
"lab/evals/math-recognition/fixtures/ground-truth/synthetic-trigonometric-001.json","7C0C54B0E64300B5A9B6ED18C78905B518BF7EC42640CC7FCC72F9D7D10258C5"
"lab/evals/math-recognition/fixtures/ground-truth/synthetic-trigonometric-002.json","445D5A180869BCC0F801448A0FB9B2CDC56972880CB9540B706851C38943F0C4"
"lab/evals/math-recognition/fixtures/ground-truth/synthetic-two-column-001.json","08598A95C442A2B417674C6E24DAD230ECAB067EDBB79AAFBFBE0FCE7DFEFA0A"
"lab/evals/math-recognition/fixtures/ground-truth/synthetic-two-column-002.json","3D5E9372164FF4BB29F7F7A0BF3E428A44DCBC6451496A8905B7B985B0012501"
"lab/evals/math-recognition/fixtures/ground-truth/synthetic-vector-001.json","BE49D93E70FA45B233E995E6582A67D6C1A696449EB1017052EFEC9897A56E76"
"lab/evals/math-recognition/fixtures/ground-truth/synthetic-vector-002.json","E56331C622BD3BDEB13F75AF23F2F45984E01DE9E8CCA205AC894B2F61E5E242"
"lab/evals/math-recognition/fixtures/ground-truth/synthetic-vertical-step-001.json","5B814C7D6F8AC3DA1F2D0009FB0A92E0CE45C9B719502592F23E9862877B1CA9"
"lab/evals/math-recognition/fixtures/ground-truth/synthetic-vertical-step-002.json","045FC1552F9D4B115AC8E6C903905B14608BE5C47F306AEEB33A1167C5ABAF6C"
"lab/evals/math-recognition/fixtures/manifest.jsonl","5C0FA78AD1FD63087D59EBC9C7086F6190093286B3C0C2361915C287EAE0D865"
"lab/evals/math-recognition/fixtures/predictions/smoke-v1/synthetic-equation-001.json","1DA05EB8A4B405ED343845DE40D162516267DFD29F62A4A1C42C21257C5B12FC"
"lab/evals/math-recognition/fixtures/predictions/synthetic-v2/synthetic-absolute-value-001.json","A372C01E4DEC455724C0A53335E4DB3371996C90B7684B5AA746260DDDB27D66"
"lab/evals/math-recognition/fixtures/predictions/synthetic-v2/synthetic-absolute-value-002.json","1124DA1ACC1B199D6123A2868E9CF88192ADF6858F89705105EC0402E4E7CC96"
"lab/evals/math-recognition/fixtures/predictions/synthetic-v2/synthetic-alternative-method-001.json","4936600FDFD9AF81DE1A7C3585AF45DF0BC912D6A371E62DB3C32C1C7D5B8F6D"
"lab/evals/math-recognition/fixtures/predictions/synthetic-v2/synthetic-alternative-method-002.json","335BBB2B4DC9F0EEF48A37978110E166A2101BA90749E2C8A4D8FE164F54F9F8"
"lab/evals/math-recognition/fixtures/predictions/synthetic-v2/synthetic-alternative-method-003.json","B11A43CC890E630BF5142CBF897AF7A30CB1F07EDFA527E047B6CC859BEC9FFF"
"lab/evals/math-recognition/fixtures/predictions/synthetic-v2/synthetic-chinese-mixed-001.json","C6D7C2AE290C2A623E8C9B3C8F92FCD1006CA38E40F5BF5F2E358E281AC22A18"
"lab/evals/math-recognition/fixtures/predictions/synthetic-v2/synthetic-chinese-mixed-002.json","1012CB9ADE45D1288CEBCCC5D1D3A43986E24C39206974F80EA80DDBD841DC97"
"lab/evals/math-recognition/fixtures/predictions/synthetic-v2/synthetic-crossed-out-001.json","C16929A3EAC41A96A6BE8E8769BFBAD40FADD32EF14ED6B242F3F1F703B3EFD9"
"lab/evals/math-recognition/fixtures/predictions/synthetic-v2/synthetic-crossed-out-002.json","BEECECC95A48E4D1B2A232BBC4E67A47B68718EB81BB78EA14D5C8C931473BB9"
"lab/evals/math-recognition/fixtures/predictions/synthetic-v2/synthetic-equation-001.json","DC6C7AD51FD9EDE87F096B220786CD0DA85393A6D9DBE91886AC5EF8FE7F049E"
"lab/evals/math-recognition/fixtures/predictions/synthetic-v2/synthetic-exponent-001.json","6C53E7F0F553BC77A9F099F7CD4FE90A5DBDE7D2453B9E4A47BF6193563544EC"
"lab/evals/math-recognition/fixtures/predictions/synthetic-v2/synthetic-exponent-002.json","0093F6F08E992A3065464E90A340BCB08BF52BA8FBAB6D7B23D0D460AC829F04"
"lab/evals/math-recognition/fixtures/predictions/synthetic-v2/synthetic-fraction-inline-001.json","8A834F75B68AA6E38932B3524E064D465CCBFF76D6512D01BD781B2E54046175"
"lab/evals/math-recognition/fixtures/predictions/synthetic-v2/synthetic-fraction-inline-002.json","6FBD7AAA7F28B4783951986C5E72865E5327D7CB867E71EE47DEAC79421C2776"
"lab/evals/math-recognition/fixtures/predictions/synthetic-v2/synthetic-fraction-stacked-001.json","CE9F00FAD0C9DC59C9EF3507D9AD832CE883ECD9D61E8A4E1847281BCA85F7BC"
"lab/evals/math-recognition/fixtures/predictions/synthetic-v2/synthetic-fraction-stacked-002.json","D9EB81DBBBEF628DB07A3B2678205D68377871D5DE3F7F8C4F08C9DA6DA28815"
"lab/evals/math-recognition/fixtures/predictions/synthetic-v2/synthetic-fraction-stacked-003.json","0AEE5959DD3A2ACCA1E3B0AAD22C6274E79642AED2E67268FAE59F0D3C118F5F"
"lab/evals/math-recognition/fixtures/predictions/synthetic-v2/synthetic-geometry-symbol-001.json","1B07A3730109776B5FB9EB1FF0D21229AD6F2FB22CEF9FFA692603ED3E2089A2"
"lab/evals/math-recognition/fixtures/predictions/synthetic-v2/synthetic-geometry-symbol-002.json","132ACD2E4BD995FBA903CA030337D685ED8BA230CA212ED4772EB4E766A8DDA9"
"lab/evals/math-recognition/fixtures/predictions/synthetic-v2/synthetic-horizontal-step-001.json","07C9C8DF951A9C22264710E3D67AFB2D142BA71A1AB700493819C5C067082604"
"lab/evals/math-recognition/fixtures/predictions/synthetic-v2/synthetic-horizontal-step-002.json","CC9D277B8F2F2E6A0A9E9CE12EC0EA08922540D9FD06C4FA23EDBF22B30A2A1E"
"lab/evals/math-recognition/fixtures/predictions/synthetic-v2/synthetic-inequality-001.json","05DFFECD2472A2DD441F6C37BFD0F65F2829940C8CD2A85A6A6C91E75ED1923D"
"lab/evals/math-recognition/fixtures/predictions/synthetic-v2/synthetic-inequality-002.json","DECD52D9F7AAC40EB4A19AB4EE6633E579B4A8D119B0160CF4346E69431F64DF"
"lab/evals/math-recognition/fixtures/predictions/synthetic-v2/synthetic-insert-001.json","4D358F20BAF3E0900CCDEDB0DE191E6E90710659D04192B4ECA00DA391EA4399"
"lab/evals/math-recognition/fixtures/predictions/synthetic-v2/synthetic-insert-002.json","75FCB5A3EB828CCB955F7C87326DCB2F3F97E78C2D7C9AB935B6C2C514AE5C8E"
"lab/evals/math-recognition/fixtures/predictions/synthetic-v2/synthetic-integral-001.json","65D570C8A15D8AC357505732E95525ED09FF99661E6FF97CE1FACEBD89F46B38"
"lab/evals/math-recognition/fixtures/predictions/synthetic-v2/synthetic-integral-002.json","DF4CEB2696D7F557E63286D6D09FB01E8E98AE53B8B5A39E32AE4A2E5623919B"
"lab/evals/math-recognition/fixtures/predictions/synthetic-v2/synthetic-limit-001.json","05BB149DB9BF02D97980FC32434CBAF36A0A14AF9417DBCA7A9ECBB79C1CF615"
"lab/evals/math-recognition/fixtures/predictions/synthetic-v2/synthetic-limit-002.json","435486CE4C9421E9EF38A5302610689BB0F2D0C6001B1AB396EF626667C70B33"
"lab/evals/math-recognition/fixtures/predictions/synthetic-v2/synthetic-low-quality-001.json","D41FE5DFE0730C5D4569C9110193B481E7808A6DFEE6F7D59EB88622936D7930"
"lab/evals/math-recognition/fixtures/predictions/synthetic-v2/synthetic-low-quality-002.json","6254F167243C024BFF2D9B486A295B1F00D8342CEEDD01A4BEF31810BC92F45C"
"lab/evals/math-recognition/fixtures/predictions/synthetic-v2/synthetic-low-quality-003.json","94C96C4442761A4C1C0ABA98F0C22FC2A68822C03B8ACA7FBBF6D61AD5669712"
"lab/evals/math-recognition/fixtures/predictions/synthetic-v2/synthetic-matrix-001.json","4EFAF1855D4F1D178E5F94F5A98E18B687F63E3A6445F8C71DDE89CAA6D0A4F4"
"lab/evals/math-recognition/fixtures/predictions/synthetic-v2/synthetic-matrix-002.json","0F466B471499CF95E7EED2B4E5C38B9A7A7DB8EE793A29EC70902921FA4E37FD"
"lab/evals/math-recognition/fixtures/predictions/synthetic-v2/synthetic-radical-001.json","E2D508159079B37256A5C9A2701F773C48FBD44F8939D7FC8D0EC4076E4D9CA8"
"lab/evals/math-recognition/fixtures/predictions/synthetic-v2/synthetic-radical-002.json","081D2DA12BE77FD232AD0A9E8BBB974118CFE5E74493C0E0B58F2D32D965B8DA"
"lab/evals/math-recognition/fixtures/predictions/synthetic-v2/synthetic-scratch-001.json","025FFDE263ED11BA1BE8865CFE8D2CEDFA89FF97DB0535C578C8AE1639EFC009"
"lab/evals/math-recognition/fixtures/predictions/synthetic-v2/synthetic-scratch-002.json","27238ED18F0F81B07CC4F6519F25A168DA0B11D7BF74A15BD2689327DEAE1A6C"
"lab/evals/math-recognition/fixtures/predictions/synthetic-v2/synthetic-solution-chain-001.json","99160D4DC79F1E7761878E013D7358FEABCEBE16B5602A7319B5D57E8372C6D8"
"lab/evals/math-recognition/fixtures/predictions/synthetic-v2/synthetic-solution-chain-002.json","F159D6A2EFBFA234B088A3EB9E35968909D919EBCF959FE046167C3D1418FC8B"
"lab/evals/math-recognition/fixtures/predictions/synthetic-v2/synthetic-solution-chain-003.json","976ECD5AD494477B76FA74188B62AFF7161FF569F3E29B5ABFDAD24648983908"
"lab/evals/math-recognition/fixtures/predictions/synthetic-v2/synthetic-subscript-001.json","67A8339EA025ED2FA5730CED379A3FAA9C3FE546057677D391E53701783FDCB5"
"lab/evals/math-recognition/fixtures/predictions/synthetic-v2/synthetic-subscript-002.json","D49B3EBDF7CCD9F53DABF97FDEADA98136C24D1C2B08A8B0708551C907D1DEA3"
"lab/evals/math-recognition/fixtures/predictions/synthetic-v2/synthetic-summation-001.json","EFA395DDC65ED68DD7D99D51E3C4531CA84892790BB85EFB8D8FDEFF6D937F9A"
"lab/evals/math-recognition/fixtures/predictions/synthetic-v2/synthetic-summation-002.json","B6D1E494A57A53225439C25528C223C012FF925F492C2C54184A759AEB8CDCBB"
"lab/evals/math-recognition/fixtures/predictions/synthetic-v2/synthetic-system-of-equations-001.json","249A0858908DE349DAD7521850C33F49432B371D55EFADFBFC505A087728E2CD"
"lab/evals/math-recognition/fixtures/predictions/synthetic-v2/synthetic-system-of-equations-002.json","6CCB1C46F5165452DD0EE0F7A86795A549263B41033489D281C6FEFF511B0B6F"
"lab/evals/math-recognition/fixtures/predictions/synthetic-v2/synthetic-trigonometric-001.json","F0CB8E18C5345C77AEF2F0F5BB832BF7B7A41A2FAB2F945C970855A26C5F798E"
"lab/evals/math-recognition/fixtures/predictions/synthetic-v2/synthetic-trigonometric-002.json","79552ABFA3742F077EF8187E5949EB199F7558107E10867FF602B4EE95F179D6"
"lab/evals/math-recognition/fixtures/predictions/synthetic-v2/synthetic-two-column-001.json","E5F47A426EEBB5F7DF1F9B9208B954CCA956CDE514C0A7BBFCEB15B9306B2D49"
"lab/evals/math-recognition/fixtures/predictions/synthetic-v2/synthetic-two-column-002.json","93C910AD75D67862F34AE9FF4905CC07FF96E208313EADDC7229870EC4AE5A9C"
"lab/evals/math-recognition/fixtures/predictions/synthetic-v2/synthetic-vector-001.json","2691A0E04E335E0A87EC616B3CEB84A2DE33E835084D484BA0AAD16B75674F9D"
"lab/evals/math-recognition/fixtures/predictions/synthetic-v2/synthetic-vector-002.json","D13812A40E7AF3AFEFC45416EAEAAB61E3CEA93E7C7CF2B14C550570E9623A32"
"lab/evals/math-recognition/fixtures/predictions/synthetic-v2/synthetic-vertical-step-001.json","3C0EE27AB0832A8E402620B5ADBB8C9F827B4BBE21FC1F0FB5B97B8B9CA32694"
"lab/evals/math-recognition/fixtures/predictions/synthetic-v2/synthetic-vertical-step-002.json","12B55C36152FE2298CC1213EAE8E3AB83A953418F85EAE1A28351933FA7D28D2"
"lab/evals/math-recognition/generate_synthetic_fixtures.py","F4F856A4467CD34153A77F940BB6C35C445B6B099BC55A05EAC076C732426CFB"
"lab/evals/math-recognition/README.md","241E682713BE220A78DD8AE7F0396B31C46F4C09F828627E417E04172FC19883"
"lab/evals/math-recognition/reports/smoke-v1.json","05560E79F732A81F08E83FE3E96805EC7ED6FD815767A6315E251EE655D71006"
"lab/evals/math-recognition/reports/synthetic-v2.json","744DA1C7E57CBAAB78802DAF60CAC56A1BB0C74F0CA4274FDD5054CE51473662"
"lab/evals/math-recognition/run_math_bench.py","3BF7189FE7D5FEF6F09D34434132725DFEAA5BCC4E09EECE08EE6FAC57EC44F5"
"lab/evals/math-recognition/test_math_bench.py","1D64EDC3A0A78D72CF2072A409F317E83E60D8EB1749D12646C6BA97E1F4534D"
"lab/evals/model-selection/fixed-synthetic-v1.jsonl","8EB282B05BB5477AB2E06CB122A49ECE91A11F260D6E9457CC23789167365D51"
"lab/evals/model-selection/governed/manifest.json","CA6F50EDFC97E79CE7BD89C0038468D3FE0BE7F5C7D5B3BED4E1CFF06247AA60"
"lab/evals/model-selection/governed/test.jsonl","1D7FCCF803EA391C9364B9F1C9097EE952BAD73C90F24692878BE0CC698A5BE8"
"lab/evals/model-selection/governed/train.jsonl","6D62B09CA038CC39682EFB7A57F54D5F1ADC7B9A4CC8729387C09601B067176F"
"lab/evals/model-selection/governed/validation.jsonl","F1059186D641699A89B12BB154DBFFF24FF5B7290E4E250E48DE381C4366E1F3"
"lab/evals/pilot/pilot-candidate-v1/manifest.json","688E26CE908B3DF54A67EB49DB0C4EF1F78A033D137B2FA2F78B74890DDFD86F"
"lab/evals/pilot/pilot-candidate-v1/readiness-report.json","424492B7BC54AB483A920043CB259EE0EAC9595A67660F726B8BC747A11C540D"
"lab/evals/regression/external-failed-cases.jsonl","E11750368AA91F36436BBAE22D2D9CAE4718AD5509E4F1CD3FDC37C45E38A7B6"
"lab/evals/regression/failed_cases.jsonl","7F379287DD5F49EB89108BC86807BA5ABA6A277EDEC4EC0911C82CF2A1C9176A"
"lab/evals/regression/prompt-rubric-v2.jsonl","4F80C0E3F62FE38031122679A507EF5DF36E44AF8A549CB960F6E3B549157F23"
"lab/evals/reports/adversarial-suite.json","170308B5FF967BA0E1F2E5CF2D8AABF5191B8E32D98C210599E1C339D60F4713"
"lab/evals/reports/annotation-reliability.json","D19B45B9B1FCF6E36DDFC6631A9027C848EBD951E4F2818558AF12612568204F"
"lab/evals/reports/annotation-workflow-demo.json","80AB71E98A7E75C70F1861E50FD3DEEC2E041B3B01D55DA7B9F366D76FE1B891"
"lab/evals/reports/calibration-fairness.json","385ACD6C513378B71031B21562C6319070AF7313F7F05FF1001440C74DC61145"
"lab/evals/reports/failed-cases.jsonl","E3B0C44298FC1C149AFBF4C8996FB92427AE41E4649B934CA495991B7852B855"
"lab/evals/reports/fine-tuning-decision.json","4C9E120329B3501F0CF7890B8904C69DA779DE370620CFBE88171EE6894ACA1B"
"lab/evals/reports/graduation-audit.json","E7B8AFED0F589EF2050C22F328C414B98130A96EE36020FB19231DC28BE049FA"
"lab/evals/reports/jorgpt-import-audit.json","6748EB67CDAD0A5DFDE0F92527FCD43936E0255AB900494D7DEAAA3486C52503"
"lab/evals/reports/jorgpt-qwen3_4b-diagnostic.json","C980B6DF309289997570C12D22CA7E1B900F2B70733954A300966B68F4567FA0"
"lab/evals/reports/jorgpt-qwen3_4b-smoke.json","737972BADCB5BF1D6A1716ECB595424A90F7E2886C2ADAE80BFE1BC546DF86C7"
"lab/evals/reports/jorgpt-rules-baseline.json","E550A6E6F6F11DFDE5781919EB327CEED0C71805F1778CFDAC394955B5B651BD"
"lab/evals/reports/latest-report.json","290C58DB211AF4143B2B00A9B50291C4DA52240AA6B2649D852964D840272025"
"lab/evals/reports/latest-report.md","21576BBE59B48D197E701D85C2E0155F46DDA112525C3B964D013C2890A175BE"
"lab/evals/reports/local-adapter-smoke.json","A3B5CB3E80EF1C9598D16558EE43371B56E150004BFE19BCC31B962138CB50AE"
"lab/evals/reports/local-regression-v2.json","87F0DA664E4BCB9BF6D73A57B1125899A5737F7EEA3E69D56F5CB64F82688E05"
"lab/evals/reports/local-runtime-benchmark.json","504D260141C3CC0D4F44DC669B3780D3844C73C176A56806A8BCC857A0EEEA25"
"lab/evals/reports/model-selection-decision.json","25E56952A8AEB706331A2D85DD14ED3991D691D623D6F0EEF3A4A914B7AC9C76"
"lab/evals/reports/model-selection-qwen3_4b.json","6A1149489E5D4B6B85E5149B91BAA32B8BE6F920B09C4A2EF61AFB92821FBCD5"
"lab/evals/reports/model-selection-qwen3_8b.json","D2094AABA33B14EED5E87886F7BCB1C5111B5E0E341FFE43C687809C189D0F35"
"lab/evals/reports/model-selection-rules_alias.json","75D3BC81F4CAAEE37EE05031D714E8105112A406C0613258509B8EEAD1BA99E0"
"lab/evals/synthetic/fujian-2024-junior-math-v1/answer-sheets/SIM-FJ2024-001-page-1.png","ADA16E89F7C2C4A8831CFFE48AC3DCA53AB06197F28BA166F5D3DA2C6E20B053"
"lab/evals/synthetic/fujian-2024-junior-math-v1/answer-sheets/SIM-FJ2024-001-page-2.png","FD8D4ABFA53A3600B7646AFF3855CE4114250F735CE34457AFC369159FE15609"
"lab/evals/synthetic/fujian-2024-junior-math-v1/answer-sheets/SIM-FJ2024-001.pdf","47B070DEB85F6A575313EF31E0AD232FF722CC7805085F9C350614399D8D24C7"
"lab/evals/synthetic/fujian-2024-junior-math-v1/answer-sheets/SIM-FJ2024-002-page-1.png","A81AF718A8E58D5AA87B1FC5C7A52ACAA86CB00218357595B749AAC8F668BD7E"
"lab/evals/synthetic/fujian-2024-junior-math-v1/answer-sheets/SIM-FJ2024-002-page-2.png","4FD18477051ADA389DEAB09D2C6E98A86706256EA1BC44CE946B190658C04B7C"
"lab/evals/synthetic/fujian-2024-junior-math-v1/answer-sheets/SIM-FJ2024-002.pdf","95BECFA2B09405AE6EA398CF8E2EC9FF60185E89E7AC52B8A2604CD654A8481F"
"lab/evals/synthetic/fujian-2024-junior-math-v1/answer-sheets/SIM-FJ2024-003-page-1.png","D4CBC095C8810F3F096F4B63ECAA5BB72B2523C36D89AA6DCB1595F515F28FA8"
"lab/evals/synthetic/fujian-2024-junior-math-v1/answer-sheets/SIM-FJ2024-003-page-2.png","9FB1553EE101DAF686EB4A8328708A63575DA69E1A8E8B954B5106B581FED889"
"lab/evals/synthetic/fujian-2024-junior-math-v1/answer-sheets/SIM-FJ2024-003.pdf","C02459EE5D208F9C35F122C5AC7A8D54956C1A048A8B132097F7CAEA020E0F5B"
"lab/evals/synthetic/fujian-2024-junior-math-v1/answer-sheets/SIM-FJ2024-004-page-1.png","E383B0B89C3C72B50FA72143D940C75E684FBBC9D1C6AD92E99D425A2F1D7ADC"
"lab/evals/synthetic/fujian-2024-junior-math-v1/answer-sheets/SIM-FJ2024-004-page-2.png","21EC55F6BEC642AEEF4D56BD640C9634155AD63444D810522A37D6C11E326727"
"lab/evals/synthetic/fujian-2024-junior-math-v1/answer-sheets/SIM-FJ2024-004.pdf","E3B47150256C0BA6CB630FC76E2A200A9D7F3A9F032254ECF937CF88C84C2CF6"
"lab/evals/synthetic/fujian-2024-junior-math-v1/candidates.json","BF2F500A248A0B0A7FBEFE27620D9F56A12A80D3F3B31D147980067BE2048A80"
"lab/evals/synthetic/fujian-2024-junior-math-v1/import-result.json","7ADF336F4D90A24D628401DB825F63D5A9F8E64D659847C874E14F30528C0804"
"lab/evals/synthetic/fujian-2024-junior-math-v1/manifest.json","98D5302EC086C1D7EA6C97B75DEB48B99A5D0C7A03802D5FC6B685C93A2B44AB"
"lab/evals/synthetic/fujian-2024-junior-math-v1/questions.json","DE2114A3C8F04CFC96E27A44C468205395EA252DEFB0A78145ECBAE64AD727C7"
"lab/evals/synthetic/fujian-2024-junior-math-v1/README.md","0B122EEA172894E4FD3E99A3819741CB7445344D490D97E0B6FFAA7C50F089AF"
"lab/evals/synthetic/fujian-2024-junior-math-v1/references/blank-answer-sheet-page-1.png","FD94E6106EA723BFC62479FCB7DC67C3699D2B8FFA753F6AC69B4664A54B886B"
"lab/evals/synthetic/fujian-2024-junior-math-v1/references/blank-answer-sheet-page-2.png","4876709449478F4B9E2D41E1D21DDB1B833D18000C91CB4897199E37FF9DEF88"
"lab/evals/synthetic/fujian-2024-junior-math-v1/references/blank-answer-sheet-template.pdf","9756965D6E80E7DE1121DFBC0B48BC85017EEBF9F2AFFA0CA00D2B22010E7C9B"
"lab/evals/synthetic/fujian-2024-junior-math-v1/references/official-fujian-2024-math-questions.pdf","1C4DF1A0337F48F82FC464A5C65F9D812A7BC9E2AC949830B6B88671111BB24D"
"lab/evals/synthetic/fujian-2024-junior-math-v1/references/official-fujian-2024-math-reference-answers.pdf","F18EC676B7CA5D3BB51C175901BBF173B8E5DB64A5BAF7B435FEADB46078BBFC"
"lab/evals/synthetic/fujian-2024-junior-math-v1/regions.json","039011CFA1179FE96381132A2ABD49AD5C6D419D41A308E90E6F26DAAFB04E43"
"lab/evals/synthetic/fujian-2024-junior-math-v1/sources.json","0A014EE30D6EF835E89D437CA01809E8107D0947BF39F4C018BB8A047E65E21C"
"lab/evals/synthetic/samples.jsonl","25EAE6B9FA9B74A3BE3A86BC4DA518CC510C2E7FE15EC941F4955AACB30C0406"
"lab/examples/annotation-roster.example.json","712B660B4D08BD1D1EF8EEBFD54CA4C2FBF7D6053F182A24F953540A82FC4FB7"
"lab/examples/rubrics/chinese-reading.json","804FD852324306E70C42146FB332EA2F1AC9805E956E84E2D8931C0592449407"
"lab/examples/rubrics/english-essay.json","C70A06D2C9C96A6037044DBD40D70DF142638A8DE77B63BA4E5ABAB6590C407C"
"lab/examples/rubrics/math-calculation.json","E4FF9376F7ACE6DBF1DCCBBFE233D06894E5028726108A3648F3DDB4CBEB7504"
"lab/examples/rubrics/physics-short-answer.json","C8BAB3080B92FC221AC9D9655D0F22F32177DFB97F2FCDCDEA079FACFD2E1EC1"
"lab/openapi/grading-agent.openapi.json","DC2A7BFB555375141168029B5B781DB382B1A3826BAB3BBE22062D140349540F"
"lab/package-lock.json","09544D8B929593963C335EE76A069464724A2D3464F69FE594793EA4435CB96A"
"lab/package.json","A5ECA54A6CEACDE7E26D9EA3CF2834FE1082D6CB25598E3C395B44B17996A408"
"lab/README.md","1384F98A73AE6164D7E4472185A8C3DFB65F4677FBE6FB2B7CD6A63000AF5E94"
"lab/scripts/add-failed-case.js","9F660BDDD703157CEFA25684316F5D6824EFD8FB67AF4D9C66E9E7D3AC4D7B7B"
"lab/scripts/annotation-workflow.js","1D47975553ADE7079602B24B23FE0E4EF49D6F732304D89159A49CAC05234ECF"
"lab/scripts/benchmark-local-model.js","B58C553C5EA98FEC475E959A28498D4DA1A2733432A0D7B7D6FDAF07F0F8CA09"
"lab/scripts/build-gold-dataset.js","9D93A9865D339BEED395022B6B6594F23511693E849B5E498093943319EA5D43"
"lab/scripts/build-pilot-package.js","02B72E02195E71ADDFE982FFC79DB8172EA3A6EC2290AA7F5BE75751891A4A84"
"lab/scripts/check-fine-tuning-decision.js","7DBC443E3058B71E5A69C62F0782135806C4B02E653BF8670AEF2B3AF7800C94"
"lab/scripts/check-gate.js","890980A5C1CB5E71D6994027005AB1C668AE176550F9EB8427ABDFDF3F595DC3"
"lab/scripts/check-local-runtime.js","7C47DAD15E479F5CF54ECE190022EC5ABC776076BE73F248D816308312943BC1"
"lab/scripts/compare-model-selection.js","CB7B6A9A63837ADED45CF4508AF7C35EEB9A92A5D2028AEF269822A8164BA78C"
"lab/scripts/govern-dataset.js","4BE158B40BEC41CD7C1EA4D7BE435020B5AC8166133CBC40E070550C1F578630"
"lab/scripts/import-human-labels.js","550890CDEF8736F38D9A14F9D7F55DB848E2D2F96B1DC55453A0A3A56489C6F7"
"lab/scripts/import-jorgpt.js","EFC699B1915496A7B171F733A8215A049EDCEB45C2894C7979575BD3A8799905"
"lab/scripts/prepare-jorgpt-dataset.ps1","7ABB2CA71A69068CD3926609FE73F93B25F67B4A5DBC47ECACD3B2EC2744B2DC"
"lab/scripts/prepare-local-runtime.ps1","FC1C4AC6EFF2DEAEEE8BE5AB30AEE2D6DA2293C4CA97A303562CDD166C917243"
"lab/scripts/prepare-model-candidate.ps1","4B3DF037CBD3500372944514CE3B576CA1A3A41614AC333FB39D3F110AA85C31"
"lab/scripts/run-adversarial.js","8D9E9874ABA6717F2E12F2403452CCF2AABF1F59EDE69D4734C3726F72571B34"
"lab/scripts/run-annotation-workflow-demo.js","F14BCA1EE3FFC4BE817BAA2DF9CB18D3CA3983D3DA609853D814B280BEB5BC2F"
"lab/scripts/run-calibration-fairness.js","109B15350CFA24D537216AAC078ABFF763306D09572F2A0CE0B2338B829E8FD5"
"lab/scripts/run-eval.js","909278C8CDD78C32909F86A4645ED81F34BCD5E5800DE61C18C76A1BE8EACFFB"
"lab/scripts/run-graduation-audit.js","FEE75B89F0E565BE7A961C6A42DBC452FEEB68D6B74D29310D7093765112EE72"
"lab/scripts/run-local-regression-v2.js","C6AE54CB89816571D3F29C6992DBCCC88C988FA9F694895523C67F8A16C18091"
"lab/scripts/run-model-selection.js","C3A449ADD77747A5B3B499AAB0FD1256E6463AD3D9F7A445E3C5A56A9B3BB8B8"
"lab/scripts/run-regression.js","F1FAED0677DDA79C7C1E8C17C2AFD31BF60A35862D4DB67AB9F37CF864219264"
"lab/scripts/smoke-local-adapter.js","57B2F7C4331C2CD35A36BDF5E997B40A86199F471140538EB1C8FAF13824D402"
"lab/scripts/start-local-server.ps1","FF03034B23CDD721895BD50B28DBA2F1B90BBAED500E40ECBBDBAA09A8731846"
"lab/scripts/stop-local-server.ps1","367BEBAFB45335ED87DCE2B4BB5D78E0C1266EA0143CD1F865921891804FFE42"
"lab/src/adapters/index.js","FCA5A7FD4613A97CA06FAAAB75148479B7DDDC10E8CF5CB23DE234DA6D70ED43"
"lab/src/adapters/localModelAdapter.js","676CDE09A411400FC753E39499F674EA7BD840A89EC21FB1C721EC659D161D6F"
"lab/src/adapters/mockAdapter.js","EEC0100A43F9D2E466D2A14E4C2690E0765FE148B5D884722C7C621AF0E726AC"
"lab/src/adversaries/index.js","E8ACA814A37E80771661030D928E36955B674529F92D7D882CC15B4FBF94A42A"
"lab/src/annotations/gold.js","9E52B60271B1D033A66694EDFD10471266F309AF1276887A60A0001DF1127CAA"
"lab/src/annotations/workflow.js","DC84A4932916252447A571BC1D5EFCEE23D38812CDD5BA31924B78EC52570BFB"
"lab/src/capabilities.js","F92C3846FA52E9F6F5DF2691C79584A69557E1530AC2F0BBE6666FE353F02A28"
"lab/src/datasets/governance.js","20A4172A1279106C98979A494404862CD4352868CE9724028740CDCCC28565ED"
"lab/src/datasets/jorgpt.js","8C9995CA7AF1CDD958069D6BDFEF34FAD3557702D635924C381B474A8C75B941"
"lab/src/evaluators/adversarial.js","7BC3AB4EF42E98EF0EF0AD91AAE1844391CEA8EF3F176292BF45A37525A4C8E3"
"lab/src/evaluators/calibration.js","4EBF50E6851F5D2D33B7AF4D737F3B8181E1A231ED1133CD298382A839C8AE58"
"lab/src/evaluators/fairness.js","5F26BDFF72C6C270066C91E87748E0A4C14FE5184DA73FFB6BD834575C225242"
"lab/src/evaluators/gateChecker.js","D01549738424449A6B4A5EC4EBEE1D1A728B0FA59FC37384912D1FD3F13BD7C4"
"lab/src/evaluators/metrics.js","AA16A65CB52FC3FC11CDA65DA4C26F818CABD56379B9A0AF95C1D02CC1CDAD67"
"lab/src/evaluators/modelSelection.js","54C2D6095E5197C8E28E1EE672AA8920771801885E008D222A08DA5B0EB3DF80"
"lab/src/evaluators/runEval.js","380D5116C1F6F696829ED8C881A5B53BEDCAD4139C6A3A9A437C888F64FD81FE"
"lab/src/evidenceVerifier.js","DD7D6BBC37E4938D7037565CA78E90B54C8776F4E069B60659499F74F85CC994"
"lab/src/graders.js","1DFFA96FDBCD05C308AAD28E23FC315920DAA682BB96BF78B9F3F49AD006E1F2"
"lab/src/guardrails/promptInjection.js","2DBF1B28E9AC29F70071ADD71EE1D9A184446040C5BDAC857C7C7052D8A9E0CD"
"lab/src/humanLabels.js","8D9362EDA7FA0C3B0DE4B8F8B97071AAEBC569F8391B38F1EA9ECFC2E80B7D20"
"lab/src/prompts/base_grading_prompt.md","3364B352554E1E51011418248EF548D0F28A18ED45133A0667D4EFA467A4BA85"
"lab/src/prompts/calculation_prompt.md","428087DB654B54B65A532738038CE77365B8B332E71B55FA96A3320634D2AFE7"
"lab/src/prompts/discussion_prompt.md","F426F9E0860300701039869CC29862117E84D8B7F90AFA6C232AA5252B55E49B"
"lab/src/prompts/essay_prompt.md","F6F329017A3971EA480285FC0F0AEB6D4A5FDDD7DED4AAA4A1E745D85E1CB24A"
"lab/src/prompts/evidence_verification_prompt.md","AE6C710A6258D37C1BDDF0ED8D1CCA5D00A283BDA3F61B2366C7C6C0D1942249"
"lab/src/prompts/local_structured_grading_prompt.md","3A605A792227DE47CEDECAB748DDA70E88829443C837FCA223D32CF70107BB65"
"lab/src/prompts/registry.js","2F498220BD607962DD4D62B36DE917B2E19936CB94D53E5EE59E851707B59F9B"
"lab/src/prompts/short_answer_prompt.md","FD157977B147B334AC96C6DDB074603B63AE55E7334D0D4CD4F90003FC03E651"
"lab/src/release/pilot.js","1A5B3CEC7831BF658549C86E145F93A7CD095EC14AD666CBE63A87BFDE7D2974"
"lab/src/rubric.js","94F96D328078DD080D9945B3D4EDF013276C53DE6CB64019659099A77A0FC71C"
"lab/src/runtime/localRuntime.js","D2051D940BF25A24B89BA3AEAD3C2061406A5EE28BCE062BA4E1EDB56A1BACEE"
"lab/src/runtime/modelCandidates.js","387BE6C3B77E9A45FB87B21C8819A9C7E18A864E064C63247C8CAE115063C9DA"
"lab/src/schemas/gradingSchema.js","68B7201FC35BB702E460DACB140DFD4057D4DD2371D5D5DF50C7EA9D00E09EB1"
"lab/src/subjects.js","B341DEE38D4A483BAA7659E0A7337CE44716C34BE44B616EBBD15954A35E455D"
"lab/src/training/decision.js","6BCC3646F799A8A091C4312D7F5A212C7F48ADD5073DFEA8B1DC7914E31C33A8"
"lab/stories/story-001-operating-model/story.md","1A2BC97CE88806C155D65C7B57A9B5919170BFC59EFEAE5AE7D3053ABC50CECE"
"lab/stories/story-002-grading-agent-spec.md","9699380C91B8CE2EB18EDA66A6C33AE099AA9A40D96C0D3891652DEEA2EBB142"
"lab/stories/story-002-schema/story.md","BE755EE5FB46B38E81D3434C508BBB5502C66A21559E6A10144A1C29A79C74C3"
"lab/stories/story-003-rubric/story.md","0B99657146EBEDBC1710DDC0A469807CB4C4F5813B6F38B5F1B33B68DEFD0451"
"lab/stories/story-004-prompts/story.md","F0ACD1C7A1E7704F835B8DC14DDEB4944F95F502359A0869B0AA4A874BEA23C6"
"lab/stories/story-005-adapters/story.md","308EFA8B365B044E278210DECFFA0C481DE68D967F1A2767A347A984893F831E"
"lab/stories/story-006-evidence-eval-gates/story.md","E8567AFF54F8C508B1CD3EA62E505AF32BA9179E392C150021FC2AB529588BF7"
"lab/stories/story-007-evidence-verifier/story.md","F25C860E0557CC4251D95BE6CEED35F5716CACE52CC330EC0FB8FB80DE8134C0"
"lab/stories/story-008-synthetic-dataset/story.md","55915DDD23B1B218C80F13D12119EBDD1479A96C0BEDDB035C84CC74DDF253F8"
"lab/stories/story-009-eval-runner/story.md","764717CA16C0553755FAF837443E1334C4E3E62F2F97201B64D0E37AE5F9679A"
"lab/stories/story-010-release-gates/story.md","26D1B4293DE9F0AFDFAB4ACD47F0692F99E01837D05FCD09290617EB0F031A76"
"lab/stories/story-011-human-labeling/story.md","9F525F3EDB12A17F22C5C5325397616E9243156B0487E706699D6D19D7DBD413"
"lab/stories/story-012-roadmap/story.md","DC5620B212F04742A429AEBFCDACB9D6773384861A17E3F5280133EE2A4281D1"
"lab/stories/story-013-regression/story.md","5281DD5F61B0AEC30A84E86851F9DF8ECB82C44FA9FA41CA390F3D6909C51D1B"
"lab/stories/story-014-prompt-injection/story.md","9D76CF5C8997A33131827F18FE9E10A715DD5426F7AED8ACF8F615561DE16779"
"lab/stories/story-015-subject-strategies/story.md","865E830FB50627ED5DA4AB900EF0F242A8CB2172F06D804A64BC175037283FFA"
"lab/stories/story-016-question-graders/story.md","BA4924A7230E5BAA0F469BF1E3E54FF9849708C9DCB576808C1E431C49C66661"
"lab/stories/story-017-platform-contract/story.md","6B1A8A6EFAFB9A8FB98049F02B22538267030ACB3F1B5ABB5721FC1A278492D7"
"lab/stories/story-018-pre-release-audit/story.md","A23DBDBC97AAF4F6F9D7408057F76EF002D7AF806DDEF0CB8100A43B96E985F0"
"lab/stories/story-019-high-risk-fixes/story.md","66EC38D8DE2F23138A9066121822EFB3CB3FC43321CEC9E8C39ACBB2357476E1"
"lab/stories/story-020-platform-current-api-mapping/story.md","AC47BA7C68493B87CF352378BF40D69FAC92F6B48005CE69C1860839C9E3B255"
"lab/stories/story-021-current-grading-gap-analysis/story.md","EDF90AADE24BAD6081DA3B80343D2C9B34DC318A797A7CEA4AC4C9D7955BC2EB"
"lab/stories/story-022-integration-options/story.md","8FB2D33B77AB6D2875628DD3458D9BE1C0202173F2F676EDB268505753EE1A58"
"lab/stories/story-023-platform-mock-output-eval-compatibility/story.md","CA266B820508A4DB9BB24D0A7AD25EC07BE42334E5191F736D8215B12BBF8125"
"lab/stories/story-024-risk-flags-naming-standard/story.md","8B89BA34E40656E9377DCC4A17C06F008CBBEBB62C92B04439EAD153B67657D7"
"lab/stories/story-025-rubric-field-extension-proposal/story.md","45A8CD1DA8AA2F8EE26E94430B6F5D67CE20E22A9147131B099B8C3618776B82"
"lab/stories/story-board.md","8A38CF513499C646524F644C840B107799541BDA8C8A7391574DF415287963AC"
"lab/stories/story-g-capability-boundary/story.md","42C1CDACFECB703A83CC01546BBF6D0A8DDAF831FF275104A3B93EC8D966EF2A"
"lab/stories/story-h-local-runtime/story.md","A0C3C58010342695B73C0718BBDDDC9B35EAF1D2D0D437C0BAFB13D2ED68A4AC"
"lab/stories/story-i-local-adapter/story.md","4333012382F2CD7BB80820CFA8ECA0BF00F5208A7F93278F10AD12C1A063F3D0"
"lab/stories/story-j-dataset-governance/story.md","8A88475CCB94B4B5818110EF65187006F3A8EB47BF8C507E04932D29F6DEB30F"
"lab/stories/story-k-gold-annotation/story.md","C2A6D0BABE4EBCD1513E8BED88A0590B19654EAB07528C6A8981531853406FA9"
"lab/stories/story-l-model-selection/story.md","C55DACEDD8D0D3EA650C37CB9079B0931997F43DB3DA910A0879CA9F84FD67F2"
"lab/stories/story-m-adversarial-agents/story.md","FA37F894812182D8C888EBAE91512E5B82E2103B30D665B7B7CB1625EF8CC8F4"
"lab/stories/story-n-calibration-fairness/story.md","5A3F89010424C298FCBA64EB8B9D8617ED6946DC6F903628F89E6E8887E23D3D"
"lab/stories/story-o-prompt-rubric-optimization/story.md","C698E7590FFCE6AAA22FA678278321AB7A7288F95073AD9B7E07ACBFDA3159C6"
"lab/stories/story-p-fine-tuning-decision/story.md","B09E9385287605C0C4290740B3C03CC50271750394CA8324409280E85E3B2A59"
"lab/stories/story-q-pilot-freeze/story.md","80811E978A5080B0B00C39A13AEEF69306FA9161358610E4703FA639ADB7F548"
"lab/stories/story-r-graduation-audit/story.md","A0E7F4BE73454FA2E69384FC248A630D81A82A72431B74CDFF8622AEA6379E5A"
"lab/tests/adapter.test.js","15E0EFFA3ABBC6C1BFBC1CF02C3410651BED13B12D2E61F965B3B3874DA9E8C8"
"lab/tests/adversarial.test.js","79E58658BA127D653049B6CF4647A2C8B8AAFFCA0813D4ADED6835C35DEEB410"
"lab/tests/annotation-workflow.test.js","ACB0123C802266E6883137873A155A418AB39CA08424622F1B0564E7C2C7AF4D"
"lab/tests/calibration-fairness.test.js","AB2BE33B86A473125A38D8DF57DCBF7BA28FD10796423EC7B1739CE540FB65EE"
"lab/tests/capabilities.test.js","5AE111046713D61DDCD035968B22EAD48C88A04A996882C1931933031C9813B7"
"lab/tests/dataset-governance.test.js","4DBBE9EBB606CC4F8255245670EF6C375995D678C1F3353B1A7E6093E99884DB"
"lab/tests/eval-gate.test.js","EDD892A5617A35641FAC4483502874CDFF7C2789CD847570A3215B3DBC35CF71"
"lab/tests/evidence-verifier.test.js","FDDCDD5FDF6A576BF732E26360192826C5E035958214DFD9A1FB3704815798DC"
"lab/tests/fine-tuning-decision.test.js","4504CAE929C84759F4B35464BAE61F51942319914DBABE7582878B23E9A13CAF"
"lab/tests/gold-annotation.test.js","E0CA175A43B8A35074195D53EC975A271B44CFA7F29ECA19FE276481DE91DB07"
"lab/tests/helpers.js","1A5EF501ACBC7BCD8896B744DA3F7EB070DF78DBAC03E51C94E573A220C4594E"
"lab/tests/human-labels.test.js","111CCD13F61C4E50D83C66DD4ABC0C86F1C007E6C31CB07A6958E1187CD01FB4"
"lab/tests/jorgpt-dataset.test.js","ADC26BD38C2ED0D872E5D0933DC066F35467E9ECFE550F80C4AC729CC385CFFE"
"lab/tests/local-adapter.test.js","788B72590D53F5A6D2F337A753F9211328235069C57A0B9667B4382187A20195"
"lab/tests/local-runtime.test.js","7F036A92D127860867F63349D396B13A19C355E78E88512298016A26442961AD"
"lab/tests/model-candidates.test.js","21A6371EAA1B9FC0E56A2BE94420680537BB320D4011D5CE1D431DED3AD635E8"
"lab/tests/model-selection.test.js","73A73AFB55EA803AC79A2E81A5666D52B8B4B65CEBA9BF47DDDCA6B5C276666F"
"lab/tests/pilot-readiness.test.js","6F16825D4E7D34D84CD2966CC1B9B16090282B1520F90BDBF20953BE9958B281"
"lab/tests/prompt-registry.test.js","6DB8BF1EA3B9EF591C0F53E18CEFDF519758D9D90EDC988D7E962A2EF2550984"
"lab/tests/rubric.test.js","4E0C442A76A08B67A6AC0B6149EEE6A73688B09CC7AABD811F8AAA596CEE1A92"
"lab/tests/schema.test.js","C0A99B2448FC3210BC103995140642844F7268E153E4F2BD4F6DE95271C10AFD"
"lab/tests/subjects-graders.test.js","BAB26DDACFB4AE5F59A0BB5C6202780511E5C5D39F0D9FB692E4F5E87F382F93"
"LICENSE","5F268B35921F6B3A7C9DD3531ABD1E88473616D9DC3EF308F1ADA2747682E743"
"package-lock.json","8E16EBCA0B7C0FB36FCE19F135BA78EFE25065A97C704E394A1248833621BEF1"
"package.json","92A88F8B162EE827068B3C7459B504BA6ABEA98F170B237EFA45C04AD98D093A"
"packages/auth-client/.gitkeep","01BA4719C80B6FE911B091A7C05124B64EEECE964E09C058EF8F9805DACA546B"
"packages/design-tokens/package.json","A3EE8235BE0F708870240DAB632E45B087AAB9E9E1ECE0FE3DCABCAA51182E6C"
"packages/design-tokens/src/breakpoints.ts","77E83FFA65AE6C6152C9DFBEB2288FF445EB3F6198444FA308695E8C8583C28D"
"packages/design-tokens/src/color.ts","F6C63FD02E57A47B0E7FFD98D1D75886162C8BC5F5A3DB8BE13986EB9256E7DD"
"packages/design-tokens/src/grading.ts","18C6E331323DC751E4E15BA2297C830405ECEF6B8AC425E8A8B1385A40045C04"
"packages/design-tokens/src/index.ts","ED0409E87D6556437C312AA4DD530BCFD8EA0B863F5721F21962EDAD82D0CBC5"
"packages/design-tokens/src/motion.ts","E059DC3AD9B96578EE61500D4523FD9C3EA37B4D3A92CE85ACE8F59FB2895F6B"
"packages/design-tokens/src/radius.ts","38120F74CC515E8E2E1061D8FE20EE6CD400A9412A0331C4CFE2FB8D9EB7D268"
"packages/design-tokens/src/reading.ts","F11D7D558576FECDAC968CA52D71BFEB45F29E45775A48D859EA6212E86E2710"
"packages/design-tokens/src/shadow.ts","AE9F7D0C6840CBB54CAA65A5BDFD0D0781A8EB6E71719323440385A6C9EF90AC"
"packages/design-tokens/src/spacing.ts","8954B5200E9959DC4A271F310773EBBF51F1F85FFAF7D0C63A67BAEBE3211D21"
"packages/design-tokens/src/tokens.css","18C323990448EBEC84877C3F685A4C72660173047643E66A81F9A3695ADFEFEE"
"packages/design-tokens/src/typography.ts","B4A4D07997D20BF805C1868774A8E8AF59E8E455A285786DB2975FC9D9F93B0C"
"packages/design-tokens/src/zIndex.ts","4E3816A439C56DA9797081E4CD3659F3CFD027F28CE63EF642505A5DF2C1F429"
"packages/README.md","998274435FED98C34B22E97BF8EE004BDF1E37FEF576DCAEC0296892D6CE7087"
"packages/sdk/package.json","5577CC068928E8729F136AE8C166107BA923CD424A4FCEEC9A370988E9CE6B76"
"packages/sdk/README.md","CAB3B5B7D052AC6E27D97E2913C20C3414A409EA0D1EF489FFDAB6AF7343A086"
"packages/sdk/src/assessment.ts","A5A5F55AD3D4F99DC54B4010E55D434EB136434A2A1B7DBE2485095CC04E1DEB"
"packages/sdk/src/generated/client.ts","37D9145C4A7B49F883A26021BE90E7A88BDA4E80D403297994C4B6E364CB8EBF"
"packages/sdk/src/generated/types.ts","36CC6DAAACD253493199448C36777F5A1DBDEACA2975C5A25C3D7CA7B200604B"
"packages/sdk/src/index.ts","C30AFE0D8729E22EB48E98586662C6D4490CF891119992AB96C17DBBE69BCD80"
"packages/sdk/src/runtime.ts","FD6C9B008E6170C76810FC593E316FD5A654A4431FD5AC84C64187C3493ECF9F"
"packages/sdk/tsconfig.json","9E8597D250BFBEAE58AFC03246DFE942F03F060BB949160B8DD5797FEB3F9155"
"packages/shared-types/package.json","C8266F52314BA4801B8A764B9DB5A2F51AF887813AA654C12AEDCC4E2E15F830"
"packages/shared-types/src/index.ts","0A0F48D735298FAE2ECC406DCAE1BEA7A144F36B075A7707505A09203CD7D38F"
"packages/ui/package.json","5CDE1AC3BCC72803FF5DFCD1FC60EAAE0D293D4C325EC695F7EDFB806A1D92B8"
"packages/ui/src/index.ts","E01314E005673496FB821EAECEB1F751517E5BCC1504C58B591C9855FC28B7AF"
"packages/ui/src/styles.css","0328B633FB8F13F410000041DEE9FCB0A802B185797E79BFC34810074E901B36"
"packages/ui/src/workspace/DataTableShell.tsx","8E5A2B6F014CC417AFC600803FB2F5CBB86F0F5BAAAAC01B359450A6BB34BB17"
"packages/ui/src/workspace/ExamStageIndicator.tsx","24A8F419B311BFD8D088DF5F8DB57A8BFB0EAEA38499980843FEBBA767D85F27"
"packages/ui/src/workspace/FilterBar.tsx","2F4C69048A79AB0AF6A830773CFBE1CCE9D41153EB34A1BCBC75CBC17BA7A4BB"
"packages/ui/src/workspace/MetricCard.tsx","898F734F091ADE4C25AF6903112FE6B1BFAB22B996CA070D170403BB930E5FDA"
"packages/ui/src/workspace/PageHeader.tsx","3BE5AB3F36C717FC0AA395AE84F7ED165735E5C79BC7381A48BC467E546DAD32"
"packages/ui/src/workspace/QualityIndicator.tsx","0F82211C8784C563A5742E3C34872FB051BE41446B6BF7DD249B893600C9CE19"
"packages/ui/src/workspace/RiskBanner.tsx","FC8F93A7F26E99125E416D51A050D513B5EB6F9877BF27FFF7A6EE3AB5DED2D8"
"packages/ui/src/workspace/RubricCriterion.tsx","DA3473C6704E79AB843BC2A69D79E01991C8BA6E6166825E8EC1F17E030EDAF3"
"packages/ui/src/workspace/StageNav.tsx","8084563224B6B09183D9F605261B19A712B1FFFC92CC2578C85582BFA9CFC082"
"packages/ui/src/workspace/StatusBadge.tsx","EB776DC814975A4E6E6C47EBD5A863A652EC1554EE214685A88CE6C44C136975"
"packages/ui/src/workspace/types.ts","57E133D1613B058CFC4571607082DBE07056BE6019662F03C514787D11CE5192"
"packages/ui/src/workspace/WorkspaceLayout.tsx","B8CD79035F9239991AD820903E9F045330685F0203085B75AC285BC5A6C8A18B"
"packages/ui/src/workspace/WorkspaceMetricStrip.tsx","77DAF21B4A56F35C726C4C72E019F62A679D274D1C88BF64E7EC39CE53827252"
"packages/ui/src/workspace/WorkspaceNoticeList.tsx","2A206828CAD0C94870C71BAB230DD3008213089804820B99E3B5BF99B025BEC9"
"packages/ui/src/workspace/WorkspaceStageRail.tsx","AC8AEC33AE7E104C1EE492FCE0EF595E9C3ED3F10A850530D892F98B841E727A"
"packages/worker-runtime-python/edugrade_worker_runtime/__init__.py","500C693D9800CC584D6983655226CED4C322656DF54DAF766018599FB6C12066"
"packages/worker-runtime-python/edugrade_worker_runtime/http.py","E21B59616E49A8E02C94EA0245127A6ABD4650607C5FA97420CE513455122A9A"
"packages/worker-runtime-python/edugrade_worker_runtime/lease.py","A8F498EBA6FF01ED8FAE28A1D22F019679DBD5F4C44C229D558041247AB955D9"
"packages/worker-runtime-python/pyproject.toml","17AF0B2855C685F85128401F913362067A02E99D60A9ED4A268C6119A97D4EFA"
"playwright.config.ts","A11D56866F467C8CF9AABC7EEA51A709704B5321A73B5D2542537B166C55A906"
"playwright.real.config.ts","CE26957AE3BC845A6C3FDA834D3126B1B1419627D0631D725450B37CC553A55B"
"README.md","AB2BB10A6D40F8AB55759D4715DAA4ACB4D35A5204F4ECF46CA130D849B08A5B"
"reports/ocr-evaluation/20260905-exact/local-baseline-v1/summary.json","C04F01CC5F54FB1379B0DBA17B8FDA3607E5B0400540C66D9D0438C3020342A2"
"reports/ocr-evaluation/20260905-exact/local-baseline-v1/summary.md","92747BCA36797908FA70E58F18C12384150C16A5B7DE4D6027575863C1B59350"
"reports/ocr-evaluation/cpu-threads-10/summary.json","D15BD298E87DA91F8A0353760EA8624D35BF8CE4C17CCB583369184231A43AC3"
"reports/ocr-evaluation/cpu-threads-10/summary.md","F18CCC4D312C41DE73AE7C9278E8C54F6F270530E97580EC2A85301DEA9550D6"
"reports/ocr-evaluation/cpu-threads-12/summary.json","8282A3460EC9191CB26CAC8DC9B677E2DEAA6F511BDB3B94E2BAE708111A19B0"
"reports/ocr-evaluation/cpu-threads-12/summary.md","A005158B09F6EA6424F75B21FAB1E750D7D1E4346D0687EE2F38DD973D81A900"
"reports/ocr-evaluation/cpu-threads-4/summary.json","538168F5FBFA2DE54266F10ECF5262F32FB0BDA5FDB1CFB5F7EC31C1568C0041"
"reports/ocr-evaluation/cpu-threads-4/summary.md","D6A0B77CDEEED73394F5331BB4383BB1B48FE8D1388BCB5CFDE994909DCB8955"
"reports/ocr-evaluation/cpu-threads-6/summary.json","A7BFC5CD2073DB944C2BA964C78105CB6F1A7C1DDA3CFBE56F5F8A316EB6D910"
"reports/ocr-evaluation/cpu-threads-6/summary.md","4A89263AC3F42F10B127AE2706F234A5911AA3476DA43A7962310155AD9C74D8"
"reports/ocr-evaluation/cpu-threads-8/summary.json","71F72A271AA3866CBCF472D2050175EA81A36195C9C162C089353D1E2B0C547A"
"reports/ocr-evaluation/cpu-threads-8/summary.md","11C35E61892C859DBA12CAC609816A8B1F5EC7A200F71F806D626CCA94A18A08"
"reports/ocr-evaluation/local-baseline-v1/summary.json","9329BD5CD5D65188060867FF9254E54F1619D1C73CE96E3BCC5AF0AF9A20E5EC"
"reports/ocr-evaluation/local-baseline-v1/summary.md","732974F47B803B1E353AFF7EE8786963012A1BA9013F091A782D19E7810B7A69"
"reports/ocr-evaluation/optimized-aggressive/summary.json","AD61CF1C78967B974985B7CF3E50EAD624BABA85F52CB97B62CD9F6D5A0EDCC8"
"reports/ocr-evaluation/optimized-aggressive/summary.md","039CC37094C09453F60396209B9CE9AC38AFED99C420E38A2EBE91630BA1A767"
"reports/ocr-evaluation/optimized-safe-20260905/summary.json","895A03F8000CA62264CE3CD2BD6557AD3F88289B73B11F775FBC3862EB64CD59"
"reports/ocr-evaluation/optimized-safe-20260905/summary.md","97C641A68155BD81C59B54A6F75DB9C93C29C5B9C201714FFFE366E1F970CDCB"
"reports/ocr-evaluation/roi-aggressive-rejected/summary.json","A502345877512F502511BC91490CFDFA037BBAE571D6E7F41D7E87FF8CDC2D55"
"reports/ocr-evaluation/roi-aggressive-rejected/summary.md","5CC27EC805220B71A5247C93434283A11342DACE91DC17B9C057AB0BC02D38BA"
"reports/ocr-evaluation/roi-baseline-v1/summary.json","7E7409AEA5417122A59198C4D93A0CC373B7707F1C7BE27C13C336F3D8EBF930"
"reports/ocr-evaluation/roi-baseline-v1/summary.md","B7DB0B2895CB0B2E6780C49BCB465241A0F80BD1EAC675E990BBB997B60C4713"
"reports/ocr-evaluation/roi-min64-orientation-off-b1/summary.json","F9278C66B3126C8A9C52A9E0CBF4A19CEC54E9215DE99C945A160EF422B90C9D"
"reports/ocr-evaluation/roi-min64-orientation-off-b1/summary.md","30898C8C806BEB8345779DD02B7D1152C018F1F3AB60025F92C36E171ED99CF5"
"reports/ocr-evaluation/roi-min64-orientation-off-b4/summary.json","059B251447EB45E362C160580209A9338E908A1D38685AB8B1560D9E66281660"
"reports/ocr-evaluation/roi-min64-orientation-off-b4/summary.md","E41352826B9F4C0403A3EB448703E7487EB4ECC7A08F1191ABF92E31D137FE69"
"reports/ocr-evaluation/roi-orientation-on-960-b4/summary.json","81B2E9802AFD1E5258B7EDAC43E30E5868EAA13516E447A8A435F928616AA7EC"
"reports/ocr-evaluation/roi-orientation-on-960-b4/summary.md","426EE0C3A845DF2EA8F0759FCF8F23880BAEEB1F33C58B7E108F12C30C3F5F19"
"reports/ocr-evaluation/run-context-20260905.json","1CFF9F52BC072A373C64DFE80E968ABAC4BE903250EB880C37E3AAF1DE7409DD"
"scripts/check-architecture-boundaries.mjs","5347BE3C38300E603A81BD9C07501AEA17CC2FDD911D2AC1C369274CEFFF5DB3"
"scripts/check-authorization-contract.mjs","9FC237D70DFB815199518CA2EB852DDD4929EEF24533996E397377345405ECAB"
"scripts/check-lab-integration.mjs","DCE0B20252DDF6A9E33BE107F5AEE9232EF412C5CC91C20FA5589D3E5C22A633"
"scripts/check-onboarding.mjs","9DFCE966B5C8336739C379925A58AC2EB9FB1152186261847B30CF1F15E3AE9F"
"scripts/check-openapi-breaking.mjs","AE898929340AE5CC394EF2C0F67D391EC8A222BE5632C1EDB0EFB9FB43A70509"
"scripts/check-openapi-route-debt.mjs","1EB3B36202ED009109A0292712B652502CC5787E4D976948DC6371019D8F2201"
"scripts/check-schema-version.mjs","10F7251DAF96A718898BFE8E02E178BA8876104ABB2755F45C2DE010BE5F9214"
"scripts/check-story049-ocr-worker.mjs","F9F40B3ADDF394473B7CD24A9011E25885169ACE1A8ACA49F18E407AFDCAF51F"
"scripts/check-story052-production-deployment.mjs","F73B310A9A49F510E0D616D779BF3DD82A9F90473D6652946F367329D16BC3EA"
"scripts/check-story053-product-shell.mjs","31FCB2BDEAAFA48E1CCD562C65FF64FD1B4FBC8CF7297489466C48F734256DAD"
"scripts/check-story057-grading-contract.mjs","63E837F990A5A3CCAAB5422B7229AE3F574546A7C7FB4D7FEF263A954450B5BB"
"scripts/check-story061-model-evaluation-ui.mjs","BBC14C921CA20BC1E900FEA3E6CA5F2B002512B171771497BA10B4E2B1A0F96D"
"scripts/check-story063-subjective-grading.mjs","8D75746921AA412792AAFE7DDF2D4822533C2F0B1AB91E99123E78C6467C2D3A"
"scripts/check-user-facing-copy.mjs","7BA583020FF4256CEC3059AFC800A616F1424267862E1E5511CCCF0F0278A894"
"scripts/ci/architecture-boundaries.test.mjs","D156B06BAE2B930393CD2F0E157DC87309EF199F08C4C4A77F53EF13424F8F06"
"scripts/ci/authorization-contract.test.mjs","9C8E114478E3F4DC4C263679647E39FE8BC7B2D0DC9EB30ECA95E31271F658BE"
"scripts/ci/check-generated-contracts.mjs","394255E4689070A3CD280391A7A850BCD228CA7B7280321CBAB70F898CBB1B7C"
"scripts/ci/check-go-coverage.mjs","83D595EDF950DE453EDE5E8FAC2DD84C9C8A18872F548875B29C6CED8FB2431F"
"scripts/ci/contract-gates.test.mjs","1B85D9D391CE155BA8E6D2CF4A7DD5FAA27EEB344313DDB90ACC2FD7044464BB"
"scripts/ci/desktop-digest-memory.mjs","73F5CBAF8EBF3C498B2D532EC830C1B62AC2A168DFD7062475AFC1E333EC94D0"
"scripts/ci/exam-command-client.mjs","DE95B99189954AC3B3C342B3A95FDF117041A0573BDD64EB2ADCB788DA44EFE1"
"scripts/ci/go-coverage.test.mjs","A41C5AA56D31C39357E1A8FEDA4BA7434024A28E51AD5FD699DC66CFCC007BC6"
"scripts/ci/lint-workflows.mjs","1B32472E519EC26781DE6B25C2E157FDAD1A5B81A8F6E5A41E9A310CE9D44AEC"
"scripts/ci/schema-version.mjs","A7D2A5122879504C5323591EABFE3855DDCC5321FB526ED8CE0121789810811F"
"scripts/ci/schema-version.test.mjs","D0DB417BD1154039DCA00F38B88FDA72EDE92CF35DB5C6C7A341638C5B1E2B42"
"scripts/ci/shared-client-contract.mjs","5D8A50F687367E2DED11250D602DB2A5929242E45D1A356EF083C1C33A5A6AAE"
"scripts/generate-fujian-2024-math-simulation.py","8A1AD92D72E52ABBFBAACC73AA9FD254B5FEE3AC05DE5E38C6187D2DD9903F5B"
"scripts/generate-sdk.mjs","5AE705801158F42D816604DD86563BB187EBBE76FFA03F0A0F9C834D5E3E4B2A"
"scripts/launch-local.ps1","7D613516CCA942D55A997BEE8BE5B7FA0F5F30D289D60CA037F5C7128768E824"
"scripts/lib/openapi-sdk.mjs","FA2F0420E1AF8DCD38963B6FA986822E4152A888325FFFB3893341DB3B835F4F"
"scripts/start-local-ocr-fast.ps1","07A60EB08417A4EFDA2397D49D48A2E04C167DEA8775EE6D629D8986973FA07F"
"scripts/start-local-ocr-fast.sh","8351C9CB5FE9E53E688844FD61964320F5DA17286B463FECFDBDA207E5D12CF2"
"scripts/start-local.ps1","C2964058344903FE62A0C783F8EE270EEF4CF68BA5E597FA49E15CAFA05AFFC1"
"scripts/sync-schema-version.mjs","4224587ADCAFC19481159388BBF4B60A31501F4A1439D8A909832537C5C49486"
"scripts/update-api-route-coverage.mjs","3085F7AFE6DB5BCD4C43B5BF62D1386C473168E8B79E1ABDEAA34ACC50C2EDB0"
"scripts/update-openapi-baseline.mjs","96DA6D62A62641198A93C2F9588F63F7E9E6FE1C832AFC111E2854B2CB753214"
"services/api-gateway/cmd/api-gateway/main.go","9E17FBC562A264E81E9EBCE99B13C57A92AE4B33797347456DA582CE1F7D2941"
"services/api-gateway/cmd/reliability-repair/main.go","3269CB2B1E7CAD9EFF6DFEC1BBB9C3A9AF9C15E679FECAD6C19C93B6FC00D46A"
"services/api-gateway/Dockerfile","1FA855A478908019D3F3085A421CF1189002230DC24A36D583D37732A03C3669"
"services/api-gateway/go.mod","5A280D3ADFEB7D81751AB5DB73FA9E910D3600E8456014E0E679FEAA4905ADCF"
"services/api-gateway/go.sum","CB36A152D627A949FB90B3B6E6539FF32A9474D9057E02803537F7A57BE795C0"
"services/api-gateway/internal/aidisagreement/handlers.go","FF3EBB0FA3DED12C18BBED01BF5ACC07F9A33EAF79721983DC06F65EA3F0458F"
"services/api-gateway/internal/aidisagreement/service_test.go","675034B34752B219F4EA5E40DD5A16098D1FE2690DC2203D49D5062B2F2F090B"
"services/api-gateway/internal/aidisagreement/service.go","6E6ECD7D4083DC1081E300E9813C2AAAB9F03DCA33A6A7165C73DE0EBF2D80FE"
"services/api-gateway/internal/aidisagreement/store_memory.go","9FA16437A7B1F02BDF8C4A55CA7319C915913A4C92207DCD43ED03DF75EA637F"
"services/api-gateway/internal/aidisagreement/store_postgres.go","1404AD840C29C53719E99FE4EDE984B32069CF7D5F539D914FEDC53F92EEDBC1"
"services/api-gateway/internal/aidisagreement/types.go","F30139B63FB8B8CBB43C35656BC0187C8F05DDCE12F666F318C5A64EFEF31192"
"services/api-gateway/internal/aidisagreement/unicode_test.go","BF6C70537376B21164C26F28B699AE11EF03E351232252E7E6DC08323A7749BF"
"services/api-gateway/internal/aieligibility/handlers.go","FC6F8A9D1DD0D08BF8063784D052674B05EDAF161FC4D7CD76F093E5D3531C59"
"services/api-gateway/internal/aieligibility/service_test.go","FB76114D38E423AD1AD996E3CB90F44AF471082564B04D2244D1BD76F5925F08"
"services/api-gateway/internal/aieligibility/service.go","07C6FF70E4CC49D7A1004A96C6733403D884D985E98D3402FDC71640E9B1595A"
"services/api-gateway/internal/aieligibility/store_memory.go","2A7F39A8A998C47197410ADEF0038A50CBBF3137B30E656D06135F6BF9633D5E"
"services/api-gateway/internal/aieligibility/store_postgres.go","76D990636D42EC4115544688347C86305F85D324272B96CE4BBA277BFD24B2F4"
"services/api-gateway/internal/aieligibility/types.go","CD307F47387C60F8BD6D4EB8A4F177603E1E85312583BA506FA7303642CD11C5"
"services/api-gateway/internal/answergroup/algorithm.go","EEC4694A675E1F483097DF39E86704F4DC2B27F3531E5B446D174B1885029972"
"services/api-gateway/internal/answergroup/handlers_test.go","3694035E6E8F8BD34764E73CCC499FF6F39C90FEE78915E963B5D9BAF3A5CBAC"
"services/api-gateway/internal/answergroup/handlers.go","7734F7C9F66DF9326AFDA9C81C6C18EEB85D6960C9604C3F752E5CA2B9889305"
"services/api-gateway/internal/answergroup/migration_test.go","F26264ACD1740DFAA8B90D5C6D14B9696E06EC28118BBC1EBB8FB1E02501945F"
"services/api-gateway/internal/answergroup/store_memory.go","D371C8C705370027637F632521F078B730455F41A4C8E857A9580D769D202A84"
"services/api-gateway/internal/answergroup/store_postgres.go","3DEC862558568DE490AB177A8BCD65F07AD30A8ADFAA742C56567297ED20CFDC"
"services/api-gateway/internal/answergroup/store_test.go","1DF75CF8E3466819C848A8F75FE2F2C97518FFD74ECC39949540B9EA4059CD92"
"services/api-gateway/internal/answergroup/types.go","6050D61F7D8648C0959BE2629E4B47E353F5C1B8A03FBE91FBE7588CC04E4CB8"
"services/api-gateway/internal/apicontract/a14_a24_openapi_test.go","35A4F9C4C1066E1B86C4E9389CEBB7B2023AA106BEA515F952D449CE79520105"
"services/api-gateway/internal/apicontract/answer_groups_openapi_test.go","9869836A9353E3FBFFA49DC780A2F6AC8521D483C5AD9699A6B6FAC407A591EF"
"services/api-gateway/internal/apicontract/assessment_openapi_test.go","F89256C15F417D97196C3F9FB9195DB2BE18923312B46C3B7D06D94137685117"
"services/api-gateway/internal/apicontract/business_command_handler_schema_test.go","1BDEA82D1FA017BC6C1EF96FEFA39AC179BCF1A7D9D386B32DCD8F28E3FDB656"
"services/api-gateway/internal/apicontract/exam_command_handler_schema_test.go","3A09DD3EA9AAE22035FACDEE19FD82394CAA604486D1DCFB3D4EE752B95BA20E"
"services/api-gateway/internal/apicontract/gold_papers_openapi_test.go","3DD1868D0B86BA97B995E6C7EDB16C3832A2C0A9FB1ACB03194490E08F683F0B"
"services/api-gateway/internal/apicontract/math_understanding_openapi_test.go","87C0097778D4CA9886D256574FDA5B9A8E01D724867CB368AFE9D566831DDF1A"
"services/api-gateway/internal/apicontract/onboarding_openapi_test.go","107E7A08FE368143A264F5F64D47F60C602A4AC2460B0771A219D04DD35F4025"
"services/api-gateway/internal/apicontract/openapi_test.go","5AF0B8B3275A1DE66A283ABFBC96B3E6F90CBC2F6275C8D3196673BB52C5F17B"
"services/api-gateway/internal/apicontract/paper_import_openapi_test.go","3D8DF56AEA8201515D0BC4E283F547602AAF34C6C5D8FB2BBBD056751F02F1DB"
"services/api-gateway/internal/apicontract/platform_schools_openapi_test.go","EA40F83D4857174DF7CF3D124EF823BBE8E1CB32196D265D080E28C670F728D8"
"services/api-gateway/internal/apicontract/reliability_handler_schema_test.go","80E92357DBF73F8615F0CA5C416810BCBA4A66ECC01E8623273FE0B56E7ED915"
"services/api-gateway/internal/apicontract/response_samples_test.go","08EDE555865883C93BB6AE9C78C85AED1A6B88B5736B21FE3ADCF2A931ACEEA7"
"services/api-gateway/internal/apicontract/review_annotations_openapi_test.go","EBC3CC86E10100FD88BA28E3D9E84619D167E816234C2643701FE3B6B5A8632B"
"services/api-gateway/internal/apicontract/review_context_openapi_test.go","0ABE56C8AA6869C78B10220CDDFF28BAF7F91E96B35DF015E2C719954DB690AA"
"services/api-gateway/internal/apicontract/route_coverage_test.go","607038F9D4A4B42CD1E91E69D9778B77B269C25CEAA9752BE30FA468448434A2"
"services/api-gateway/internal/apicontract/scoring_command_handler_schema_test.go","044BF373A908B1B78BBAB6A7A3303FC3036A4A8AC1266327391A725F308D6DB7"
"services/api-gateway/internal/apicontract/subjective_command_handler_schema_test.go","11963B72FCE1699A2C44B0A11E0242EE333E44EF4ACA8A326B1260392DEFAB10"
"services/api-gateway/internal/appeal/handlers_test.go","A70A336A56427A1D8633C58DDAF57DAAAFDAC1F7D1D491101A13E1077D76D0D8"
"services/api-gateway/internal/appeal/handlers.go","6FDFBADB4842354D8E9FF8CF0601203D7E69CA8B1F3396C6A79B3C9E76E9E721"
"services/api-gateway/internal/appeal/published_question_handlers.go","1297871F39FF4090102355ED033E6D16C0DABDF4D1EAFE7648923B8B29F5848B"
"services/api-gateway/internal/appeal/published_question_service_test.go","034D7B1E6ECCABA2E31C27C46E35A00DBFFF8FC806633E824936FD81CB1659D4"
"services/api-gateway/internal/appeal/published_question_service.go","700B9FB7A2CC34910F345F759F85ED176151F25F23AC2D2EF94C8CEE187B1F48"
"services/api-gateway/internal/appeal/published_question_store_memory.go","0DDE8F8BE8A90914F1C3AD0E5F460BA59775BDF175C195CB61A5C8DDC1000D69"
"services/api-gateway/internal/appeal/published_question_store_postgres.go","750B61A24D3981E6ACE2BFD50E60B9ADF6591D03308A4DB2373F7F07A13D7FF6"
"services/api-gateway/internal/appeal/published_question_types.go","9A27D08B8EC2D07C33339F3A6FE2F6C7C77BCFFDA00CC7C5C73676A0BCA425D1"
"services/api-gateway/internal/appeal/store_memory.go","C5D9DAFA97E01CAE71BD3FA9BC75C04BB1E91A4EF82CCDE90DC7519FE53490B4"
"services/api-gateway/internal/appeal/store_postgres.go","A18D20079AD15F651B63F383D7513FCB96682EF7A983D7064A5A1D6BA74C3A5D"
"services/api-gateway/internal/appeal/store_test.go","C2CE25A242C0E4279C2D1232A37AD4A84B5C39680AB410C91ACE57941EC21AE9"
"services/api-gateway/internal/appeal/types.go","984EE0EED590297D467D5AD754B8CCA5B17A6A0AB53C260BD5A25C9D64F667C3"
"services/api-gateway/internal/appeal/unicode_test.go","D9A96E83DBCC2B6687001B13ABA97FFFE2934F607B00E68439644735F7A29F0C"
"services/api-gateway/internal/assessment/archetype.go","3375BDDAAACCC6D462AE605478DB33D305AAB9276EF402E01C479E025A651144"
"services/api-gateway/internal/assessment/assessment_test.go","CE6B24CE0DCDE71729978B712E0BECEC7641D63759993328B84CC165D9BDC704"
"services/api-gateway/internal/assessment/evidence.go","B5C366A224BF2A39F9EC4C342506E4BEB37116C162100C979B44ADD06F1DD5F0"
"services/api-gateway/internal/assessment/http.go","40449A9B47F6E2392136A8059139881A18ABB4621639BD73372201482C462792"
"services/api-gateway/internal/assessment/policy.go","854A7FEDA104EC56E8C45268EF38AAC01337FA5062E77DA291EDA412B4B3BA0F"
"services/api-gateway/internal/assessment/profile.go","102E77A1F3B1D80788CB3E4B2A653746E75545B9C72D2CD5085E34A6E562078D"
"services/api-gateway/internal/assessment/snapshot.go","D9C11544EBE6FE394C4FF6F592D5C456C9E040B284B16C707E0ADBCD48E72238"
"services/api-gateway/internal/assessment/store_memory.go","8AADA46A09D3D8A98742B6370374BC90CA4BCC3751997EDC9BD1777525405104"
"services/api-gateway/internal/assessment/store_postgres.go","DE98EFFB80C33D1CEEE3382B080F6A16A4EE764FE11C6BEF646D5CD5328D382C"
"services/api-gateway/internal/assessment/store.go","3E56DFA2FAC66403A21BF4037D8691DD59458075DE348E68BA2703815E6A5045"
"services/api-gateway/internal/assessment/summary_test.go","0F4C86FAA0E8B98C3A34033106D5D01BA93803A92D7CB4C7BD50C152E7F22FD2"
"services/api-gateway/internal/assessment/summary.go","60618A3D89688D0FFF9B50E4E5139D111F9EC24B84DA4AEEBFAB85255AE18591"
"services/api-gateway/internal/auth/access_scope.go","E7C4BC34FCA74B2A078A0BEBEC1C48EB4D151C467C962CAEA9AA00E3468EA98B"
"services/api-gateway/internal/auth/activation.go","85373704213AFFEE396CD611D2D88FB38B15CC31A69549EB75CC3AB321D6324F"
"services/api-gateway/internal/auth/audit_record.go","C6EE8B821708002A6FA188BD68057BFE4B9C1D73D4DC5606B2B31AA58DEDDBB0"
"services/api-gateway/internal/auth/audit.go","16B806538E968520EF4FCAEBAF5B16A47E433C0187D17D55AC5C6532623170D5"
"services/api-gateway/internal/auth/authorization_contract_postgres_test.go","40533A247ED0B2C1F4CC61F2C4A4EED575DB33458411A7CAD5E8F1D2360BD309"
"services/api-gateway/internal/auth/bootstrap_test.go","03F00FD28B00FCFCA13C799B1488429917D78C4C900D224320938CB651041F75"
"services/api-gateway/internal/auth/bootstrap.go","050CEAF3035C8645F2C52359F3B7B648D9EC3E63B6CC63C408E927A59FA64FF3"
"services/api-gateway/internal/auth/context_test.go","5006394633713931F9FC98CBDEB12772E33352413528C6958E8093314D9C6736"
"services/api-gateway/internal/auth/context.go","F92846485917C2937FB1A1E9BB6DE0C21BC5751BABAD34F406A602148845722E"
"services/api-gateway/internal/auth/cookies.go","60A85AC33BB232ECA8834EE34686939EFEE8AB3FF3AC228C4F7612B08A7B6FF7"
"services/api-gateway/internal/auth/device_name_test.go","371F3B188D9220FE5B1B97C8BD5DB0F287269CBC7CEAF13EC86210CCFB1EBD1B"
"services/api-gateway/internal/auth/handlers_audit.go","F8F64AE45FE750FEBD6474A0EA993445E291812A0877C52325E5F5B920522C10"
"services/api-gateway/internal/auth/handlers_session.go","D2E50C5FFBDD8241F8D6F0646D87E4BD95068C35E546D165C733654298D03F4D"
"services/api-gateway/internal/auth/handlers_test.go","1DB92638D08A049BE01860B86434763BE27AFCD189B1DFB9DCF2978ADAB47088"
"services/api-gateway/internal/auth/handlers.go","C031300CEE462F5B214AAAFED5E21DB6BB4D95788A2CC0F7FA8EA0F86FA0690C"
"services/api-gateway/internal/auth/identity_test.go","2AF44F9092706DF62B89F4FF3908E8663277BF57F44DDCE91566AC80D8616EC1"
"services/api-gateway/internal/auth/identity.go","35753DC7AF6BCBB2E41F88D18956A0C6F328B14C24FAAD714E15ADCF32A82D80"
"services/api-gateway/internal/auth/lifecycle_test.go","673E1BE5554B83DA4D49224E980374C9BB624C222570688B98394EEB31E3B146"
"services/api-gateway/internal/auth/login_helpers.go","C168BC7718EC452B71D4D1709C9318A6335F201CA135240D7C6EA00F83F0BE2C"
"services/api-gateway/internal/auth/login_limiter_redis.go","0FB5E2FE37D48E43AF62B629CDBF5F92B2767B67B526FB519DC1116C8F14705E"
"services/api-gateway/internal/auth/login_limiter_test.go","683F7F1A67B9E7BABA69E0FB79C032A5EDB1DA87613323A8CA1E773EF346E112"
"services/api-gateway/internal/auth/login_limiter.go","9FA2A0D46C935C78D543757766B4374D55E53074F1DB41D19E5AE4A268C49FBD"
"services/api-gateway/internal/auth/login_service_test.go","77FCE0D9415BE6B513A42582E9CBB036B96FE18A0BA985260E244CF5E2F7BA18"
"services/api-gateway/internal/auth/login_service.go","E0FD7921F16234FC68B3CF18C114748C8FA4D61232FD41ACB5FC74E0B0164EED"
"services/api-gateway/internal/auth/managed_user_test.go","64A56652BB64CBC698BA58BC95D3A7A007B33C353E25F641AF0A7D894B5951A4"
"services/api-gateway/internal/auth/mfa_handlers.go","829635F80DB994A15180176A6C277952B6920B039B54678715470A790F1D9727"
"services/api-gateway/internal/auth/mfa_http_test.go","E08F4B773DCDB7A759EBE03A6312DB52F23CD1680EF49F6A70F7F37A8347AE8C"
"services/api-gateway/internal/auth/mfa_memory.go","0EDA63067C3DC6CA9567FC52D461A6965FE23D017CD181E94F1F6AADFBCB34D7"
"services/api-gateway/internal/auth/mfa_postgres.go","895E6022EFB77BB7C83D1E6B15C16C94D0C9388AC9C88E7B3645B07C35E7055C"
"services/api-gateway/internal/auth/mfa_security_changes_test.go","7AA077543FFE51F9DEE254E5CE1A70C85C4EF11BA6AB4EE8D4DF1F6F2B6A3975"
"services/api-gateway/internal/auth/mfa_security_changes.go","4C0A65EBC029FA677B692BBA13B5316C8B3BB3710F62E2CFBED3D574D6B3345C"
"services/api-gateway/internal/auth/mfa_test.go","4F9411BE07ED2BED7BE5EF875ED17305533F82788558CF81587EABF3322EF13C"
"services/api-gateway/internal/auth/mfa.go","B5C30E456DE18EF1BD33531E759D29A901EB0D011C5D51B39DF378979D860618"
"services/api-gateway/internal/auth/middleware.go","8A3BEF64B3545520A756485D3EBDF094722D684CDEA5820088A1650E257CAF89"
"services/api-gateway/internal/auth/migrations_test.go","5FBE5CB3681CAA9C0CD9F0C72E86470AE51880AB50F24B507B2C69353514D462"
"services/api-gateway/internal/auth/network.go","93D5E8DA9C0460BA446103EC1F211F7530B56773A4912D139E3ED780156DC320"
"services/api-gateway/internal/auth/password_test.go","89FC472B3FDE6CAFD314003200B94CE251A954536F30701A537434CEC46F59F1"
"services/api-gateway/internal/auth/password.go","3CCC2EC7C667208EE0E0CC6F6A7E5585114AA26BEAF73D136838D10BA3D094CC"
"services/api-gateway/internal/auth/recovery.go","9272149744F1150ACCB0F892A11AB125930FCC1576ECC46983EB262C760B81DA"
"services/api-gateway/internal/auth/resource_scope_test.go","DBDB03D8D3AACAF8301A824C543C2F6959675E2B03609CDCAF201E568C68AEB1"
"services/api-gateway/internal/auth/resource_scope.go","AA2B49B81DE17F09450852CE351CBF8D14436EF3BD4342308D32CADD7BA93287"
"services/api-gateway/internal/auth/risk_test.go","05E4EC592DE994D26C9D8DCC062AFC266FC0A17C30C05150E1BE2C1E6229D9CA"
"services/api-gateway/internal/auth/risk.go","A3C5CBB4FA7A4A58D51D4ABA0BF3932C653973CFCA5268D83E61D3C078C56028"
"services/api-gateway/internal/auth/role_policy_test.go","2CF3E68D1ED416DA4053053EF7B60DE7C204900B0577552EE311233480130D2C"
"services/api-gateway/internal/auth/role_policy.go","4748871C61FD75FFB6FBB3532707C2275AB1E8894F74352D0CB297C5D3AB0B8E"
"services/api-gateway/internal/auth/scope_test.go","DBF973352FCBE96DFC88B19965856F6790A6A6914D0714283CBBC72564063795"
"services/api-gateway/internal/auth/scope.go","4F41FD4AD12FF6E416142C035DA551BE809409EA0A24B6FE2D6B29D6C569F4A2"
"services/api-gateway/internal/auth/security_events.go","9C66E332B4C487E75F2E6E6D95C5E92F99FDB8505A478D29CE3263199D0FFF08"
"services/api-gateway/internal/auth/seed_boundary_test.go","103C4CB3C3DC81A4C91E022C45A5D5626ECDF81AF8C9B3DC8ED9A9B66895924F"
"services/api-gateway/internal/auth/step_up_test.go","BE4A1D5EC64330DB9589F10045C53789FD7599616240B6E3D3AAEF064B355D50"
"services/api-gateway/internal/auth/step_up.go","A57E35A71F01FECBF76A1E7978E3BEE40A3C2E2E4EA494B7ECBABEF659839D76"
"services/api-gateway/internal/auth/store_contracts.go","F0E7FC5A933E867FB28C3620AC957D32F66AA2267ACC01CC8DFF6BC7E0C380E4"
"services/api-gateway/internal/auth/store_memory.go","C4C592551FF632D014762A1D7DB3480FA6FA07365143D4AA0B399EA99D5987F2"
"services/api-gateway/internal/auth/store_postgres.go","4FCE85B1787D1EA96AFC5D59E77F1CD9F884B9D6D50DFAF6C5204477D320BD8E"
"services/api-gateway/internal/auth/story060_provision_test.go","C61A1A1AFF0E2663A45A9C3F0C13FEAD1FA50B64CFAD6284DAA2E58537448ADE"
"services/api-gateway/internal/auth/story060_provision.go","54CE42191A9D83EEADBDD0D0D927AEF9C3AD63A0E2974712B0E8AB8C1E2254BF"
"services/api-gateway/internal/auth/token.go","4F7B80CDA4AF415B01741A2CD8F22689BA877435B6B3695A13ECDD19F22F0E7B"
"services/api-gateway/internal/auth/trusted_proxy_test.go","E1E63F579821208A82551C61E98FC972FDF1B66603D275874365B4295BFC4CDA"
"services/api-gateway/internal/auth/types.go","7791DF7D2C66D25CDCB442D26D5A1540E93F298C5399A88E2EBB5CF4CB653F71"
"services/api-gateway/internal/auth/user_admin.go","3BBDA93169DCE87F8BCAA480F05C71B088A554567632086F558A9793851DF848"
"services/api-gateway/internal/auth/validation.go","67518BE6DDF0EECE9755C204042057D73851B0F3A6BA5848C2514065F48C0D9B"
"services/api-gateway/internal/auth/wechat_store_postgres.go","3C4B394F4DAE3F6E6787DA56E823CCE7C5C6C72498C475B31A63F1FB839B5E6F"
"services/api-gateway/internal/auth/wechat_test.go","1A642691DD452FB3CD8F83BA5E740AB6A4EF63403C36A97F6012920F1C9D9B00"
"services/api-gateway/internal/auth/wechat.go","3EB389D899C2617BB4C9A7EBEA1254348086F3E4F2FBE5BAAC4C8E74F9006E40"
"services/api-gateway/internal/backmark/handlers_test.go","3D39809C37854963BFB5FB60B050AADDCACE41931497A8B7A7F92ACC8B660498"
"services/api-gateway/internal/backmark/handlers.go","61C8C3EF34604E5CAE5865A60D8E0F86FB73832A5EBE4EF6B0713BBC875AE7D5"
"services/api-gateway/internal/backmark/service_test.go","342DC6563C03EDACFD1F5D46BF9ECEA5EEB8C09DBB5C3D1A587C6D5EF594CB95"
"services/api-gateway/internal/backmark/service.go","28F2D1C5C945297BB58ACDD783E4C6BEBAE5A9FC0103AADB30C8D17A6B90B67C"
"services/api-gateway/internal/backmark/store_memory.go","13B2FB96D774789EA5FE117AEE24D5B8D085631B21FF4FE1A5C6B703DEC878C6"
"services/api-gateway/internal/backmark/store_postgres_test.go","7F37607CE9E29B393154368BF437000597AF8AAAC8B8B2C164305BBADD90049A"
"services/api-gateway/internal/backmark/store_postgres.go","3C473CC3293D0EEF9C8AEF141A8D9154A492746FF3705AABE4017E1799434478"
"services/api-gateway/internal/backmark/types.go","FBD1929131CA4C525DB641C50364464AE82432BDC4EE1AB9914774A7079907E0"
"services/api-gateway/internal/backmark/validation_test.go","05FD1AB5EC02FDFA3A85DD6973B904140C7BD7FC034CC7440057FBB07466F775"
"services/api-gateway/internal/binaryresource/resource.go","3B6BE231DFD077E88438FB31904AAA88162283FAE8B5F6B9E8A51F3A9F1AA402"
"services/api-gateway/internal/binaryresourcehttp/serve_test.go","2E2C740C0B58451E59700ADC5E5CA5F0BE8711F6D2738280AB4D917E60E7CB5F"
"services/api-gateway/internal/binaryresourcehttp/serve.go","7E6F9DDF2088CB4E1CB4FE299FD7A3F1CC18FF47C21CB27FAA3E39989686C075"
"services/api-gateway/internal/buildinfo/buildinfo.go","AB8F7593C0638372ACB86606AEA2F31EC760FD2F0C1BBDEFBB696B6E1EB3FB7F"
"services/api-gateway/internal/calibration/completion_recovery_test.go","30EA171D2180CF5B5F98FD2271143E41DC6DC29967C2A0D891C8882AEFE32953"
"services/api-gateway/internal/calibration/handlers.go","89C45A360F6A7FB1605CF0111CC5F89AD7CD32F22A10540E960D73C24EAF6A2E"
"services/api-gateway/internal/calibration/service_test.go","BB09166D1CB36B9F53D9897BBEBE6E6206C9252BE9487CBE7867294E5331CDF4"
"services/api-gateway/internal/calibration/service.go","7D49817249618DB5F1EED03A1533C6FD5D65B79511682F354046884A4D95FCA2"
"services/api-gateway/internal/calibration/store_memory.go","59702AC1E0575B8CB07AFD325FCFD86E61F61ABAC70DF524C216281F3965253D"
"services/api-gateway/internal/calibration/store_postgres.go","3BD8895FA7D91E4AA3AAF122DB644DD41F4148C7D800D45DA11FA03967B12803"
"services/api-gateway/internal/calibration/types.go","17853862D65D79CD2ED711D46400FD0D00045DA43450826096E438CE740A9313"
"services/api-gateway/internal/capture/barcode_store.go","780336173AB87A3A8C50F6CBE444EF9222B7D3617CF5F44A2798497E137B4892"
"services/api-gateway/internal/capture/barcode_test.go","DF5ED90A8529EDA4C1E4F4132006795A8D2A3B70538B9698ED0A9F4515E0EDFB"
"services/api-gateway/internal/capture/barcode.go","FCAF8B03E31D33C736434E5C89D0365C7ECBF878CC473723B317128C50241BB4"
"services/api-gateway/internal/capture/batch_command_postgres.go","97AB9374A9CF0BF9A37D762AA48FD31E1A861C4FE6F7100F7B08EAC351EE433B"
"services/api-gateway/internal/capture/batch_command.go","FF43588A68F0DD1694A56707B4AA245AD295D12C0E84AF0F4B8AEC8F2FA8F04C"
"services/api-gateway/internal/capture/correction_apply_store_postgres.go","D4324FC244172A8C4590DCCA64E14F5C97DC9160275137383FD2398F50CF60E8"
"services/api-gateway/internal/capture/correction_geometry_test.go","D03314F2A698EEB58E17C21495DB1CBD68AAE0122DA234A17DAB840A07351CDD"
"services/api-gateway/internal/capture/correction_geometry.go","A2DF89AC71F7DA2D1CC94D2E4EE94296EFE2A1D4C9AE29211F728E1DECF4B599"
"services/api-gateway/internal/capture/correction_store_postgres.go","78ECC65107FCF400C4CC150829297F3C38BF406174343B0833EC989376EF6CEA"
"services/api-gateway/internal/capture/handlers.go","D2DD92DBD9651E4C37285B87DC2697E6CDCEBF09B33BC0B362CC95D3D68ACF0C"
"services/api-gateway/internal/capture/matching_store_postgres.go","B46BFD715E25CCC1C3F433DA6BFADFB267F8AEA6B48FE2C8DBA49B68D9D53884"
"services/api-gateway/internal/capture/organization_store_postgres.go","C9833F66CB2FFAC13956A3944902B5ECD17D9B90F0249CF0848C61081EA6C7FE"
"services/api-gateway/internal/capture/print_context_store.go","DC3F99C73A0A940F347EFF431BF7D3D3C4B7956ECC4376EFE5510DDBAE9DA045"
"services/api-gateway/internal/capture/print_package_pdf_test.go","BA68985A89759DB593D570617A283A4E62A7444EC72510E413F51064C7BF8DE4"
"services/api-gateway/internal/capture/print_package_pdf.go","5B89E41F6E39C66F045B5D8AA81C05A9E3919647C79F402955D79BF9B9EE11DD"
"services/api-gateway/internal/capture/print_package_store.go","25DDC5C7E60B2102D7F55B63D8FF5CD89C87842753391DE358BEC5A77BFBCDE6"
"services/api-gateway/internal/capture/registration_review_store_postgres.go","68ACCC51798A3F63C4C0BE9C1B70FEB58EF1308394C6D2A2BAB5CACACE2BF421"
"services/api-gateway/internal/capture/registration_store_postgres.go","785760B3905F81783B08F2A56AA5C7AB7B3C1965C412C2D21DA34E853F43A689"
"services/api-gateway/internal/capture/sheet_identity_store.go","9CF4551E42013C6647E6BAF69A88E531B5D871883A620EA6AE007D855272A44A"
"services/api-gateway/internal/capture/store_memory_test.go","6EA6713CB1301CE2DBF0BDA312BB6E48A9A2FDD6ED20CFF3449C95575886158F"
"services/api-gateway/internal/capture/store_memory.go","8C19941C293FF817336C077CA6EEB730B2C2E524ADF1909E654D9C1F22D53F3D"
"services/api-gateway/internal/capture/store_postgres.go","436743C1EAE5F33F28C613BE72F3B042739C3B0CD8B728104C86C7FD9051A4ED"
"services/api-gateway/internal/capture/template_match_store_postgres.go","63FE5472CE9D223A94DD5E8E5D3022800C3B4637B3AFEC6F269A74F1AAB78855"
"services/api-gateway/internal/capture/types.go","3765D1DAEE55CD0F7FB7F5A1A8A87ED16B82F149FF84BB5076585ADC1051644E"
"services/api-gateway/internal/capture/validation.go","999150E96E0DFDF52FA8C01D71B901CD9E3F562CD97596A7A590578E80B75C7A"
"services/api-gateway/internal/captureupload/completion_recovery_test.go","24B672919BAA4F50831D144DDC607E58D109B4A4E33B8327AD0E73E03DB986BD"
"services/api-gateway/internal/captureupload/handlers.go","2FF4B515688E2797B60B9F73BDCA29669711D526F2D10BC3E7968E829D1CDFD8"
"services/api-gateway/internal/captureupload/recovery_handler_test.go","AEDB41F84DB285F97E576764AAE38FE402EC6C8BEA1278ED4DCE10912D069D14"
"services/api-gateway/internal/captureupload/service_test.go","8D59BA856A6B82D251AB03A6852F8F64B3FBCE9FCBE46DF01661A2E1AB1E709C"
"services/api-gateway/internal/captureupload/service.go","BA99C6B2A97947CE08E0826714B9447D7E2C8484129645B8FA1DC2D85D215F53"
"services/api-gateway/internal/captureupload/store_memory.go","A8366BF44FB2CE9D24948D078AE68F924D1D91694E7F5E123CBB44A31BFBAA58"
"services/api-gateway/internal/captureupload/store_postgres.go","419DB7F2FBA1C9057B1292FA3F76FA7FB5FFD0B6CDBDBCD7383A2FC1FE72886E"
"services/api-gateway/internal/captureupload/types.go","7B3C568A944E9918ED72BE06780D33D41B9D41073A4CB6A86D352E48A5FF2BB3"
"services/api-gateway/internal/commandreceipt/receipt.go","34C1D7767573A9C7A31806494F49168C85FBFCDBBBDBE01424ED6C8B8B585619"
"services/api-gateway/internal/config/config_test.go","5EB6373C893877D21E18D70DE59D871B279845D1B7AD353E8BB0AAA3D59AADBA"
"services/api-gateway/internal/config/config.go","8A453AABB1452749589F58FDB211336F857077A55BE314A6AC87D3164B4A03F9"
"services/api-gateway/internal/config/mfa_test.go","A49255DE20E573A433BDF1817ED5C7830006270C5BBCB59CADDFAA83A1E4B586"
"services/api-gateway/internal/csvsafe/csvsafe_test.go","F4401E656C7ECA89DB752913FAF39A56ACF6A3AF4E1F522901C62EFBE926B932"
"services/api-gateway/internal/csvsafe/csvsafe.go","A40D60204E4A13C5CF279CC9EA375821953C6231E83C3B72F7E0CF2D28C579A8"
"services/api-gateway/internal/dashboard/activity_store.go","51B38113FA9566FE503039B38274ACB3699B6BD90A8E78476E53A4614B7ED171"
"services/api-gateway/internal/dashboard/handlers.go","0AD8028609BF4E20DFD2D395588EC6C777CEB2146703029AAD80B8975584E597"
"services/api-gateway/internal/dashboard/organization_postgres.go","B18F1F8F45CF5B96F6541B26072785444741F9A540A0038225A496FF9A028D07"
"services/api-gateway/internal/dashboard/service_test.go","1D1176E308E3CB66B7AEB650A78CC3483E8A13A5510AFA8BDEFD021D36818923"
"services/api-gateway/internal/dashboard/service.go","7ED555531CA8878D096A70ADEF3545D79F80E41A1BF19D541EB73785901736D0"
"services/api-gateway/internal/dashboard/types.go","65F66424A4851360458854497EE65F10516095EEEA38045280BC53B61DD0C056"
"services/api-gateway/internal/db/auth_dynamic_risk_migration_test.go","37D4D5197671F8AB0BD7435BE2521933848EA3A86ABCE01F8AC37633F95E73CD"
"services/api-gateway/internal/db/auth_mfa_migration_test.go","0EDAB5DB138CB915AF89D9745BCB9CE5F0E0C2E63854A9AC0D63129D5B20AF9B"
"services/api-gateway/internal/db/auth_mfa_notification_migration_test.go","6B3DFA5C1AEF8C1AEB75BDF2827C40C770D8352D959BF662515FD9A087D23992"
"services/api-gateway/internal/db/postgres_test.go","A9EE1C4BBDDE93FE62AEB3B6AFE31A079DD26E1EA653F5A6FB99EB1AA5747DAE"
"services/api-gateway/internal/db/postgres.go","C8D3845AA09CFA3C10D0B3A25E99EA3613FC51AE4C375DE970F8FD7CB6EE5049"
"services/api-gateway/internal/db/tenant_context.go","C40E16B958B30591BBC35F2009C8532FA71E83ED85D380BC0648FFA6B1D397C8"
"services/api-gateway/internal/db/tenant_rls_migration_test.go","CB4D9804D9CF739A700421482E1E5A8201644BFC717AD64A64F3052ECC4A13E5"
"services/api-gateway/internal/deps/deps_test.go","82E8ED6A94D74C9693613FB4CFCF7CF8A5A7BB251EACF8414F7DD54F88F48543"
"services/api-gateway/internal/deps/deps.go","421AD6DD6AA894E38610FA5998ADB78B9DB3BDFFA39BD8CEC63D15BFF909F32F"
"services/api-gateway/internal/evidence/engine_test.go","1BD27D40FA1C3DF25198CF2825D5BDD6F9122B18C80836DC0510591078C4CC05"
"services/api-gateway/internal/evidence/engine.go","922989A19F396FF503E9A8D801F5714749331B1DFAA1D6982C37B4D02E5F4BE3"
"services/api-gateway/internal/evidence/handlers.go","AAC72EE6B84E0DBFA32366DD78ECA0B8F8A11FB2402C83E1F396922760EBE2E6"
"services/api-gateway/internal/evidence/store_memory.go","A83B04165B672F3E6229060890D3188C2B7E0C727BB6DBF16D34D8FE11AEFEF2"
"services/api-gateway/internal/evidence/store_postgres.go","BE95B9B44DEFE30618CF856D572BFC8923BE3815F15533EE569A25BEDDAB6EF3"
"services/api-gateway/internal/evidence/types.go","DF77FD0CFA7CB50CEF27008ACA3C22A28B2567536E4C743CCE7C077E75B25CCE"
"services/api-gateway/internal/exam/candidate_snapshot_postgres.go","F7CDA76725570949D96B902D2514A3F722F3C983D8E8852C72BEAF1AD482B20F"
"services/api-gateway/internal/exam/handlers_test.go","0E9D620B198073619F9E8840C95C966E72BF4D85494E0A45504A492A1402AA24"
"services/api-gateway/internal/exam/handlers.go","AB45CF10DFB065FB02CB4FC3AF7CA7179B91CAB7B5E986973647DC31D61CF870"
"services/api-gateway/internal/exam/session_command_test.go","C6E89FA50DF2687F521FA5D01185ADD2C9B9C4B51F31E1F40DBF83C3A18DEA1A"
"services/api-gateway/internal/exam/session_memory.go","D34884C2C2D92E627F5104AA3892532C82F91CA4CB5CCC355FC1C847C1A5A23D"
"services/api-gateway/internal/exam/session_postgres.go","9B9ECA59DA190C066EE6A8C39E5BCBAE849BC390C11528DDEFECB644EFF97DE0"
"services/api-gateway/internal/exam/session_scope_test.go","156AFC9157DB6AA3C6EF20147251EE781ED44E007258745C63B55E1565C7146A"
"services/api-gateway/internal/exam/session_subjects_test.go","3A515F80BB503E3C6B80015EB16BBA7FCE9C91D96485BC2EB4CD6F97DCFF4450"
"services/api-gateway/internal/exam/status_test.go","F6BF95F5DF481DD698520DEE78C76AB0C4C912E2BD6792671808FD33AD4C406D"
"services/api-gateway/internal/exam/status.go","0E48FCC4695CE3655070F22DC3168EB90997F14D7C0B8914B11E902CF39D7EAD"
"services/api-gateway/internal/exam/store_memory.go","884C82F80A0314B125606E0604BB559F75D2905A46D346FB2B9FBB34492B58C5"
"services/api-gateway/internal/exam/store_postgres_test.go","B530AC17DBA3FFFE81820CEC19FCA05FB93CA232A62DE3C9132C49BEAB35BD18"
"services/api-gateway/internal/exam/store_postgres.go","A2665E0AFEA9F8C7F3EEF5CA8A689AE51695922006F67A4551A15DB767B3C90D"
"services/api-gateway/internal/exam/template_memory.go","739B37493636910694DCE00B421A972350BEA7EC0207423A76A2CCF032DB043C"
"services/api-gateway/internal/exam/template_postgres.go","A6A903A4F847371383A4E03619E9218CCE53DD3E383A6DC71B3A852B8330D106"
"services/api-gateway/internal/exam/templates.go","621BD76A2AD205A467186E216563E809B3A1EE03270382BE1A56C883ADC71B2A"
"services/api-gateway/internal/exam/types.go","F171114D9020240D5E855F6ED38F7C0B93B267C21DDF64B817B0948A6E1E6F83"
"services/api-gateway/internal/files/downloads_test.go","EDB37734B5472E5104CDF85388FF7E0C7284B0728E633AF1B6BF4FDDBDBAA947"
"services/api-gateway/internal/files/downloads.go","972710A4C463E8386F1021CCF20EBD100C2E59F2B6F72613A56B1A9479BA6B66"
"services/api-gateway/internal/files/handlers_test.go","46D156388414A0C0606E1249C21D0764F8B58EE8F85EAC14D1BF9B0C7C146473"
"services/api-gateway/internal/files/handlers.go","AB687C2FE336400841951D3B73CDA084405BCB04623AF30498B6E307A5B331C1"
"services/api-gateway/internal/files/reconciliation.go","33641F9747D5E784E6AB97FFD86D97EC7D1B7C72D7A6E03925E53AA2B806284E"
"services/api-gateway/internal/files/storage_memory.go","60E6F235144F2BAEB88EA31D2A18A4A2028E9F9530A0374F660F898EC32E225F"
"services/api-gateway/internal/files/storage_minio_test.go","45A940FEECEE891F18B93E8A32C2AEDC62B7390EAF7228B669C4928A7BFFC964"
"services/api-gateway/internal/files/storage_minio.go","4A5D2EF91DA85E2DA93B87596434E2213322C926EB710EE1AB8BACFAE0849C42"
"services/api-gateway/internal/files/store_memory.go","5B77CFD0BA31FDCF817CA44848874DD35AD6F47E62DDE59434DE13C68E1811AF"
"services/api-gateway/internal/files/store_postgres.go","8FDDE7FEBB0FE4607E4BDDB2A32C2BEDC838B660B1CD26BC5DC81B8A8B59BAA1"
"services/api-gateway/internal/files/types.go","3CF32C97C3F5B823E641C2A4D357BF383636821CCEA08B5F38E8A24418DCDDE1"
"services/api-gateway/internal/files/validation_test.go","408E3098E98CAF219BB970AC1E5FF28C255B8F62FE887CA8F9780E9144B11CCD"
"services/api-gateway/internal/files/validation.go","531833AAE2C0252D1E78B82EFFC3E997A403CA94967FB2C00B498E9017A5ADAF"
"services/api-gateway/internal/goldpaper/coverage.go","285998EC3EB5ED2C37A00BB92F9948785B02C2ECA4D097662FA280958A3DC2E2"
"services/api-gateway/internal/goldpaper/handlers.go","7671E4C3BA766F0C13176643953570EA4DAF91A5104A9A889B3D447DFEB81D89"
"services/api-gateway/internal/goldpaper/store_memory.go","7A085FD9E9D0F4A3F1CEBCFC1ADA12BDD9BA0B2B0C584B3F277229492E1927E1"
"services/api-gateway/internal/goldpaper/store_postgres.go","BA439ACBB8AE53F068823964A642D236B929679368700EE0B26CCEB384904824"
"services/api-gateway/internal/goldpaper/store_test.go","328ED911E22FC33403FC32D578AB572CF573F944017B6F7AEEDE366ED3965A53"
"services/api-gateway/internal/goldpaper/types.go","6F90052F9A80E02D7F46AAF55E1ABA9ED3C94138328CBD0F4FF634492A47A223"
"services/api-gateway/internal/graderdrift/handlers.go","D251DA173792916EF91B69379DF63AB5A256A8CCD1D7788F42DBC061B1FFF404"
"services/api-gateway/internal/graderdrift/service_test.go","770A926CEEEE3156DA77F3560323A2D24668658E7292499C35302132777DC5BD"
"services/api-gateway/internal/graderdrift/service.go","767A3E4B474243F9C3F629752FFBF51F1098C73582C778A8175C83CD852D5618"
"services/api-gateway/internal/graderdrift/store_memory.go","813EC8C33247CA14055AF0FCB9884E87BE86913942B531633EEBD287C2A45232"
"services/api-gateway/internal/graderdrift/store_postgres.go","E81CA7866F4A51115C2FD33589597AE740896B5DE45458308196AE9C553DDA12"
"services/api-gateway/internal/graderdrift/types.go","7A46907D2FB80B2B7C18E31BB94CDC5AC106CCC6FEB0E48653D34D39A9170FEF"
"services/api-gateway/internal/grading/engine_test.go","79ACE3D51FE7C3EDBB4330178AD650AA84EF821C1CAE7D837AA7DE90B9B36B3C"
"services/api-gateway/internal/grading/engine.go","CEFCF42E9C26CD2978627EE8EC6ACEFFB97FE540270494B6B38522366B878C74"
"services/api-gateway/internal/grading/handlers_test.go","693776CD34D1F1CFB23D931FDEAB2A99F13E0CFF8DE0D5738624010901E82D96"
"services/api-gateway/internal/grading/handlers.go","49B24F7D213F22D5416335D22F018AEEE5FFD7379F9A733253153715B7F6F27F"
"services/api-gateway/internal/grading/json.go","A8961897AA012928069251747E3B58B70439E28A04F968A6F37F8DD42A4DEE30"
"services/api-gateway/internal/grading/omr_calibration_test.go","DE431CF0D46A6781179C8F05B248F2F9925EFA4DA9C98CE979CC590EB69B5BB3"
"services/api-gateway/internal/grading/omr_calibration.go","733B2E96FCFB36F656391AFF26D784B9859E6ACF38DEAC5BA60412AB9E0055B3"
"services/api-gateway/internal/grading/rules.go","B8960838D6865410E1C1794F1876E44C0E658497E5A88C4BDE00361B2518BE14"
"services/api-gateway/internal/grading/scoring_command.go","F6A1A0FFC23090863126C9D93CD88FC3521F8BFF9EDD74090D21D13146C091BD"
"services/api-gateway/internal/grading/scoring_readiness_test.go","0816634289DC5EEF71437C0499B69A291E5862127F59310A370D46B4B1980342"
"services/api-gateway/internal/grading/scoring_readiness.go","C3B8318B131AEF68AEF4F4AB2287A1AB293323ED23CC6AA772B1B9FA79A457FF"
"services/api-gateway/internal/grading/scoring_run_lifecycle.go","1D11E92B54F64AFE5F9C7C67FD4FC1A3C2B4CA3824F3BBA19C80946D9FC65855"
"services/api-gateway/internal/grading/scoring_run_omr.go","888ACE608BA560BD496566139B63CB41C736F504AB7304EB47D0EB38EF6AC72D"
"services/api-gateway/internal/grading/scoring_run_process.go","21CDDF74295792F74C18E9432EF9B8E8F43EECE62B01256A3E261C5345B29CF9"
"services/api-gateway/internal/grading/scoring_run_query.go","06EA17C898035043769FF5B6CD71E2AFC1A51327A9E9E36399BF91E8DE815881"
"services/api-gateway/internal/grading/scoring_run_routing.go","4FCE0966E8AB1A49EE9DAE4C2B163FA7D109004E8538AF660082EAB1D4FFBB2A"
"services/api-gateway/internal/grading/scoring_run_start.go","D7FD095E7E6BA2648F41E616CF85A38840DC049A734AD08A748011FC704BF9C4"
"services/api-gateway/internal/grading/scoring_run_types.go","ACCE3884894B6DDA63216FB44A6BA91286A4B07A6CD53A273835C8A47036DFB8"
"services/api-gateway/internal/grading/scoring_runs_manual_only_test.go","5875E11E28FD935DF1332690376B4CE3696068F00BF8690D4C5CBDA1163AB363"
"services/api-gateway/internal/grading/scoring_runs_policy_test.go","B552CA604A12276BF527DC250B7C366A65D9376A9338E1335601285C23E52A15"
"services/api-gateway/internal/grading/store_memory.go","8DE035AF14602F44B7950DF273C0AAF56B66BF4BBFDFE8419AF2E2E41CFC47AD"
"services/api-gateway/internal/grading/store_postgres.go","C5E3FAA67C94D01D5B99CE05885DABD6C994967BE417725154576803AE690FF7"
"services/api-gateway/internal/grading/types.go","C05E7E210A7616D4B0E8ED41F1C42D16EC3ABAFA2CCA5F4D82DC988485C04E2A"
"services/api-gateway/internal/gradingdisagreement/engine_test.go","2E38B31AC6584C2C6A98490E4054CAA1DC0DEB428E0B7F226FB92E51981FE577"
"services/api-gateway/internal/gradingdisagreement/engine.go","B3B5D05F04CD7F2DFD8F8A5A805B2D7FBEB922D78B74DBFC46CB7FA371BCCD6B"
"services/api-gateway/internal/gradingevaluation/handlers.go","BD64D769F82189E7FFE1579964FBC47FF2E34CD92F4B5024375BDB7BB540F1A5"
"services/api-gateway/internal/gradingevaluation/panel_metrics_test.go","59783CC9F04CE1FAE5E463C2BE1AD8F5D5D6F33FB5B68C37E37504B6649F7D95"
"services/api-gateway/internal/gradingevaluation/panel_metrics.go","D149BFB89071FB1FD2732A84BC82663FDB21CEDCA85ED7B24E101FACB09C8442"
"services/api-gateway/internal/gradingevaluation/panel_readiness_test.go","7CD47ED097D16162A9D8ECC8ED8F33FCC2BE562B4A132E28F49BA7055B69BC65"
"services/api-gateway/internal/gradingevaluation/panel_readiness.go","78C23DEE80C1A2B9E71C7C4F119FC95A1A10D1D1F3DCA5F21752A01C5C53AC39"
"services/api-gateway/internal/gradingevaluation/service_test.go","4033D03900B18CEDED9FF0AF261F56919258072AE1D0CEF4CEF5865B73BEBB9F"
"services/api-gateway/internal/gradingevaluation/service.go","C150676BE573C7CF43CB4E31D61231A37428E9D39E2DEECF609B92B6885C050B"
"services/api-gateway/internal/gradingevaluation/store_memory.go","E35858A22A6B9780724A18D5F2C66CD4B15A31286B8219E6149FB80A79DE969B"
"services/api-gateway/internal/gradingevaluation/store_postgres.go","0D998A91C151A08DFFA909905B5BDB107DDAA1F764C0B4CD2D7B5E29491602A5"
"services/api-gateway/internal/gradingevaluation/types.go","02A5669074320586F0CEE24DACD8B53444B1402B5F2DC792C193D88560DA1FA1"
"services/api-gateway/internal/gradingevaluation/unicode_test.go","4B8B8A2AAB7377DE6E924CD35CC01B84B3EACA01F60FE62995A63C7DA7F941B1"
"services/api-gateway/internal/handlers/handlers.go","9DD65A1E9F97FB99030B1283A3E8EAF6ADC29770ACDDB276EF820E114062C7C6"
"services/api-gateway/internal/handlers/worker_status_test.go","697546DFDAF114E4F1DC6D61189F7FE61BF0FB415552D9975BEFDB5A1341DF81"
"services/api-gateway/internal/httpx/response.go","CF596F879361506163631404C292AA9B6D3A0137723ED0185C6F464C05164C4A"
"services/api-gateway/internal/idempotency/command_identity.go","21F2A474F882CBB55BDE55AC723E2409CDCD76F6AE39D237D5C3930848B0EBC8"
"services/api-gateway/internal/idempotency/middleware_test.go","CF2B973F72CFEFA223822FCC6DAFB8F54A91FFD184CF0258CFB689C9591A3E2B"
"services/api-gateway/internal/idempotency/middleware.go","91C4834F881672338A1D62E2F006B7760D7DF61DED90E29314F33137BA43AC13"
"services/api-gateway/internal/idempotency/store_memory.go","1F6769FAC357A8F10A81E676C5466369366D7B43BD26650BDE057F2873E5E763"
"services/api-gateway/internal/idempotency/store_postgres.go","9C1C7A5F53905188547A0B249EEB1492162BCFD393C2107786871DBD0BBC2BB3"
"services/api-gateway/internal/idempotency/types.go","BE605F06E3DFB2C159EB4336038F938F2D381DBDD90E4F3134FF234F40A9BBD2"
"services/api-gateway/internal/imagequality/coordinator_postgres.go","E3964E9250C7CB9F34909B4A7ECE2B020E49AD26F22E7EA1B9F50AD0A81CDB3C"
"services/api-gateway/internal/imagequality/handlers_test.go","F5D50BBD36365773199B5364716C6DF3636C46873827E2EFB43044F6EB4B8431"
"services/api-gateway/internal/imagequality/handlers.go","7F3D23E092C01488F8857BFAB8E3D72DBD400C96FAC766A9CF0970640E925CB9"
"services/api-gateway/internal/imagequality/store_memory_test.go","A0C5B8A83B78734D167FC069DCD99E96511D0A5267243FE79ABD37DCA24A5356"
"services/api-gateway/internal/imagequality/store_memory.go","DD6D59B8F9BB5E11C11DC38748CBD74D45C52C07471D15C81796EE037275DDEB"
"services/api-gateway/internal/imagequality/store_postgres.go","D50956345FECCCFA28703E244F43BE1495761DB57126FFF279BFFBDA193ACE73"
"services/api-gateway/internal/imagequality/types.go","055E2D621E72227B6189423B38ECC39B590A47A562D02CC86F518A1954508CAF"
"services/api-gateway/internal/imagequality/validation.go","46F13C7D7EAC86845B79F209CABFC8586046FCC9DB57C586BD1A20623BF3C81F"
"services/api-gateway/internal/logger/logger_test.go","70B840652DE640509BB99435E92F32404E1D6F0D8FE75EE53473A8E5314091A3"
"services/api-gateway/internal/logger/logger.go","C18578E1B417524F177028D0F89F40817611188A0149125CCD93845D7393ECDD"
"services/api-gateway/internal/mathunderstanding/access_test.go","BF8DD5C693598EF2BBCE54C322CF1EB9AA5E797573F148BA510C4E0C158A4329"
"services/api-gateway/internal/mathunderstanding/correction_postgres.go","8F1188F19C7833C962ECFC2ECBB758D81026AFCB0B8CA04BCAE3AAB00AE86F45"
"services/api-gateway/internal/mathunderstanding/correction_test.go","713B58D300B137791C22CE6221C83463B58B0952604B2701AFE2BCA084BBE865"
"services/api-gateway/internal/mathunderstanding/correction.go","3402BFA5B800AA3861A1485497A54B4BCDF316FECB9746CC2C5687A99BC9C711"
"services/api-gateway/internal/mathunderstanding/effective_handler_test.go","7E116F79F1426F76991E494A2BEA6600FD8956DB182A7E8E68C4624ED5F2907B"
"services/api-gateway/internal/mathunderstanding/handlers.go","4CD31B86EF6F7BBF8CC29E5E27CEAFB34DADE1BB9762DBD2053139CB9AD4DABB"
"services/api-gateway/internal/mathunderstanding/mixed_perception_migration_test.go","63B5314CA5D31F342DD69251A5AE1FCA0C5F0C117DC16F132044A657F9685291"
"services/api-gateway/internal/mathunderstanding/pilot_gate.go","5B29CC922BBDD48FA8CB2012A73E667868C481F67AFC864B12F7A234BA9CBE55"
"services/api-gateway/internal/mathunderstanding/pilot_store_postgres.go","D1736CACC2D9225F9250F05E193A6B45A212FD8066AD7F1FCCBCF0439E2A64C5"
"services/api-gateway/internal/mathunderstanding/pilot_store.go","5E8B9D7ABBC76E201F5FAF8791DC3D6755DE888CFC5FA746F6C1D040B4E7D867"
"services/api-gateway/internal/mathunderstanding/rubric_gate_test.go","883FD96B3166B9FE47DFEF7A7B46BF744A674350C89E042FF2C7268734E47CDF"
"services/api-gateway/internal/mathunderstanding/rubric.go","8DC4A1DD8885D50AE21427DD18BD03E6E1F635B11B93D4A6241D5F9E001647D4"
"services/api-gateway/internal/mathunderstanding/runtime_test.go","219B987493DC250031346370DE3E9AE931D897F5ECB3902591051394828ECB3D"
"services/api-gateway/internal/mathunderstanding/scorer_test.go","1AE30B01269B1B6782D4572B5D34B18FA0B8B29D2E21899877EF95C9C28212A2"
"services/api-gateway/internal/mathunderstanding/scorer.go","72FD4A904206441985A403907B3CEC4F0189A184AE65845C5D212A0152846F8F"
"services/api-gateway/internal/mathunderstanding/scoring_handler.go","061975AD95D9455116DA7B25BEAE3D210E194433888B3E6E08F5053513EB744A"
"services/api-gateway/internal/mathunderstanding/solution_builder.go","9473D1A96D62AD50C37F23EBB7429F57DA48C600843AE3D5A12D591F1C385133"
"services/api-gateway/internal/mathunderstanding/spatial_solution_test.go","7D7009A77A16043F8B1DBF468368495E80570F2A1280ADE2816DAC13BE201B69"
"services/api-gateway/internal/mathunderstanding/spatial.go","0C5F191E2567F6C098308799EAAA27016E69228E540CAFDAD42882B1C3B02195"
"services/api-gateway/internal/mathunderstanding/step_segmenter.go","0636BFFA6B6D3A4AB3F00D7A0A6B98B78BE10311C180DC897F419D524EEBF609"
"services/api-gateway/internal/mathunderstanding/store_memory.go","DE6DB16A81A56AC83F4A1F97633E95EC7E12CCD23649023730D7C13F3AE2FA26"
"services/api-gateway/internal/mathunderstanding/store_postgres.go","281500CFEB59D688B94F0BA2A665DB6646F2D0C05BDE021CCF5AD86FD9AD833C"
"services/api-gateway/internal/mathunderstanding/store.go","BBE7BFFBE8BDC23E0D3F0225B8C56F540085121AD84DE8B115E748920F2997B1"
"services/api-gateway/internal/mathunderstanding/types_test.go","8ED7115A865E4C6A613700B0E64B0059D3416145B9EF775FC9F71D27AC2372EB"
"services/api-gateway/internal/mathunderstanding/types.go","7875C2002D11D968849FB4186C9099F9B905691593D70FD3785EBDEBCFA5C604"
"services/api-gateway/internal/mathunderstanding/verification_runtime_test.go","12FEA3A53587CE1D82DA1516CF9515E92176C57FC76FBDFC7986435F12DAC01C"
"services/api-gateway/internal/mathunderstanding/verification_runtime.go","0177EAAF12CEE32DF4DD602CCA3B831317A9FDAFBF28F5AC04B98F0B9961E1E4"
"services/api-gateway/internal/mathunderstanding/workbench_preview_test.go","9B804AA75282B1E8CE410B4EB70FE9C0CD2F97DD964C4FE70337805D257E2903"
"services/api-gateway/internal/middleware/middleware_test.go","EC38444D07147AEA2D417F960DC0FEEF22EB3BD186699F525239BD5F250CCDE7"
"services/api-gateway/internal/middleware/middleware.go","A4DE202ECA66A2D25804FDDDE4AC5F1F860615E1BAB84C17ABD480AD4ECE8E85"
"services/api-gateway/internal/minioadapter/client_test.go","A94EA4453CBEE7D344976A6A4927AB14E6EB9A038C9A41F268073203B715AA2F"
"services/api-gateway/internal/minioadapter/client.go","28923616AAD6E53E889D2D4BEEA96DB074232B3C5184C788418A7F0017993E7C"
"services/api-gateway/internal/modelcalibration/gradingevaluation_adapter.go","AF3C537AA5EE605E560373ED56A1497C8E71A90AB9D2D42D5182F6DE3298B38D"
"services/api-gateway/internal/modelcalibration/handlers.go","F648832AC7F6C569F09CB7FA02EE34361D2BF7BE197EE9B26C2C14825E19F254"
"services/api-gateway/internal/modelcalibration/service_test.go","C5E74B22F9857998B1838A1EA1C03C506153B4B66E654723176F7F6D33C7C4BB"
"services/api-gateway/internal/modelcalibration/service.go","E43F422F6B9C477D81948389604CB237EEE0506DB7F118493A47936AEC64BF55"
"services/api-gateway/internal/modelcalibration/store_memory.go","3AD3ED2101F9D26D1AEC373C893463A9E7F4BEF669FE4E1331BB5765910B8E95"
"services/api-gateway/internal/modelcalibration/store_postgres.go","268E06ACB683751AF9AAF281951EA6C1F2A4ED6564480E5896663FBD8BA5A370"
"services/api-gateway/internal/modelcalibration/types.go","7F788C149D750569457B03618209EDE7637E6EB0F1E9207DF2647732C6BADA0F"
"services/api-gateway/internal/modelgovernance/evaluation_test.go","9726D3E3667B4E58E80EAB18CA492DF0EFEC82311825DF6E30430E224E6354F9"
"services/api-gateway/internal/modelgovernance/evaluation.go","FAEF55E7EA7520CCE074E7A30C3C7429A25E13A4D7048287F2C368BAAB80C8F7"
"services/api-gateway/internal/modelgovernance/governance_test.go","71ACC88AE38AE4E0AEE5AFB2EB8836BD0161F06A78FE62C06C612BB9614D2C35"
"services/api-gateway/internal/modelgovernance/governance.go","2BAE6E7BD31F22A332571C35DDDAD185A0C074F170E2422CCA8CDE701B4A04C1"
"services/api-gateway/internal/modelgovernance/handlers_test.go","6BEFA7B9EA14E797A7E4046C7141DB4E6903B907F32B3B3A8D594557B7EA6F3A"
"services/api-gateway/internal/modelgovernance/handlers.go","146F895AAB2214B539CF34F160FBE5B9FB3745855B42AC490C9545D1D77FF955"
"services/api-gateway/internal/modelgovernance/managed_chat_test.go","CE530EF8F35EF8A1713B32836D2E3B182DD6963D87947E4146B79F0CC6FAFA7C"
"services/api-gateway/internal/modelgovernance/managed_chat.go","FC8419B9BE9AC0C3EE1D7AC0E05BFF41D39552D6298DE33CF60EFABCB935F48F"
"services/api-gateway/internal/modelgovernance/managed_config_auto_test.go","10C8675D31650B05ACDACA9525B387A4A30DC48DC7915368458662A6CD0A0DF1"
"services/api-gateway/internal/modelgovernance/managed_config_auto.go","81F0A0CF0A6BC3751A45E3BAB2F09B14A6C70D21E5453162348DCA88F11567A8"
"services/api-gateway/internal/modelgovernance/managed_config_handlers.go","EB38045981C1C4C934613A75F0D081955A32742042FC702769C2B5D14038AE57"
"services/api-gateway/internal/modelgovernance/managed_config_migration_test.go","7F37BC83F7F7078BAA26A46987519FDF0240B785239E6699C914E948F12B1904"
"services/api-gateway/internal/modelgovernance/managed_config_probe_http_test.go","DCCB7D27CA7DD4D506558244C88BE399A6EA0DB8C667E39179D0C617CFADF058"
"services/api-gateway/internal/modelgovernance/managed_config_probe_test.go","E76F7A93D5B316DEC316FCCED17227603257E640147C695CA2A42CEF6C22C098"
"services/api-gateway/internal/modelgovernance/managed_config_probe.go","5067C8E228547FF042F498B678A5BD9D5DE6F7C7E83F136272B59E9EF9DCB8D3"
"services/api-gateway/internal/modelgovernance/managed_config_store_memory.go","089ABB5105426342FA3650909275813A60D469E0E9037649282BBB6B415B548F"
"services/api-gateway/internal/modelgovernance/managed_config_store_postgres.go","E8A5B1382EBB51EEC4A928C72D839EEBE03297DFF81D2200A9CDF95ED7F48D90"
"services/api-gateway/internal/modelgovernance/managed_config_test.go","6246FFC912902D8D4DA67D4810E6A8EF2A1B929A99F23656B53814B816DBE814"
"services/api-gateway/internal/modelgovernance/managed_config.go","217A9B46C3E19E0CA20C281C6630331F2242B262A8E883C90E01410871CF9088"
"services/api-gateway/internal/modelgovernance/managed_production_test.go","99F27066A58FB67998C6CF176059301539EE11FDBC744BD8077560E636320228"
"services/api-gateway/internal/modelgovernance/managed_production.go","94738B8092AA711F75EBE428955C8FAA548C42E04D812A8EF5133B177D63EDD2"
"services/api-gateway/internal/modelgovernance/production_test.go","F18BBDA28E884527BB6FE39A1B45F9021CB8AB47C33821AE4BFDF4245F7CA50F"
"services/api-gateway/internal/modelgovernance/production.go","0773AAD7AD6075080273A0A7A01A5B6EFBD81DBF040F1A4A5A119D7EE94C613E"
"services/api-gateway/internal/modelgovernance/promotion_test.go","07D53D7F84C4163C4D26BA15EAEA4187395D4D8E4449A6C137AAE0353DF2A387"
"services/api-gateway/internal/modelgovernance/promotion.go","0A5A83CC671F1812F337CA712BC4E011C0DB62596441FCD57D4EB6402455BC41"
"services/api-gateway/internal/modelgovernance/provider_registry.go","BFE48CC1BAE56684D80F05B2E10B6C83E3F27837CF468FFD06E91ADD3CF16A35"
"services/api-gateway/internal/modelgovernance/role_binding_handlers_test.go","3119C7F71C00D7777959169C73425442A9C6F8B24BCBFF5C21A7D61B483E3D89"
"services/api-gateway/internal/modelgovernance/role_binding_handlers.go","FBF9C296002770663B36E7768AB1BA7653100E666073D85361A79F2F3E76FA02"
"services/api-gateway/internal/modelgovernance/role_binding_store_memory.go","464315720F174889E9286DB2B88B60019410816E31782C7EED9342771F05FD73"
"services/api-gateway/internal/modelgovernance/role_binding_store_postgres.go","F6EAC75E20B41763E6FE0DA7BAE1013D4D6594628CBA75568B8AD7E1C12169AA"
"services/api-gateway/internal/modelgovernance/role_binding_test.go","7FE04EE9A4F6DEE996C4E2901C6C4B084800BC3E5A06DB9DB7E08F47C15EDAC1"
"services/api-gateway/internal/modelgovernance/role_binding.go","A52B160CD00C7740141625508201B2D906339F0D2EAE0C120B861A2207CC02E6"
"services/api-gateway/internal/modelgovernance/runtime_prompt_test.go","31B033A7A80F7FD3F0E617F5375BF0C249B6C722A4AF53E83E1B75C14D80D35F"
"services/api-gateway/internal/modelgovernance/runtime_prompt.go","9EFFDBCC63315F90831EF2E79CA013C8456B4335BFE690A030B55257740CE140"
"services/api-gateway/internal/modelgovernance/sandbox_admission_test.go","5227EE8AE9B89D81A79D4A5257461A330819DEE1ABA5A8B6FF66D3E243C8BE9A"
"services/api-gateway/internal/modelgovernance/sandbox_admission.go","D5E288AD039133E261C099F2BD93EFB18200C643B0C47C1464A5B2C1BCAEFE8C"
"services/api-gateway/internal/modelgovernance/sandbox_approval_test.go","FB3E838D53BAD72A7BF648EAF7CF30E54738ECC4E75C18D8AAC19CFCAFE88DB7"
"services/api-gateway/internal/modelgovernance/sandbox_approval.go","88805781F5C8E4CD41EA7DA2EE154250CABA807828994911D22986CCD15F6EC9"
"services/api-gateway/internal/modelgovernance/secrets_test.go","174C55FE8AB7511BB31AD38ABAD6701329BF810C2BE31BBA912DAAC8336BD259"
"services/api-gateway/internal/modelgovernance/secrets.go","C49E4A3F1E586F4029BAE1B757B58F3853A5919D55F80E8A9CD110F6E0D5C6C0"
"services/api-gateway/internal/modelgovernance/store_memory.go","A550886A8AEA2056027E2ADCEE645BA508870F87AFCBC5F2C7449DCEECA2F5CA"
"services/api-gateway/internal/modelgovernance/store_postgres.go","C430CAD00FD7873B908E677DD063296ED9762B03CE77B7111FBEDC0AAD50CB9A"
"services/api-gateway/internal/modelgovernance/store.go","BA2954DA9EB91E286127E25893122EA6674A2DCA4560A1A3BF8992559B545ED9"
"services/api-gateway/internal/modelgovernance/usage_ledger_test.go","BCAACFE8DA7171B125C015A6E708BB959CEA2203E7BA9B047D759DDD69F2D25A"
"services/api-gateway/internal/modelgovernance/usage_ledger.go","C4A6542A13720D68962C8EDB7AF5478FC7A37C73CBB34BBDA6D5A09846ABC9BD"
"services/api-gateway/internal/observability/metrics_test.go","6C0E52495194FB82426CE7CD6A5B5093C332ED88CA01F9B92DF23073D4A5306D"
"services/api-gateway/internal/observability/metrics.go","CD1C7443D6D66B4BC3437B38E25AB85033EC4A0D8B8129972B28FA40B3C577E6"
"services/api-gateway/internal/ocr/handlers_test.go","49ECC0F2AD7B6FCBEBB0F3DDF8E9DF24DBE34D7786338091CFE5A732A8D29A6A"
"services/api-gateway/internal/ocr/handlers.go","4DABD73B316DC00892312D18947CC617529F5F74F74BEEC4CCA3DA3373B6B9C6"
"services/api-gateway/internal/ocr/idempotency.go","B2A660D84AEC9EB0DB6CB67B2663F40562D67DAD4399BC2C7BDEAD2841F9094F"
"services/api-gateway/internal/ocr/queue_memory.go","41D7675E001691844450B3D3FFAEE04BE9A50E74815B853FB716A0D19B3B02DA"
"services/api-gateway/internal/ocr/runtime_contract.go","C07EAA5A3DC8351B61A8348A2690148D3A9FF60CC3CC9268AB18C0CC63D53A7B"
"services/api-gateway/internal/ocr/runtime_coordinator_postgres.go","6DE6AEF005A1BC45D1A6AB224F5B7BAC48E2B3DCA7E2177F4E07AD8DC11ABD1B"
"services/api-gateway/internal/ocr/runtime_coordinator_test.go","82F26BB9B26A8C62DAFD41A5C5030ECBA9CCBE16A770E399A7322056A2D29C05"
"services/api-gateway/internal/ocr/runtime_coordinator.go","63592320FDBF67991A0ACFD8D2E56B7D59A49295D0D5597E37D154A64B50E4CC"
"services/api-gateway/internal/ocr/store_memory_atomic.go","339E2C88129B5221D82DCA2937752BF42BFC1515116BF2EC477A2A8C7F5FF1E0"
"services/api-gateway/internal/ocr/store_memory_test.go","7AA18322AADA7F74D85FBEC80A07AEADF9AE99751B97A29383239D5590E734D8"
"services/api-gateway/internal/ocr/store_memory.go","29FF7ADA2D3100D57A5755C14139D1BB4968AF0AE63C28644D4BDDADEB71FF66"
"services/api-gateway/internal/ocr/store_postgres.go","9D2BA8052854FC11366F3DEB953E43A6A6657793B8E5AB13E678836D1DA3C94B"
"services/api-gateway/internal/ocr/types.go","6908EF2A66FA1FEFDDC8AF4C544FEBDF2152C87302F22DB5BF7A5976D2B46138"
"services/api-gateway/internal/ocr/validation.go","E981AE3287FF8836FA1EED4254E518442CCF07BE570DF5559D022FC5DDD3743B"
"services/api-gateway/internal/onboarding/handler_test.go","BC5FD7E0D1950B813AA061252A57E6160C1BA50BCB0481916E38405F09349E39"
"services/api-gateway/internal/onboarding/handler.go","D4982B5F63508E36DAD0A4AF71D0D9034AC9BAE0B133BD9DE0B48D6795357CDD"
"services/api-gateway/internal/onboarding/service_test.go","BF59DB68A1E8B104EC59EF6C5042F7473835D357EBB29920BA5181CCE93798FC"
"services/api-gateway/internal/onboarding/service.go","88CDC5540DE6C1B977FFDC9E7949A0E67FE9570E37B9BF8B681051B463BF3276"
"services/api-gateway/internal/onboarding/types.go","1E22019E9FB57B31C1ACABA38DF15A40C11D291A08B02115C3C11996B249853E"
"services/api-gateway/internal/orchestrator/handlers_test.go","94E008B26F1A4557011C65AD1F5639BB641B6FA70F493A6BB561B336E82E8578"
"services/api-gateway/internal/orchestrator/handlers.go","207995D1C96E049720C61FDCAAFF2FCA7BFA66B344DCBCAB34BCC48374D9B2EF"
"services/api-gateway/internal/orchestrator/store_memory.go","BB78E1228A3DFD1007D5D1266FB545C3E0D246E54D48BE5FFA877023D5DB07E6"
"services/api-gateway/internal/orchestrator/store_postgres.go","DF2F497A7D3ADBC2E405AF6F7262EDBF1B4F9AB980F984B9AC046263FFC7E013"
"services/api-gateway/internal/orchestrator/types.go","C3BA153E72497D02B9208EEC62EB4E1EE83EA7E45945A9F7481B1B78DE6B1FB7"
"services/api-gateway/internal/orchestrator/validation.go","4083209174DC52D5C4A1E217F69B126441232B5CEF218EDAAF3F9F5150B2EC97"
"services/api-gateway/internal/org/enrollment_postgres.go","FBB8D6988F5E08BDA0BF9469D2D31DD1247D8DF390259573FA81303B03475F89"
"services/api-gateway/internal/org/handlers_test.go","3644541DF3568EC3772F46CB2ACFD2B9F3986ADB3331D97D92B7FCBF9EC5A57E"
"services/api-gateway/internal/org/handlers.go","EF8300062761C5E0ED918CD2E9CF667F73FD6912756DF70867035FDA00FAEC21"
"services/api-gateway/internal/org/readiness.go","257B5471BD38E687E4F75FC1BE2B6E54A869F32349264CA78B68856A57C72EFE"
"services/api-gateway/internal/org/store_memory.go","08E9ABB9752FDACC54088802DCDBF800E8D49C97BD8155BE991D76B9BFCD65EB"
"services/api-gateway/internal/org/store_postgres_test.go","B5260CFA550D4B757C9263FCD414685C4C07B97503FF148117E58ED179A341CA"
"services/api-gateway/internal/org/store_postgres.go","D3DC79FC7FC24644D7BDE09C7257D87F82561E1B84F939A47BD795252E2D0319"
"services/api-gateway/internal/org/types.go","D811C3E73C7150783C0912BD34598B8B184F4854FB49DFF09366618A11972486"
"services/api-gateway/internal/outbox/outbox_test.go","73B83DCB39AE727D96CE7322DF88C8FA43D65A5459733653521AB3F1842D5934"
"services/api-gateway/internal/outbox/outbox.go","103A62247D670CEEA91775B41B4909EA9660774CC593455BE36368EFB6D73787"
"services/api-gateway/internal/outbox/publisher_log.go","4769845241663FC648B306B7CD809944FC5D12DC63961208495096C06F2022F8"
"services/api-gateway/internal/outbox/store_postgres.go","45015FDBF5FFE55B379CF4266DC6E119F84D7D305FDF5255EBA213EDB29812C7"
"services/api-gateway/internal/pagination/cursor_test.go","8BB9543C9AB0E4C30E45514FED7F12FEC0DD99BBD2A300579C0231DC33F6C503"
"services/api-gateway/internal/pagination/cursor.go","3381B8A6F0203576BEA1891119CE182ABE7815FEE25E60525D4EB6BDB9EF731C"
"services/api-gateway/internal/paper/configuration_handlers.go","83DFDAE3D556F9BAEB24F53C4ACEC2BCEE2313861745600AD72D26734F9A2B16"
"services/api-gateway/internal/paper/configuration_validation_postgres.go","8DCD8C2A0CA810594E6442421F083F1A7C1BB6405E84362A16E9B5DC072EA875"
"services/api-gateway/internal/paper/document_import_relevance_test.go","0687165E7C19A7F0D4337AAD29DCBD1358A6F324E988F6A39C2BCAF924ED5F19"
"services/api-gateway/internal/paper/document_import_test.go","0B7594BCEB7A4585DF4A8826FF0FA02397A20073F61ED7B466BE5EFE55339643"
"services/api-gateway/internal/paper/document_import.go","0390A42419BCFE1ECEB657C745F00CAB14666A94EB5CB7FCC6531777A6374F26"
"services/api-gateway/internal/paper/document_model_test.go","92F525CD27F7F7EDF2A4AFBC5DF95D48CC0E372F7EB3EBA33FE6B676E6E2810A"
"services/api-gateway/internal/paper/document_parser_client_test.go","E0A01E945EA57C15D24CB85310B860D593959F819878320B733DD4F10F08C97B"
"services/api-gateway/internal/paper/document_parser_client.go","76DA3F7C6A942164CF851842608CF261230541FA040149EC1E4432854E5474B0"
"services/api-gateway/internal/paper/document_source_loader_text_test.go","C79AB8B317E41115B327B58791D3E792150106AECC5951AF1F1DADD803293746"
"services/api-gateway/internal/paper/document_source_loader.go","E12B10E4C269648BAE205DB9B208B66042B569025F96E55A63B4E473BCEEAF14"
"services/api-gateway/internal/paper/document_visual_loader_test.go","823AFA74BA7234E46B9075A08E911C7773B1A9A8050C03672583F886D615B888"
"services/api-gateway/internal/paper/document_visual_loader.go","776341831F274283B8D12B8C87A112C0C314EA6CAB991BE1DCA3251B75D8B57E"
"services/api-gateway/internal/paper/handlers_test.go","54F5D20130C4C506BF8EA7E4DEFC436E2F4E98C0D65D8CA89743785831CBC91E"
"services/api-gateway/internal/paper/handlers.go","8D9BD3897A0F67D4C28A4B56A5C0CA48AD31154AC69257375CCF61D019F36BCC"
"services/api-gateway/internal/paper/materialize_bank.go","AECCDB4D450BF709681F605FA9AD33EFDE05D246B0E6575E03238BC11F773DF0"
"services/api-gateway/internal/paper/omr_profile_test.go","408ED839D782FB4E48E834C12D1715E6A09723B5B4BC2D6384B6EA338A821567"
"services/api-gateway/internal/paper/omr_profile.go","C48E44A353FA8156B15C605D168AFE86E74A592EF00EE9D73B3B60AFBD43B037"
"services/api-gateway/internal/paper/omr_reference_store_test.go","6342902AE6CD3F379419DBFFFBA3A58B233064FD3769B449841891D1BBAB30A8"
"services/api-gateway/internal/paper/paper_formula_test.go","E5C41B4EFFE932B1766065934DC8E30E8088EC6352E82E8B3CF464E82C082657"
"services/api-gateway/internal/paper/paper_import_append_merge_test.go","453E5A5D3A49A3443F06193FA6502FB9EBA3EB5B1508E16B517B34653E61BE6E"
"services/api-gateway/internal/paper/paper_import_append_merge.go","96A942BBE1783CC8F70F5953A6EAAEB82491F3D345F00E189226A46B1F8D658E"
"services/api-gateway/internal/paper/paper_import_cancel_test.go","D5D939A6F9CEEF7EF2A044EDF86770B24B466BF4FF39BAC7FFB95A702E2A412F"
"services/api-gateway/internal/paper/paper_import_candidates_test.go","4EB143643021B8F590E1048B34EF839AA51FACD923D27016F35993FC517332A9"
"services/api-gateway/internal/paper/paper_import_exhaustion_postgres.go","1E70CA09BD01AAFA70681ACAA97D4384905E8090D7124C5AF8FEC1836E1768B5"
"services/api-gateway/internal/paper/paper_import_generation_test.go","6866566ED1E7E005779C89FDA1936329CD2A7A9B73AB0ACEA5A158223949A6FC"
"services/api-gateway/internal/paper/paper_import_json.go","4045361381595FF2FD699620C8D35692F32AB09080B00BB33E76EF3F8F4B4D41"
"services/api-gateway/internal/paper/paper_import_migration_test.go","4705879D931C936AD7CDFFABDCCA14C6AC70216E3E443C6A2A341A8EAAFE1308"
"services/api-gateway/internal/paper/paper_import_parse_commit_postgres.go","742E036482E25B67CCA4C6628C79EB20B1A0A49E88217880EF1EC0DAAD4A4118"
"services/api-gateway/internal/paper/paper_import_parse_retry_postgres.go","7763DC8A810D039DC3BABCB8D5B721858FD607522B3A37C711D03CDFC714A8B8"
"services/api-gateway/internal/paper/paper_import_policy_test.go","025B5D7D64D6EEEE0FA28DC285F27E17D8DCBF364554DC0DB3C11AC30634D096"
"services/api-gateway/internal/paper/paper_import_policy.go","0B29A5AE6D2B60B1DF31BD645A40890723F1F9A0BC8AD96A37E447804775CD18"
"services/api-gateway/internal/paper/paper_import_postgres.go","B7F0512AAA1399F4DF24E135C7513546720AEF8AF758D4C61AD3D5813B23C5DC"
"services/api-gateway/internal/paper/paper_import_readiness_test.go","08DCC88D480F27E31AD30A37BEB00D0E3ACF09E63659002DF8D14D367911D82C"
"services/api-gateway/internal/paper/paper_import_reconcile_test.go","77BC48C063B949408B31D579F75BF9F12709A5C38B518AA739C4220E62E8F83E"
"services/api-gateway/internal/paper/paper_import_reconcile.go","30A5AA24E1CFFC153FE44A135415D5B2861441D78D846F35A5A23C1C7B6BD0E9"
"services/api-gateway/internal/paper/paper_import_run_postgres.go","A5577540B58C9D2583CE46578C48A28269B6DDACAFBFC1864396248D19D7A2BD"
"services/api-gateway/internal/paper/paper_import_runtime_error_test.go","88E0BD1922C16BAE86685AC119C4CE9F1C4E5ECCA90D031BA05717F2C2FA917A"
"services/api-gateway/internal/paper/paper_import_runtime_postgres.go","45433C2457C14E57EB796B881ADE9A6819F861C6E9647241D68719153010237A"
"services/api-gateway/internal/paper/paper_postgres.go","78A41D16C8EA4D45EE67F69BD535CF00A291F2B18CD51CAA5B0781EDBE303DDA"
"services/api-gateway/internal/paper/parse_task_executor_test.go","D3D78B31DC88F1F2E9197B46E076C2466DC65E2D6002601FC53A715818EFC85F"
"services/api-gateway/internal/paper/parse_task_executor.go","553B368DFA9E46B0CF3F84B9604B4696F5A86B87CD92E731861DD077965A68A2"
"services/api-gateway/internal/paper/question_postgres.go","3ECB223F88E6A0F6E8E7BE63D8572C95265E22CBC29B00C07C7698F0444DF6AC"
"services/api-gateway/internal/paper/readiness_advisory_test.go","347C440D71E25616684363D7F15FE4ABAE5AADAA3793BA871D0F9010FD8AD5B3"
"services/api-gateway/internal/paper/readiness_snapshot.go","D8ECCCB09F997DFA8FF67812E607C9427DB231D139F24AD7DC52050E2608B704"
"services/api-gateway/internal/paper/recognition_policy_test.go","4DAEF7ECFCC6B8F02C98A1C51A9C43AC0C6FDF83B9B0167F95CADE9362ACCBE9"
"services/api-gateway/internal/paper/recognition_policy.go","BABA02DEA6D73D4AD8860240B8CB93E8DF456E2B3463BE15D64EA55D770646E9"
"services/api-gateway/internal/paper/reliability_migration_test.go","9C8382136048C78F7973C39E0FA4E32987B53ECBD7948DAE2B121F87F34D1BF5"
"services/api-gateway/internal/paper/rubric_postgres.go","0ACF9C7C0B26E3060A334A8547B8D695C5F2F75C147A444F1C49FAE257241816"
"services/api-gateway/internal/paper/scoring_coverage.go","35460CDF3AC3822FC31C056D9EF471CA04CE93B265B3BC908E165BB69E957148"
"services/api-gateway/internal/paper/store_contracts.go","789A1366E388605A4F1170924D5C046A9CC423F136C0CB12F18AEB244564F6D8"
"services/api-gateway/internal/paper/store_memory_configuration.go","468F597BD4CE5C378FDE36C507D2A7E541C429356EFC439B111D4A3BECE13B75"
"services/api-gateway/internal/paper/store_memory_template_binding.go","D09F38F89B0A8C7E945B44BECD8FB7CDA8C0AE0DEDF39E92DB4A66679B056651"
"services/api-gateway/internal/paper/store_memory.go","8292266ED2003CE633E0420ACCAB5DFF77D9D8CE7CB319E62F420C5127750434"
"services/api-gateway/internal/paper/store_postgres_configuration.go","79D9F20D20C87D19748D6729D402257825526063B40D4FF85271457ECD6F10A7"
"services/api-gateway/internal/paper/store_postgres_shared.go","197FFD6DD00355B3920D351054DADEEEC890D5E011A01E2F8F30D56353C747C9"
"services/api-gateway/internal/paper/store_postgres_template_binding.go","040163C8CC89FA51A06E2C281CC04EFA93D4BD2312D7B70964084FD7182872B2"
"services/api-gateway/internal/paper/store_postgres.go","756D451899D73978BD25782251463E185C486DB2DA0F34E263CE52E5BB3AE859"
"services/api-gateway/internal/paper/template_binding_test.go","C312166205401D8616391E0FE9E9A5CF80B93E32FDB3724DD922DA5B3D63C15B"
"services/api-gateway/internal/paper/template_binding.go","7A3336DD7E25B8BCFBBEE83ADF93C87E1F1FEFF25EED4DAF2AC28891EE3D5D23"
"services/api-gateway/internal/paper/template_validation_test.go","17BEE99E08F089BA375B66E1F7B70CB0E05FA3024917B80A765CBB2EC165BAB2"
"services/api-gateway/internal/paper/template_validation.go","0EDEDA2EC51F70648D11029844050DFE7786EF690BA2C9E336E8923F69302F46"
"services/api-gateway/internal/paper/types.go","CCC586556BB2FA1C00AC4D9236A76EE3A900E2131399F94DB5243BDE9EC58D5D"
"services/api-gateway/internal/paper/validation.go","CDD3A7DFFB192277FB58ADC48B16B3CD7BF8B75A376371DD64C30A3E0B4B4789"
"services/api-gateway/internal/platformschools/handlers_test.go","BBBE3C9839F2DB189DB12DD35CB89C1F974728BD949A0B9A169FCC39394B0E61"
"services/api-gateway/internal/platformschools/handlers.go","5015C1E212B8F9E80B992F976CC2263AE6F131959B64ABACB64E9AF0A6629720"
"services/api-gateway/internal/platformschools/service_test.go","682E1DCB9A7B5D011F3F7D9B409455C5B1F70A853FB593161460154230964274"
"services/api-gateway/internal/platformschools/service.go","D0A37151FDE2A5736534ED796F217514596F4C5DE4A74D82B230D42966A90B3F"
"services/api-gateway/internal/platformschools/store_memory.go","F6CAEB8EFD5BECC0EF6B2A01E12479403C4362A06E01938AEB29F266641F2614"
"services/api-gateway/internal/platformschools/store_postgres.go","1CDA441C70D35358AA958CCFDEE5006C3C3220ECC66FE8C7547A54ABD48573C5"
"services/api-gateway/internal/platformschools/store.go","1D09A33677F99EDB860A5AD5BEB2454A2616C3A3DD9C87F706B22F0E953716EC"
"services/api-gateway/internal/platformschools/types.go","18E3D13A11319F69A4F697E358911DA54265F99FF53F2F6ABFF11C1C469BACDB"
"services/api-gateway/internal/processing/handlers.go","7F243E67BD091D5EC47BEE87E6C97C4CDEF16E4EC7B622CFA654F5475710AC4C"
"services/api-gateway/internal/processing/projection_store_postgres.go","F6AECB94A666CD515D58DCFE79B9A8717B676A94F587EB1CE3BEC5CDF03A7F1A"
"services/api-gateway/internal/processing/projector_test.go","CD73FDCD76C65C0DF4D01336B37EC3798C48EB07EC746D763CBAE5C5554F0BED"
"services/api-gateway/internal/processing/projector.go","5A9EE734C25E7DE5FF806DDF4D0C9BD2EF0C278FFEB709C216F5B08A37F96ABC"
"services/api-gateway/internal/processing/retry_postgres.go","AE7815A7B33DBA2AB3077566971D7530889EFFDCF2BC487D8165A2567D15B8D5"
"services/api-gateway/internal/processing/service_test.go","280D09395E8BF38CEB348CDFA50494669EBD8B19D0DCBD5341D98368AF9418A1"
"services/api-gateway/internal/processing/service.go","94C69A4041780A06E9205AC2F9C37BAE734551DF21F24F7738074770952F32EB"
"services/api-gateway/internal/processing/store_memory.go","D340215BA7F1CB27931CD01D8889E92EF56A62F2CB990F1DDF9D98CBDCE40D81"
"services/api-gateway/internal/processing/store_postgres.go","BE0B29712748C055F422C0A8029FE3CF398C8252171F36DE7D3B7448639CAF48"
"services/api-gateway/internal/processing/types.go","E58DF2D57B96354D1B3E1F0430C0235F7E778CC92553B936AF1EACBBD319EFEA"
"services/api-gateway/internal/qualitydashboard/adapters.go","F80AC1FD5A28969E332031D1B40750F1C83BD5CF8E6863500F60DFDA6BAFB6F8"
"services/api-gateway/internal/qualitydashboard/handlers.go","90452656CFCF935BDA8CF966AA039369165AFF15572FAC38AD1632CA7CB96265"
"services/api-gateway/internal/qualitydashboard/postgres.go","EB6FA9C865008B673544FBF400C99D6228CD454FCD2C4150E72741060850771D"
"services/api-gateway/internal/qualitydashboard/service_test.go","6B988B9A4E2A04DD16BA64E175E13F2CAA42F480D461F514033936D83A5D53A7"
"services/api-gateway/internal/qualitydashboard/service.go","96D62545FA29D9F04DECAF7315EFB46BB33F60CE320FC78B1A6D13B912E70FC0"
"services/api-gateway/internal/qualitydashboard/types.go","92BBCA2692D702AABE44B60EBF47A7AD7C84EE207DA684236CE59604FAF860CB"
"services/api-gateway/internal/questionbank/handlers.go","252DD4D9FBD14339BF270E4B19B5781A4032A34C6354470FEAE870AC042D1E88"
"services/api-gateway/internal/questionbank/import_memory.go","63E8B5BE7C41C059604941700CA63684D3ACE09E6ED99D1C70E226C731E78C0B"
"services/api-gateway/internal/questionbank/import_postgres.go","E5CF654847BA41CA993E0356EAFF95732E30D0B1600A1273193C192FB83124FB"
"services/api-gateway/internal/questionbank/import_test.go","BF2A7BB954C59030655C08BB9A678DA6EC62FBA60564D4B3C7CB58D6A178ACBF"
"services/api-gateway/internal/questionbank/import.go","B9ECE860F3B94E501210C4BAE1112BD7E003E84C8AD737F1072702112FFE5E85"
"services/api-gateway/internal/questionbank/metadata_acl_search_memory.go","E61E553808874069A596115C18543570D10F94F98F0BDB8D58C8FF3C54C33EEB"
"services/api-gateway/internal/questionbank/metadata_acl_search_postgres.go","7B715766038B93E3ED977C47B5E0ABAFBEB705499A3513D26AD1BFA31C70F535"
"services/api-gateway/internal/questionbank/metadata_acl_search_test.go","1A2AB6C46CB094289B3D5A6C06E8FE5365E1CD14682DD1CCA5A71C46C159CC97"
"services/api-gateway/internal/questionbank/metadata.go","2DA6DCB6D5E4299199F27DE1536539530D2510A7C03B53235AE38A826870649F"
"services/api-gateway/internal/questionbank/publication_memory.go","3533E519411BE33820F476BE887387A140EB481938F1AD202C8CD745F1672172"
"services/api-gateway/internal/questionbank/publication_postgres.go","E64460E5E5496EBD208591E5E15101D24C2F9DBB4CAF343288FE7DF714C6F9BD"
"services/api-gateway/internal/questionbank/questionbank_test.go","B9F098E702874A1D25293CBC72924E9553DF7CF88BA72E9F14B3FC96D70C6BD5"
"services/api-gateway/internal/questionbank/scoring.go","623A3BBAE1ECB5AC2F478FACE696924F1632CC72F2E481E16A61742966B4DEF7"
"services/api-gateway/internal/questionbank/service.go","39C32D906954DC66CDC9C95AADB29D92D33F34765983A417E9EC53B3DF4C8628"
"services/api-gateway/internal/questionbank/store_memory.go","31D71049EFD142E62322C838648E469A8AF48B30013CCC0CEDC697B5E1C1E37E"
"services/api-gateway/internal/questionbank/store_postgres.go","10BACD485875C8CE25393811C600D62FAA4B3D7CACDD4B795B41ACC66E7B4B83"
"services/api-gateway/internal/questionbank/types.go","A732AA0CDF142924903D55D7093057796E9C776510D473E424C96D10022C1C77"
"services/api-gateway/internal/regrade/grader_context_postgres.go","7BE18893B4E2DC2779D41E66424BD5135C1A309E95E703F428371725D83A4E0C"
"services/api-gateway/internal/regrade/grader_context_test.go","2AE058BB31E709BE7AF8CDA5A5C35066F7336B146A0EB66840E66F695FC385E1"
"services/api-gateway/internal/regrade/handlers_test.go","9BDD96D767444BD5B9D7A31E88A50EFCCB22C355F29824225D81F51CF644FAC9"
"services/api-gateway/internal/regrade/handlers.go","53FEFD8B301146B591E5848D3A351CC63E70FF3D7310AB9ECC88D3AC655D7C37"
"services/api-gateway/internal/regrade/service_test.go","2E2C7C6FC19F604DC97A5796DAC872D0599EB67A1729381F35DEFD4832C150F0"
"services/api-gateway/internal/regrade/service.go","577028B8E537164F012CAAF451C903F6FBE7614E2A4F8A4FEDCC58F36D1C3129"
"services/api-gateway/internal/regrade/store_memory.go","EB667AFCFA8CEC4EBDE960FF4C877EAAC2D86240747AFE1EBFE613E92E20D8E1"
"services/api-gateway/internal/regrade/store_postgres.go","76CFEC28FD0254FB76CEF9E2AE1E3818D1E6D7D498890D38068314EE72D3EC46"
"services/api-gateway/internal/regrade/types.go","3ECD1B1BA1B94C978594FE3A724183E59DECC72946B07518E66760470F45291E"
"services/api-gateway/internal/regrade/unicode_test.go","8C6520D3E015A7D593AF15E23DDFAFC2F2B80F6AB50796593B2174C3ADA3965A"
"services/api-gateway/internal/regraderelease/handlers.go","49302A6009A617960CE8FCFD3E2091111991831EF4441FC844FBBB53ACB720E2"
"services/api-gateway/internal/regraderelease/service_test.go","9BFEBA00DDAE0FD4D23B8AEF212A0B3C470BB8281FAEB795F2074145BE8F7D1F"
"services/api-gateway/internal/regraderelease/service.go","484FAE3DFD8F79DF58790FD6D0F03DC0E8A13CB6153CECD9A7B8DE4F8F23D455"
"services/api-gateway/internal/releasegate/coordinator.go","BFF7A43182C45DE24E1A5D086C7422F0D8BE99CFC868C74BE211DD6CA0202E9D"
"services/api-gateway/internal/releasegate/handlers.go","31A2082C83FD8A586515A0D77F137589FDC7865EAEDC548EAF851843DDBA35FB"
"services/api-gateway/internal/releasegate/service_test.go","4AD89FA36B649ED6566F32250A6AC869D60467BBFA03F552BD04634B34941FAF"
"services/api-gateway/internal/releasegate/service.go","63F4DC4C3F7E6A98525F792FDBCCE588F3795E15D73A46EDBD4B489761B17060"
"services/api-gateway/internal/releasegate/store_memory.go","DBB1CFE4524F19E2FE5FA2E39AAA499F8435A440BA6C8572E37659E522191D32"
"services/api-gateway/internal/releasegate/store_postgres.go","A7EC601B5C57B8FE1AFF81A352D95592564009E116572DF62D7533DE3FA7DD77"
"services/api-gateway/internal/releasegate/types.go","0CAC1B9633B7E35C5E39B00F8B0C829753B8F415EABD53431F357F1539BDFD41"
"services/api-gateway/internal/report/command_recovery_test.go","9B03B265B9B7BAF33551DFEA16C3DC2A0ADDDE6273D987D9146948624F5DCAB8"
"services/api-gateway/internal/report/command_recovery.go","A2B47743F893DAFF6479F7E5404D22AF4E4822554E9FD2479674A095B70997BD"
"services/api-gateway/internal/report/handlers_test.go","4DD4AFE5FE1EEF1057EC1856CC47282EAEEEB177BBF821CE0F4C354DAD915680"
"services/api-gateway/internal/report/handlers.go","4679B7CC3843F9015AB726D44BF1F146A347C67D4787C854D4DF4D75E32CDBCF"
"services/api-gateway/internal/report/stats.go","55FE5B8AC0E68D664D42DEFE9F33A730FCA98362130A6B264B3A1514F4F13220"
"services/api-gateway/internal/report/store_memory.go","265CC31AE42EF7B567CC2D83B944651DFC1DD9BFADBA5B9DE557EFCB5528294E"
"services/api-gateway/internal/report/store_postgres.go","CD97603BA17D4F40FB654EDA66677C99C644B30600DAE9A0A4CD30A723788303"
"services/api-gateway/internal/report/store_test.go","E7D95E9A3391DFADC8FE2457E993493E9D979A253B6E000F5344B609F071F0F6"
"services/api-gateway/internal/report/types.go","AEB4CFDCE606A2DA9BF7D33E95FA86A2C5559D593A8662945E1E494F968EE853"
"services/api-gateway/internal/review/assignment_test.go","0A6313859FB06C87980BCA99FEE646CDA039A06F71E3CD92ECFD679FAC225D36"
"services/api-gateway/internal/review/command_recovery_test.go","3F1BF2E64AE98C936E9DD1ED44EC3CC7E7649237422B80860DC09CE8E2FAFD9F"
"services/api-gateway/internal/review/command_recovery.go","0DBC596B136A1746072272B7E88F750324F4A9339F457F2937CAD77C035DD2A6"
"services/api-gateway/internal/review/draft_memory.go","78561C88DEE7C9D0EDFCFCC5AEB37F07ED2A872784D5105D6240CD94C1AA1359"
"services/api-gateway/internal/review/draft_postgres.go","2DCF98C248EC774D95D5FF5889B2860F4310FCD27D186D1CC65D934708CE072A"
"services/api-gateway/internal/review/handlers.go","76408438B80D027BEF43DEB2C76F950790D5E9398F0F3E3DA3F9213703B6E4B8"
"services/api-gateway/internal/review/json.go","91EA392614F48F3502142116A4D67128F4424C9E6063047569676A6A495434BD"
"services/api-gateway/internal/review/qualification_gate_test.go","B8812C6E86608C8A3DEF0A7E62AEFD3EA78B45C3B5AB9BB256B01C82740B16D6"
"services/api-gateway/internal/review/store_memory.go","105800537630C57E8970F7295A1BC737952C4CF407292F13DB7965A8CE8E354D"
"services/api-gateway/internal/review/store_postgres_arbitration.go","AE3EE4DBB17BF4A6AF3266BE5A348A6842E41FCD2177DBE610653CB1F3EDE497"
"services/api-gateway/internal/review/store_postgres_context.go","B45FA4251CAC8EE41ACC28085CD8DFBE61886361C2D0487E76ECE3F5F6B66777"
"services/api-gateway/internal/review/store_postgres_double_mark.go","1835B3732341F608487AB3595A354FEF8F10E7641E7B61C8B8F37C0BA8D72871"
"services/api-gateway/internal/review/store_postgres_resolution.go","4EA45B3D994FE79A7BF57CA4C6B0C6EBE036533DE6E41BEA471091F984AFAC89"
"services/api-gateway/internal/review/store_postgres_scanners.go","E61FCAA98507A883F2790819A8217448E50DEA17D91A4773869279FC5D47F4C2"
"services/api-gateway/internal/review/store_postgres_task_internals.go","F8531A725035EB7100153818EFF2FA58E68F33D970C1BF9BC868E3EA1EE74544"
"services/api-gateway/internal/review/store_postgres_tasks.go","3E489D7AF0CB6D07DC019E1F449EC1C9D5B92261D8405CCBBE5896304CC4C066"
"services/api-gateway/internal/review/store_test.go","B6EE82FC11DAF3243CB981FD3B5F73F6E386C934D4F3BE94A2EAAFA8B43E72C8"
"services/api-gateway/internal/review/task_aggregate_test.go","B99A3F012F2ADAE942E15463F7449293AA51D6D2340C831D69922801FF571C0F"
"services/api-gateway/internal/review/task_context_handler.go","E0A25FC31425148961B2C0AF8C0A4414077547B692A9518BB14DEFC17E5CCA5C"
"services/api-gateway/internal/review/task_context_memory.go","0E0D1B55A7218139CF85408C86EC2D54546820188C31DAA82DB3CE9B4B152D1C"
"services/api-gateway/internal/review/task_context_postgres.go","A39BB10906501C0D35AA53553CE91628DA6BFB465EE103A5736C57B097911709"
"services/api-gateway/internal/review/task_context_test.go","CAAA31B67CC623E96B4C2F953C9F50B2474E121F40EE3EA67B79E0B7353ED116"
"services/api-gateway/internal/review/task_context.go","E564835557259E9ACFB891A9FA21483289EC5B16F1689F43DD9CBC71ABF661ED"
"services/api-gateway/internal/review/types_json_test.go","C6D20DA62E89531B146097CA6D54CF6807EE0CBCFE25B9837C2D626984F79792"
"services/api-gateway/internal/review/types.go","491594729348475C0D1967205EA0D096D8013DD42A7ACFB39521BF4AE9B5B5E9"
"services/api-gateway/internal/review/workbench_memory.go","43ADE53B0E64F360E8F9F0EDB18B23F7F77BCF3FDACD01CDE1BBC240527AF869"
"services/api-gateway/internal/review/workbench_postgres.go","99F9B449F6FD49BEEBEC67DF3B02FDE2C005C027333F6E61E991C92DEB1F6316"
"services/api-gateway/internal/reviewannotation/handlers.go","B49E7B891FADCC3C94F05B886A3E1AEF5FF964FD138A5E35D30D4F7BEFF2BFD7"
"services/api-gateway/internal/reviewannotation/store_memory.go","F47BBE67703238D42454D6EC14820782E25F80DEBDDE4EC28CB5E180A998358E"
"services/api-gateway/internal/reviewannotation/store_postgres.go","C576B94579AECAFD888E0B85FFB98290D7F1DB46A697B481CBA6317038FA1B14"
"services/api-gateway/internal/reviewannotation/store_test.go","03F3E6233D1B24304C8F8B480F8B6B56E992FF6B9EC4AB7F539E1104D8605E57"
"services/api-gateway/internal/reviewannotation/student_handler_test.go","C3F7BC16814642614CDC1F827E83920CC0AC214FBB6189A7627C30730D35588D"
"services/api-gateway/internal/reviewannotation/types.go","04E8A458C4E671A0C65E7FFB54BC68C793AA443810F40AD7F93792310124555E"
"services/api-gateway/internal/score/command_recovery_test.go","E32920EAF21FC32A248279DC3EB3961F87795CD4F23FC2B91BEF2F035E99D843"
"services/api-gateway/internal/score/command_recovery.go","68116CC80BCC8F14E45A15C9A64CA4F81A6000D8353F2F2F0D0436C64B510975"
"services/api-gateway/internal/score/handlers_test.go","2F5F012F8E8568CE99E7BD5EB1D80D146DFCB603A2219AAB9734200FCBBB0C89"
"services/api-gateway/internal/score/handlers.go","814E09838DB5EFF430567A715BE9B8AB61F218A182EADABB61742CF2FCDD07E8"
"services/api-gateway/internal/score/store_memory.go","40831CE9340953D78CE7E9D864B446CCCA0ABD28A7A5D3D6369DDB462F4961DA"
"services/api-gateway/internal/score/store_postgres.go","855E4A8BED8A07AFF27B27F84AF9453BE8B96BFE1BC05053E68D1B50D6D92E3A"
"services/api-gateway/internal/score/store_test.go","9540E14F76A9ABDD60BEECC7E1F939CD051CDA43FBCD1B0169ADDD6C6EACC8EE"
"services/api-gateway/internal/score/types.go","15FB4542EAA2CB026CECDECABC4170AA970E9EF97498E3E50E1628632C4EA6B2"
"services/api-gateway/internal/scorerelease/anonymous_paper_postgres.go","5DC813D5E028D97305BA6C98CB6FD1B54D4664E06E38AA39094F91EE179BB206"
"services/api-gateway/internal/scorerelease/anonymous_paper_test.go","56B6F64BA5204578B633F678F572142A5E24D8909CFFA4E85CBB917320F430AB"
"services/api-gateway/internal/scorerelease/anonymous_paper.go","86F91AC31CB3D6F211D896D81D2419F9459954DD9B4AC30F4771FDC804B2D26B"
"services/api-gateway/internal/scorerelease/handlers.go","F34C0E5452937AD54F12768559999FE4256ED3B48EF193CF7ABD9CEEF22E6450"
"services/api-gateway/internal/scorerelease/service_test.go","D1AA5C2AE7DA65ECA7BD0A7CF1F01328DF957C69DE2EA2774960A54752780109"
"services/api-gateway/internal/scorerelease/service.go","6D1806775A1E729391E46508BC5FE3DC3C9C788CAE731FC5D4AC19CF60972E7E"
"services/api-gateway/internal/scorerelease/stale_source_test.go","CC1074053DA9EDCAF819375390E908A8FA60BA8777330B1AC742F257E0110736"
"services/api-gateway/internal/scorerelease/store_memory.go","D666C533A368D6EF00B89238B02DD40D32B5B373E64DB32145D51F28031F9B12"
"services/api-gateway/internal/scorerelease/store_postgres.go","A38D0482F73B79F0EA464B9A8B949F35B25610E5502101BC32391917978D9484"
"services/api-gateway/internal/scorerelease/student_analytics.go","C65B16A8209E9ADECEC5CD75DAD3DBB941310B7598A0D956C5F6643BA1489324"
"services/api-gateway/internal/scorerelease/student_detail_postgres.go","CDF324C5ADBAF66EEB768B28E094D46DA264226C01AFD55F20C17CE683913D30"
"services/api-gateway/internal/scorerelease/types.go","2FF0C5E8F064B2478531CA9F92459AB9914A70DB39FB70B6952DC42B1E6AF9FE"
"services/api-gateway/internal/seedquality/command_recovery_test.go","6E3F57132347063D8C598B3294C2A12F23D8D89E6D0CD93AD893D616DDCEDF06"
"services/api-gateway/internal/seedquality/command_recovery.go","7C3EC14B6E1988ECA69F9BC1C7755CCACA8AB559EB305FB62182DB54AAEB1F70"
"services/api-gateway/internal/seedquality/context.go","4484F81F492F90B264C5B7FE3F174F3A2715DD5463743FD6796AC87944168BB7"
"services/api-gateway/internal/seedquality/handlers.go","C08B41DD90EDC21F8CA5D7C8796F6F2777CAA3AB79527E91B09D574784F8C501"
"services/api-gateway/internal/seedquality/service_test.go","408960CC4A513C331E58D6BF51D87F946520C9572DE0AD11BB799DC864BBB502"
"services/api-gateway/internal/seedquality/service.go","6C4D0ABB3711B67BD4516EB62F6B6D36914AEDCEBC93162A4AFE07B2F1AE0842"
"services/api-gateway/internal/seedquality/store_memory.go","1F17BB63660E807CB902FB6403A97CE6E74887CA317371985F9DA93DEEC86F17"
"services/api-gateway/internal/seedquality/store_postgres.go","5EDA6EDD2FAD4E0A1615EE408AE573AC8B60D5DEAB6D62C8C3500F3335EDA381"
"services/api-gateway/internal/seedquality/types.go","D69284AB132A2D1FF77613ED4AA04234F6A578ECB459B764C0B28BF7E2DB6A72"
"services/api-gateway/internal/segment/handlers_test.go","C5D7DED9A3C29D26270A68C2B9286ACFC20F0D16B6DB43C5C3F7E40A5B446056"
"services/api-gateway/internal/segment/handlers.go","33245575FD91B0E621E480C5C91AA24C99F509F356B4AF81BE7E86C3A3675C46"
"services/api-gateway/internal/segment/images_test.go","232A9A87B8DDF6553BBF66A39D84505037B9E1E4F79B748AC998C661FF9045C5"
"services/api-gateway/internal/segment/images.go","F996D29CA25E903018BE7637D431A1FC603B0F1BE839033F6B534C6702EF8FE1"
"services/api-gateway/internal/segment/store_memory.go","7FAD24A192146BB324A96471BA7EBB298A2BE8DBAA900D08D41602CA54F5AB25"
"services/api-gateway/internal/segment/store_postgres.go","0133B908D0BD58ED503CF675A7F60075B245F4346C7ECB4CBE396E29E4A7E8F1"
"services/api-gateway/internal/segment/types.go","D03BB8F4310B8E56D622EF01439D6CB6548B2CD7FDB75F4E708F9E506C5C0667"
"services/api-gateway/internal/segment/validation.go","4A7CF61DC4E38446C082C19FED825FCE0634441CA9CB3AEB00BE0C2206B629CB"
"services/api-gateway/internal/server/appeal_route_test.go","3AE77CB571E0F240DD7AF8FAF845A8C13B3213008F668DAAD00B50EE4FCF11BC"
"services/api-gateway/internal/server/application_modules.go","870475DD5B301F8DA8B00070840DC5C72E9E01BF01EC0AE483459782E192550D"
"services/api-gateway/internal/server/application_stores.go","5DB2CE819EFA59EA6909FA2538F6E2695219B2487500049C30EF3E8D71AE88AE"
"services/api-gateway/internal/server/e2e_anonymous_paper_test.go","C654E5E8755730D3BDEBD4473F6F2A7922EDFC5418704911E795569E3512ADDA"
"services/api-gateway/internal/server/e2e_auth_security_test.go","33B8B9997132F58C1D15D78B1BA0F59713333E5F356B8F31980CDE70E08969DD"
"services/api-gateway/internal/server/e2e_business_command_test.go","21993E0BF114578E4F0D37627CE5E70AB5AE938D24C584150ECAF7956509BD07"
"services/api-gateway/internal/server/e2e_core_workflow_test.go","AA8E13B0A2657F721C6C865DCC3E20056C35C74AEC5B356D8D528F22B9B3B43F"
"services/api-gateway/internal/server/e2e_dashboard_test.go","BD1E1734CE1097AA22C6322C01FEC6F46791D12DC6CB1D77DECE69D1DDB5C2E6"
"services/api-gateway/internal/server/e2e_file_reconciliation_test.go","3C62A7BB58E3EBEA5B039B18DC14DA1EC0D4D2C9AAC9A703EDB9378D3365B5A3"
"services/api-gateway/internal/server/e2e_idempotency_test.go","386AD517C77F68F2E6EC22C84D853AC3E6C778E606B09919621B638AEC09D55E"
"services/api-gateway/internal/server/e2e_math_effective_evidence_test.go","A23A10D15DE43784DD490B929E07C4B44835AF311218225E4D74BA363D3CB166"
"services/api-gateway/internal/server/e2e_math_grading_binding_test.go","1472870C8ACA26E1808771E0D5D4B213DAEF8CB8D74D93F36DD2ED66CFAB28AE"
"services/api-gateway/internal/server/e2e_math_rubric_score_test.go","7CE6E5E97A4A57C3C912760792EFDD87D620BBBC444A23E3778B40F7A365F5C1"
"services/api-gateway/internal/server/e2e_math_verification_runtime_test.go","9B2DACA953AB117B9E8DB0A3DEF754CCCE241ECBD03AA27707DFC22ABBA0C919"
"services/api-gateway/internal/server/e2e_mfa_test.go","C9BEAB57E40AA0D014A6040B44D7F01FA2874BD58CD66F6F97C18A32389FD595"
"services/api-gateway/internal/server/e2e_paper_import_reconciliation_test.go","1D022004BA4EE20D36A68900FAA214BC46AAECD0C60988B5DD1854A67C505831"
"services/api-gateway/internal/server/e2e_postgres_test.go","A483B074169D3EBC158161864ECA3899794CC4E9260D260D084D3FB48A37F0FD"
"services/api-gateway/internal/server/e2e_question_bank_import_test.go","66B572E484B423E00A8919BB59F500C6D7C6587E714F424622EE65AA184F1D03"
"services/api-gateway/internal/server/e2e_question_bank_metadata_acl_search_test.go","DA3D785B18E17D6100323AADD3E414EAE851DAC5B4868418AAAC9CE857D98A9C"
"services/api-gateway/internal/server/e2e_question_bank_publication_test.go","FA13627ED64A9298BF5C353597451D35C41DB1A2C7353FC19E4317BE79C9FD2A"
"services/api-gateway/internal/server/e2e_question_bank_test.go","4B0C70FDE6CA420FF45D3ACCC9EB49A7A0835837F983AF94DBAF2D74EFBDC64E"
"services/api-gateway/internal/server/e2e_question_coverage_test.go","62945769C2BEFF4D01C5EC13038065663F1ADA5A96C0F151F2E4CC2B431573A7"
"services/api-gateway/internal/server/e2e_reliability_command_test.go","C19C2584BB8E1D9F40E42DE39DC204E133463290D3B243DA01423B16F9278B01"
"services/api-gateway/internal/server/e2e_review_assignment_test.go","2948BB8C7283203BB9334162B5198E3FCC7311272719353FD1B7AC427E8E27BE"
"services/api-gateway/internal/server/e2e_review_recovery_test.go","2A711ED41DEEF3741017264600036E0A1134D605CA9F23FE28AF93CEFC6A5B4C"
"services/api-gateway/internal/server/e2e_review_repairs_test.go","7F6E649505C2AC7B19298721B15F3D1D1C1085DAC24B4F88F7AEC1735B287897"
"services/api-gateway/internal/server/e2e_scoring_command_test.go","10945159E171E156F1A33F9B698D5C38C525308892EC63EA5D4F7DF3A2059BAA"
"services/api-gateway/internal/server/e2e_story056_calibration_test.go","A41AFB1838B5321E97137B7A85CB680ACECCD911CF9E289AA1231A7634B33D67"
"services/api-gateway/internal/server/e2e_story056_lease_test.go","3B6C4921424387D080DBFB7F9F5E77506A862D23EE993D9A0E4F3CE67A9E2DBB"
"services/api-gateway/internal/server/e2e_story056_test.go","82B18C59EFDC4E4E52F8E0F9436483D690CB5CF521AC6ACEBED2AF8A0760673B"
"services/api-gateway/internal/server/e2e_story060_capture_recovery_test.go","38249F224F3594C0F18CDB4401EE24AFE10576E1C4D84E47C969DC3BD9A549A8"
"services/api-gateway/internal/server/e2e_story060_provision_test.go","7A455F53464F58473CAEBB8989173C211E05FADF97ECA8B30EA477932FD603D1"
"services/api-gateway/internal/server/e2e_story060_roster_test.go","9DDEDFB23117AF1B19BA3EF180DEC55E220F029207A325E1536B3FF5796EED28"
"services/api-gateway/internal/server/e2e_story060_sheet_identity_test.go","AE3702B07975C3A4707DE7BDB7681F3337D0DCE13F787A1CBC7822FF8534D3D7"
"services/api-gateway/internal/server/e2e_story061_active_crop_resolver_test.go","2467B89650590C18EFD53C54F1A57C3E312B80D2A8981D62C8D496FCC581703A"
"services/api-gateway/internal/server/e2e_story061_governance_test.go","324279C79A566A627FA4DFC721A8C37B03579EE50E405D8FE813F045DED17105"
"services/api-gateway/internal/server/e2e_subjective_command_test.go","847E6FE37B39F35F94C6FB40795112432C9C179C13826F098221A8ADBC0115C3"
"services/api-gateway/internal/server/e2e_subjective_panel_test.go","FE332B50E1425B55308FBEA4A366C5F3101534EA5B7B8F4F7EAE810F25C569CC"
"services/api-gateway/internal/server/e2e_subjective_usage_ledger_test.go","27CF138EE921D400C0E2C4FFF5F3780B3CBEA76EF14123CBA209C199B2BD22CE"
"services/api-gateway/internal/server/e2e_template_routing_test.go","7ED8FE743F015090517ED6ABAD215D939C2EBF388E549973E8740B1629EC5D3E"
"services/api-gateway/internal/server/e2e_worker_runtime_reliability_test.go","CA179F1C026AA06BB0EC35C231BB637EB33032746042724B2A28E87BA728327E"
"services/api-gateway/internal/server/evidence_route_test.go","A7212F379E2969242ED1F5AC2411193074EF8141C758A4BF07980F5F33C2BAF5"
"services/api-gateway/internal/server/infrastructure.go","EE13D0A5E3B58F21EB81F52334039BA6A003B10A1D2C961FA7027022270EA2C1"
"services/api-gateway/internal/server/managed_config_postgres_test.go","E6F3F577D09A5500A80507855CED2F2F54CA149E4B8C7625976071E03A8A56C4"
"services/api-gateway/internal/server/migration_split_test.go","16E55EDEB1169A082F87478B7C28F7646C7C0AC6A76EE621E7C9D5229268EC39"
"services/api-gateway/internal/server/migration_upgrade_test.go","78BD687B6E61777C2B7C20F12E479DD5CF408CFEE23B31C83A27C24FB4AA6D6F"
"services/api-gateway/internal/server/module_ai_foundation.go","31BD4A74902DE49EE10E72FA19EF41A5288EA174BEB264E5FF5EFAD19364DAB6"
"services/api-gateway/internal/server/module_ai_governance.go","7D1AFF48B20C40DD017FCED63E8D228C77347159E206D0795BB017BE5B504A11"
"services/api-gateway/internal/server/module_capture.go","84738D31F66C8197103EE17272A78CFD35BFC64793B0113C108987EEA7705B3A"
"services/api-gateway/internal/server/module_exam.go","AF2F3A511C7B90168C4C886E8E502B76CDB9ACC19B74EB16EF4BE80FED46C901"
"services/api-gateway/internal/server/module_grading.go","6A82A41057D8201BAF3ACF74A5D0C0896DE1DC980054110C1E01C90C7A65116D"
"services/api-gateway/internal/server/module_identity.go","5BB21E376660F26593B756F5321D233C7BBF0AD3DBAA45FEFAAAEC36EAE9B3F5"
"services/api-gateway/internal/server/module_release.go","82320BEC17BE9EF73EED40FAE182D293BD7B664A8B3D4E0AB76208815A251603"
"services/api-gateway/internal/server/modules_test.go","883367D1EA80A9ACB273BFF93FCFDE538374A6FEBD81F3F4128E77369F023307"
"services/api-gateway/internal/server/onboarding_readers_test.go","F58B2F3B8416B17651194430028D210A53365E4CBDBFE4C004CFBEA7A4DC9DA6"
"services/api-gateway/internal/server/onboarding_readers.go","CC5399E63C49F79A57F5733790E11A0B1EB95B2FBDE4083BC9BA9E9CB137443E"
"services/api-gateway/internal/server/platform_schools_route_test.go","52F06023F944B0A2E599EFCF66BA581BA93B6A80D55CC10C54E15BE929643B4E"
"services/api-gateway/internal/server/recent_auth_test.go","F398F6877187C28D1CB525FACEB407793755EBD7339D31B9C01DCD305F3EA6B5"
"services/api-gateway/internal/server/report_route_test.go","A21A384DAF0BDA6BC46B557131FA5989503A5BCACEB4C2CC219A61C3AA1B0BE2"
"services/api-gateway/internal/server/review_route_test.go","E140788948A4D32DA13B814A3FA055FA77033D2C84761397384B9744A49B5679"
"services/api-gateway/internal/server/router_context.go","55DBA0451D9347FE8E70757006E2234FC10765496ECE25C68F27111A0297C30E"
"services/api-gateway/internal/server/router_guards.go","9415E0E9A8274608CA31E19C180B0F83891C2115D0B790ECFAEB7110B0C2ABCC"
"services/api-gateway/internal/server/routes_auth.go","E4E3DD9E13B6A60756D8F92111440027F20E07B274F3CB1873A3587F979CF666"
"services/api-gateway/internal/server/routes_capture.go","0C436B17AAFB46449B1E96BA3C919F62705A07EB394863426E3846C1C30C9613"
"services/api-gateway/internal/server/routes_exam.go","078D9290F17FE0CB90EAC1AF6B2FCB9DE95A310132E7324EABE0E3ABA6BFE376"
"services/api-gateway/internal/server/routes_files.go","1363B5AF11A7F0ADC5D9C0D254835F0E24B34864F3678F256D0F6C70C2691C48"
"services/api-gateway/internal/server/routes_governance_test.go","0EE615758AE68D9FFA046AE0884A91BAD83D499BA33FE5C688AFA9C96E527471"
"services/api-gateway/internal/server/routes_governance.go","BEEEAD9B540272FACA1D44531AD9DCB107DDCC6D09422492930DD65A79F08A36"
"services/api-gateway/internal/server/routes_grading.go","4305A2ECB643FF32C12FCF1793AE15CEBB603EBFC8B5E6DF6C61F05142A48E94"
"services/api-gateway/internal/server/routes_onboarding.go","CF219658367FECB96C8A0E8C6E67FC3DB52B900460A8409F93C0D82983A5AE12"
"services/api-gateway/internal/server/routes_org.go","7E66DD6CA612A323BEB4547354787A730CCC33F1A409A066DFFCD225575C468C"
"services/api-gateway/internal/server/routes_paper.go","239C09362717C7D965C1941E144DA1CEA7388B00A4039C22FC98F17CCBDB7B0E"
"services/api-gateway/internal/server/routes_platform_schools.go","0E2694E19723C38B70CC2DD065EB45017F2B35DF45513AA46C64FC4A5DE9CB3F"
"services/api-gateway/internal/server/routes_processing.go","46D303B1F68DC61360D758C0E314A9D47E04D4C3591F05CCFEA3B5DE3F46D56E"
"services/api-gateway/internal/server/routes_questionbank.go","F27B8C3CD3C6D7350D910D6C628558C2A779992C0C90458F5078997EB982B128"
"services/api-gateway/internal/server/routes_release.go","9D4DFE5E2DD15DF69231CDB635EF0F95E9D120FA4FA719AF44BA9E5D9EE17E47"
"services/api-gateway/internal/server/routes_review.go","89B74786FF448E3DFB4BA7DD76BF72475591E0AABC72CEBC79069A6313F8BDE7"
"services/api-gateway/internal/server/routes_system.go","E6DE92FE9B6F34C9A00FC9428B9E7871DAAFF977FE57774E5DE9A7BDAC6F5C53"
"services/api-gateway/internal/server/routes_worker.go","345D15A20564E0A84FCD4EC07F74CC9D955BAB0F9E85CDEEC3AB9D990A055C10"
"services/api-gateway/internal/server/score_route_test.go","574FC499CFB555BC73419A8F2D7A7E09E46848C12BF74C516E2CC84A05BB7E68"
"services/api-gateway/internal/server/server_test.go","85C7B7353F8AC2E9FF95B5BF44E8B703633969CF53C24886D0C11C651AA4B407"
"services/api-gateway/internal/server/server.go","5D4B7082CDAA260711483AB36C0B5D393DF1D82345018113929CD228A4AA6BD3"
"services/api-gateway/internal/server/worker_source_lease.go","1373626685897585B7D9D6D836B849318F137F6668AFCE99ADF9F6DF468585CD"
"services/api-gateway/internal/studentportal/handlers_test.go","05B649EA0B480B64690C91B7AE65EE0514FCA791DDBCA4D8483ED3FD11359E7F"
"services/api-gateway/internal/studentportal/handlers.go","769E257BC4D40343B770C426EFFEEEB42355FEFB468D0C2787EDD0613B347ACF"
"services/api-gateway/internal/studentportal/service.go","2218E85184C7D873CF7511A45A135BA57FB53C51D8C675357F7CD4E5D6E1F420"
"services/api-gateway/internal/studentportal/store_memory.go","BECCB64F2BD61112FD32324933636272988F7EFC069867E3822B426421231CC4"
"services/api-gateway/internal/studentportal/store_postgres.go","FDF1346517BAB5019AC5C72BB3CBE36D5960B0BEA413AF4EEF8BE0D037C9844B"
"services/api-gateway/internal/studentportal/types.go","C11F4422A7C3015E88C15731ACB18F3EE0AFE8335DB8589C1E5C4F068202665A"
"services/api-gateway/internal/subjective/active_crop_resolver_test.go","0AD5D033BF8243988264FF86460F1C62964FD57185DF827A7EB9ADD00F96B9CE"
"services/api-gateway/internal/subjective/active_crop_resolver.go","F5A760B769D3D8394C06BDCA831196AC501AF5B898C4C48B081175B88AD97D41"
"services/api-gateway/internal/subjective/adapter_http_real_e2e_test.go","4811E8FA39EF759AC4CF031E73DE738DCF777828A0212121A77F2458D1B3CA66"
"services/api-gateway/internal/subjective/adapter_http_test.go","34D5A4F3C7240384474D4D5FD39BA9E04510C2B757DBB5CC3A6D471CBB07DFDF"
"services/api-gateway/internal/subjective/adapter_http_v2_test.go","2FB13DF86A066DC1B9810A1FC7414C66140E57A98822AC4020A29A15727CBA3D"
"services/api-gateway/internal/subjective/adapter_http_v2.go","72760349C6A50149E06B28907B17AC6A9814CFA946EBF5358ACE2E45932733FF"
"services/api-gateway/internal/subjective/adapter_http.go","9355B5094FA238ACD6A1F5325BCAF442DB044DF2E3ACF4886BCED4928CAA910F"
"services/api-gateway/internal/subjective/adapter_usage_metrics_test.go","7F50C334D3142BAE367C7856A89D55931A120030ADCDAA12C553043BA0E61F0F"
"services/api-gateway/internal/subjective/adapter.go","26A1D503E957D43784628A39A4FA415BF1B67BB16465558A0F1F6F9C9BA24D1B"
"services/api-gateway/internal/subjective/batch_command.go","C38CDAD1DE6BC08B140E5A042AC9884C50FC522689942AD05A9A5E1A8FF78AF5"
"services/api-gateway/internal/subjective/eligibility.go","E3AF35651F8ADEA6DCB0C88E265379F16EB21C4B7DE952F76EA069CE6C0E6E22"
"services/api-gateway/internal/subjective/grade_settlement_pipeline_test.go","7C607502D4E2DBEEDA9294A4D9BFE732076F748BEC0469FD4CD20A5CF30241E2"
"services/api-gateway/internal/subjective/grade_settlement_pipeline.go","157E960DFCE62A3EBF26761D7397A9B54AFDFC1758EA71A48AC38E67B7A7167E"
"services/api-gateway/internal/subjective/grading_agent_v2_builder_test.go","1338B79498C1F9275526579F59593545460C36D1E128875021B071CA357B2104"
"services/api-gateway/internal/subjective/grading_agent_v2_builder.go","85B1EF92100614DB86BCBF9B19DFA2E0D6817805C12EB3ED243FF1DD51DFAFB5"
"services/api-gateway/internal/subjective/grading_agent_v2_contract_test.go","2607AFBB7DDA68A4816AE356CDF12D6B5922754F1E7AD0EC487DD892DBBBCDD1"
"services/api-gateway/internal/subjective/handlers_batch.go","F0793D528AA07E604C4A0E13422E61C668F450998039FF44BC76CE2CE62219C3"
"services/api-gateway/internal/subjective/handlers_grade.go","A14D94EEE14A8CDFEEC101140740748F811B1BF87897CDC3AE9284E45D58BFCF"
"services/api-gateway/internal/subjective/handlers_support.go","E82956D7E9EA19298962279707EC1585878916B942D6AD0C9122222C572C889B"
"services/api-gateway/internal/subjective/handlers_test.go","10555C1B690139E4E314F65D5A48E751ECC3CDC5220D226AE1B5F39F132A5CD9"
"services/api-gateway/internal/subjective/handlers_worker.go","5A39FED342F75BD8E6D7253A9D599426B5BC098A3D81B53AF68FF31F67859FAA"
"services/api-gateway/internal/subjective/handlers.go","774B0FC0A07542656D547EA2A4E9955A095A1A52467FECB3009A4FC16E9B417E"
"services/api-gateway/internal/subjective/idempotency.go","E1354158552B7BC08665D09DFBCB42355EE95412A504AF87B7C16E5502E35079"
"services/api-gateway/internal/subjective/math_evidence.go","E62DF7FFD63007BCB664340A338B3B372F24EDD92656D934C1BD81953B6C01DE"
"services/api-gateway/internal/subjective/math_grading_handler_test.go","E8F7D91F5BBF1C6073EEFF1A2373ADDF94D1A78C335F328D4928C1CAC42F3418"
"services/api-gateway/internal/subjective/math_grading_test.go","2F6C052E5E24C04861E8FF5DB3194C92123B52F523EC8376223D6B5D6F27AA4A"
"services/api-gateway/internal/subjective/math_grading.go","5140950286B8FB51F429B03498468D7BFCBBA207AFBF1016816D0DD4554A1AEA"
"services/api-gateway/internal/subjective/panel_agent_binding_test.go","1A8F15751B8970E54919A21FE4A17DE999E16E3B85DECCF351184B0D67000D13"
"services/api-gateway/internal/subjective/panel_agent_binding.go","3D68F21033F11B2FE367710E2FD5378718A3B73DB8A6757C44156299753BD2E9"
"services/api-gateway/internal/subjective/panel_disagreement_test.go","9977F750F459B4AC5A22B007A8B93AA450FFF4A86F0E4A57682BE3BB2D2A0BB3"
"services/api-gateway/internal/subjective/panel_disagreement.go","AB2374450CCC12D482E3C695F352CE1416515F1821E55CB4460FCE2C48D8ABEA"
"services/api-gateway/internal/subjective/panel_migration_test.go","30A1BE49BCE0F99D23FF375AB9A1E1C30DD98C5AC93F7B0E298CCD4E732F1880"
"services/api-gateway/internal/subjective/panel_orchestrator_test.go","4AE19134030D75BBBBB6E25833E8237E6C64B711957905D0FEEB779841AB89C1"
"services/api-gateway/internal/subjective/panel_orchestrator.go","CE02373CB466D8E48A078D3A3A4552C1003DA0AC63D306168120A369EB7B9C9F"
"services/api-gateway/internal/subjective/panel_policy_store_memory.go","9698BDA764298E1A57C4BA16B76FD32D8E1A036D1D622EAEDAE8EF9D6CE41A45"
"services/api-gateway/internal/subjective/panel_policy_store_postgres.go","BBE7F4AD6D9B6A830923AE217073F4926508A33C1239E9BD2F44D73050EB213A"
"services/api-gateway/internal/subjective/panel_policy_test.go","7D4BF93A1F36E35A0DBD3DEF93244A18B0DF6F78370B8649468CCF67B2FA1B3F"
"services/api-gateway/internal/subjective/panel_policy.go","E1D0D33C8A58CB2E26CDE7A8C37038C81E420D9FB72ADFC39C4E6AA7B1CD2840"
"services/api-gateway/internal/subjective/panel_shadow_runner_test.go","89E3E7725C99B59DA370E5C24CBBA6EDDF56C594E0E3DC038904E91FE01181E7"
"services/api-gateway/internal/subjective/panel_shadow_runner.go","7697AFA3F1F172A8623B5266DFEBD7CD8E2309CA957B65AE0306ECFD9DFB6B9D"
"services/api-gateway/internal/subjective/panel_store_memory.go","1DC06739DBE020A0E1B6E3796952E1B3E4990F283349B11AF1F41F9EEF0AC358"
"services/api-gateway/internal/subjective/panel_store_postgres.go","5CE576C98348DA061A9D2DE3BC791F9C6B4E3A4EDB9322E84875BEE3071E1CDF"
"services/api-gateway/internal/subjective/panel_store_test.go","3862F18ADE175588B28329FFABB99D3AA97A3777027BE3837C42E6C129001754"
"services/api-gateway/internal/subjective/panel_store.go","1D997A9FADE5913B7394E169B75E64AB8C101AA07E99A821CDFB2E59A49748EE"
"services/api-gateway/internal/subjective/panel_types.go","11A87A39A7014692D0F8E3C8970317802355D933B9C8E1EB7E5050585C08E318"
"services/api-gateway/internal/subjective/scoring_coverage_test.go","E59F8724186EBAECEF17E10735970EB9A7A0B87F4664B9B349029FC26D44D1B7"
"services/api-gateway/internal/subjective/store_memory.go","5A2F8BFE8B268577062779FA20717FB41F5E540EFB0452D515751BB0EE9C67F5"
"services/api-gateway/internal/subjective/store_postgres_batch.go","36F5F9AAF746F92DB1EA3B67B01DE7F25CC89A366D1EF3400DD2562B53CB9882"
"services/api-gateway/internal/subjective/store_postgres.go","C21C0C2D5035AF631C849B039BD639E76E13D5A314964AD6D52ABA4EC7ED1FA0"
"services/api-gateway/internal/subjective/types.go","5D7777D3CF9D65BA1328B3A1FFD478C9DE9BD042A9430DED5EE5B3A5110BD135"
"services/api-gateway/internal/subjective/usage_pipeline_test.go","6A7B78BE28266FC136D47BC70DAF1FD5A1E2BE0C9096BBB5E75D2FAE57E9FB9B"
"services/api-gateway/internal/subjective/validation.go","19E2FE1A84F1496898C0B2E3ACC872EC05AB6B6B90F10455FF9CBC6CF0FBD541"
"services/api-gateway/internal/subjective/worker_completion_service_test.go","57757AFC976267C2D04B9E5105E1E2260D0C306C7D0A0706A041974D2834948D"
"services/api-gateway/internal/subjective/worker_completion_service.go","40823EC5629D3FEFE10FC575892681DF0A50F84E8C01F86236FB646EADF4A3B9"
"services/api-gateway/internal/subjective/worker_execution_service_test.go","DDBD3E297CED9D861F5578F4EB57015F9977666A9DF4434A42B2A9A504870828"
"services/api-gateway/internal/subjective/worker_execution_service.go","88A85F5E873EA4DF5D2F149CC4442D561EA8D9719A55ECEED4D232687F79365C"
"services/api-gateway/internal/submission/answer_regions_test.go","F50882E6BA4513BAA2E77465AE7FC49669858F7D34E2A8426A32572898C6348B"
"services/api-gateway/internal/submission/handlers_test.go","6C445407D8D60253CFE5F668BC4CEE0FB6994C59B32654CBD1E12E3085CB57DD"
"services/api-gateway/internal/submission/handlers.go","19773F6BDDED50F42C1F2FBB7743E85E5C5CCEE129EC92ACFA549154C4673F1E"
"services/api-gateway/internal/submission/store_memory_test.go","EB1D2AE20591B693EBDF53E27FE55F49D85C3BE57323CF12DBC0D4FFFA5A629F"
"services/api-gateway/internal/submission/store_memory.go","029743818DA794FAA83620BA8287FE2D796C78F6208331A48A08E4120A09776E"
"services/api-gateway/internal/submission/store_postgres.go","5468038ECCCF44DCBC6BFB3C63D1E98BA05AE3D89B87AD387CCB1145DE77F000"
"services/api-gateway/internal/submission/types.go","CA467AE2F2AB0D8C12652878CFE8DD0EB143BE5631C57BC0367F4CF6769FE29B"
"services/api-gateway/internal/submission/validation.go","B47678C5B7A21C1DADDD5553D1AA2FB2A2FD64C5326744238A77EF76C7DA0289"
"services/api-gateway/internal/workerruntime/handlers_test.go","E8A634758917BCCB1699E035B73243CC1DE98A0BDB57C2827E6B98CBA1B6F36B"
"services/api-gateway/internal/workerruntime/handlers.go","84EA2D8FEB374FEDB47DBBC2C6B5DEAAE2454E8FB3DFA2F1DB9CA6B95EFABA97"
"services/api-gateway/internal/workerruntime/result.go","D22C269925884F623A4E82BFC69C07A155E8559035F5AE6B3C4F1737AA7BA013"
"services/api-gateway/internal/workerruntime/scope_middleware_test.go","6EE7A0263889C9CA3E0AF6292E8C8CF7F658A174E82319FDCA5C077F1F56D4A8"
"services/api-gateway/internal/workerruntime/scope_middleware.go","D1D1ED624F8FB775B1AB34507D5D8925D5CD9089FF8A2DC7DE003636B4DF1D10"
"services/api-gateway/internal/workerruntime/store_memory_test.go","1BF5A878C1FF885DF04592C64D17F3E6D3B285F91CA1EB3E9F0BED403CD87BE7"
"services/api-gateway/internal/workerruntime/store_memory.go","862B6774550493EEA72E84D03C3CE64E6274C64B6DB72AC08251493A5E20EBA7"
"services/api-gateway/internal/workerruntime/store_postgres_test.go","AFB162DD221CE96BFADB362BB19483739120D52EF01075EE7259AF1E67223C38"
"services/api-gateway/internal/workerruntime/store_postgres.go","8DEDA229A025B8697E1E4E809A1367404708C196DAAFAEB417238D22906089F8"
"services/api-gateway/internal/workerruntime/types.go","3A4811158F19FF8203372E2A677EDE3F23A6095CBAC7496C3BF2F80D2B1531B0"
"services/api-gateway/internal/workerruntime/validation.go","4BD60BAB629E2609E7672A133CFCF579C51BDD57FC701033431EC56781EEF29E"
"services/api-gateway/internal/workspace/handlers.go","6FFA6BADA128A9E590CCB4EE8F85898A7D19446FD527EF616C3DC97DDFF9E260"
"services/api-gateway/internal/workspace/service_test.go","E32F9FE73149512C13C3A91345519F0DFD16FA5AD082856BF1615AD21F50ED51"
"services/api-gateway/internal/workspace/service.go","F03640D89C44C1FE21F84367B4B0178858ED54BD45B8D96AF5E9490F83A8824D"
"services/api-gateway/internal/workspace/types.go","28ED7CF321700C7B5A26AC64204EA41D77F6ADB4A440508FF2FEC5A2019A16D4"
"services/api-gateway/migrations/000001_auth_rbac.sql","97BF43089DC5003689E6E20BEB836F96ADE3992ADD4E13A5E962D8FF57ECA054"
"services/api-gateway/migrations/000002_organization.sql","D923356A3A68948CDDAD43AEC0E166201A40709FAF97EBE6A95A92EDD2F150CC"
"services/api-gateway/migrations/000003_exam_management.sql","2494852C2EB53C6E43BBAB9C0E647D362ECAC996BE12F3B4793555FE17F166D2"
"services/api-gateway/migrations/000004_paper_question.sql","7F81460425598D57189EB0BF1FB7A0431CE84707AF75A53D98AE807444EEF8BC"
"services/api-gateway/migrations/000005_file_upload.sql","290F3204DB73477611B25AC77D77A429D1EEB5EA86DA3DD116635659005E87F4"
"services/api-gateway/migrations/000006_submission_collection.sql","41E142797995C00AF2238354D11E33CEF897318B64D33AF4CF3881C7874835DE"
"services/api-gateway/migrations/000007_ocr_task.sql","488C8065156B131D174BF9EC95B398D696E7B0114572ADEB31CE96DF062C13FB"
"services/api-gateway/migrations/000008_answer_segment.sql","70814E4E35633DB18B5248749993ED5D38AD02CD86C975328CFDABA1D4C02DC5"
"services/api-gateway/migrations/000009_orchestrator.sql","A9A9E7AAC532F0182F2C11EE2AF41DD6BA11DEC3015ECE0CEAF1F5D1C1137D92"
"services/api-gateway/migrations/000010_rule_grading.sql","6D34C7ED72394C7ACCAD66B580C0DE2FE7072A6BCA709AD21B865C88DC1ACB75"
"services/api-gateway/migrations/000011_subjective_ai_grading.sql","A2C70CB26929A8061979C2304C1CEEB291B9CB0BAAA625C7A10E35DFC5CAA36B"
"services/api-gateway/migrations/000012_evidence_check.sql","84E08AAE0CDA9C777B725CE2D0ED5472F8D06DC6EB0AEC4952D19A543E04D06C"
"services/api-gateway/migrations/000013_human_review_workflow.sql","896337B8FF6B242220F263E82A8E584F0CA62199AA86327C4E137EC726857A7D"
"services/api-gateway/migrations/000014_double_mark_arbitration.sql","6D161358F98AFEC5C5702561878033ED2872002720FB591EB9481C7CEBCE6535"
"services/api-gateway/migrations/000015_final_grades_publishing.sql","660ABB14C3580CA17383080D190EDE8C1265431909E4EAF2B71F1CF751D5C7D6"
"services/api-gateway/migrations/000016_appeal_workflow.sql","CA8EDFF4772D3A07D6F59EBE79B9E45D6D08A2C9BF74B603D7EC3A248D6F4103"
"services/api-gateway/migrations/000017_report_analytics.sql","38E2BF8C0CBB804882098E933F824D51772FEAFC6EE5E36FF4D777A3414B656A"
"services/api-gateway/migrations/000018_audit_log_export.sql","8A0CDB7AC93B8DFEE600B10BDE377524F75A30157CA9B7B1F4B9B5BEE1E313EA"
"services/api-gateway/migrations/000019_story044_rbac_hardening.sql","11D5238B2B2A541DCE6CD60843D9878877F940F28528752390413B7DA2051917"
"services/api-gateway/migrations/000020_story047_tenant_constraints.sql","580D29749A8F77615A400749CC0B5800779A1C08CBD7E4F7098ECD67D8E405DF"
"services/api-gateway/migrations/000021_story049_ocr_worker_metadata.sql","1B2429537B144D8BA6CDAF87A2D6C96656633DE5E563A2C156F764F4084AA4C7"
"services/api-gateway/migrations/000022_story050_image_quality_run.sql","A8817C879E5F3B5FC2E7E88982BC3D88AD22090E49C853E210BE3B255A1D2BFE"
"services/api-gateway/migrations/000023_story051_agent_worker_runtime.sql","8DFC376182497E0CEECE39267AF2B38CE324FA790857EFFF638BAED4F4D94894"
"services/api-gateway/migrations/000024_completed_scope_integrity_hardening.sql","9665DF027CFFD4FBF6F46B8E2C5C94141D02EB54B03337EB22A57984AB5F3739"
"services/api-gateway/migrations/000025_story053_product_shell_rbac.sql","4261F41143BF59733DE2DD871CAB056BEDECFEA19766621D5389BE2773A4C9C7"
"services/api-gateway/migrations/000026_story054_exam_readiness.sql","A1D6789368A2978AE665B2159E7451D30CEA385292A7266FAA7D1BC4744E9E68"
"services/api-gateway/migrations/000027_story055_capture_processing.sql","FBE5F8E1612B54402DBDB36B89560BE98AEEDA60368557289C96AD36A93DCC8D"
"services/api-gateway/migrations/000028_story055_page_processing_role.sql","517632B59261CF01CAF9DB6E65809CCB8D6C3BB9AE1C42443A48D82CF2241AED"
"services/api-gateway/migrations/000029_story055_page_processing_task_types.sql","D6661F39D723A751AC9E7C4A716710015D36139406238DA4CA288B293F15FF07"
"services/api-gateway/migrations/000030_story055_capture_quality_source_asset.sql","3174AE0DEBF44082A1A18294E9E0484665A144B7D104D4A8230A4385FBB492B0"
"services/api-gateway/migrations/000031_story055_candidate_page_matching.sql","34BA7C7C66B3D2114B1CB11E1C79E4B4616D5A544AE5C5CD3E42F8FE724722D5"
"services/api-gateway/migrations/000032_story055_registration_review.sql","B29BEC4DF4E3E77996A49BFFC17E4D480BA66B97B261BF642C566DB91F3913F3"
"services/api-gateway/migrations/000033_story055_capture_complete_operation.sql","A4D526471373FCE1AE7334AED9E15AC981A0EB2DDEB3FE6AFF15ED424AF70038"
"services/api-gateway/migrations/000034_story055_manual_registration_correction.sql","516A21D0917D4579A67C10B0A932B8EBB4DEE4042DD8184FA91D3D39AA8C48AC"
"services/api-gateway/migrations/000035_story055_manual_correction_apply.sql","84C45F3F8CF296602A3B91DC9D6E5C4AA769AAB7FB0E0DE98566862D371F3713"
"services/api-gateway/migrations/000036_story056_grading_workbench.sql","14C1F6E21F966AFB23A4168FCC981888586899F1741DB484C88188F280648D15"
"services/api-gateway/migrations/000037_story056_review_grade_link.sql","52581C2244CD1A12CE0BB83ADDEC80C764903213C8C7D1CF83061628239E5B54"
"services/api-gateway/migrations/000038_story056_scoring_recovery.sql","DF543A3A1DAC8A7AEEA0537B0A77A458F6D48A5A3FBDB490993998BF0CEEB0FC"
"services/api-gateway/migrations/000039_story056_template_omr_gate.sql","BB4609A3AD2DE855D546511A273264CC9EF0FC8DFCF3C6BD0C1DF26D7461DF4C"
"services/api-gateway/migrations/000040_story056_template_difference_reference.sql","FE69426A2A69ABF3F2A4CF7EC97F1967D3F8EE8F8216DA57DC3E4F3DD7FD1BBD"
"services/api-gateway/migrations/000041_story056_omr_calibration_approval.sql","72E4E9A13650504770772DE5876CE5A204A2E987BD1162F9DDAB11E769E596F8"
"services/api-gateway/migrations/000042_story056_human_confirmed_count.sql","97C0C70220A778EB1F5D797CBDF590C2AEF2AB9ABA2C885C1FA3DFBF33E63830"
"services/api-gateway/migrations/000043_teacher_appeal_workflow.sql","F4D1B604C68DE42BF9D54B2899B6A6C56308D04DF184D843748D318C7727CADD"
"services/api-gateway/migrations/000044_grading_agent_integration.sql","557B1BFC5D7DD241764BEAAC268F123E1A7A976799C99D923C3109B7DED3AE76"
"services/api-gateway/migrations/000045_reconcile_published_exam_status.sql","DF6AEF8268FB31C7507FF9393563E8C16DC873E3884C1B1BC4AE3A9E3EF373FE"
"services/api-gateway/migrations/000046_reconcile_completed_ocr_runtime_tasks.sql","3C8E7FEF5D1BF8B4D63A5BD2146963D7C0E28AA8F7E81D3E11BFFCAED1965695"
"services/api-gateway/migrations/000047_remove_teacher_grader_system_read.sql","46E8252B238E833834A95886D6AE55A140FE9137DE548FEDC14D7E7E99AA7D79"
"services/api-gateway/migrations/000048_ocr_runtime_atomicity.sql","5B024322DEFAA4E6C6F68A5104BEA2B2361EECE24C9934FD6DB850DC50B96FEB"
"services/api-gateway/migrations/000049_remove_teacher_review_management.sql","92CD37E0224DF7D58D595F560FAAD50743E5957EF3B45FF5979DA1EE0A1D8816"
"services/api-gateway/migrations/000050_scoring_run_grade_candidate_indexes.sql","D23E4F8102D40120D077319F76ED10098F5D1FFAF9970FA21422D0F5C950A57F"
"services/api-gateway/migrations/000051_human_grade_ai_link.sql","A7499DBA86E2612FCA7DFA4C435AB5EADA7D4624743930F168DD307E210D8AA2"
"services/api-gateway/migrations/000052_story060_exam_roster_attendance.sql","2AFD9884BA73AEDE58AD088D56214CD716BE5A72B9D8B99835982E480B479495"
"services/api-gateway/migrations/000053_story060_roster_query_indexes.sql","E11AA07585176CAFC0EE37F0436492BCBD5FC3373E9B3AC8FB5A80095F27138D"
"services/api-gateway/migrations/000054_story060_student_sheet_identity.sql","B08A837FC6D28F83AFF0962CBB8129A43EDE1246AA06600512C8DE0FBE6BD79C"
"services/api-gateway/migrations/000055_story060_sheet_reprint_lifecycle.sql","6D17BDCE7AF161450027E42CF07E7C0A9C335C3C5D142E198FEBE1A7FD328A64"
"services/api-gateway/migrations/000056_story060_template_omr_calibration.sql","8224BA2E4EAAAE323A9E0F430BEA8FABA49CF105B9F68EBE86F0099519F03462"
"services/api-gateway/migrations/000057_story061_model_governance_foundation.sql","2A74A333908F2A2DAE42CEBDB19DBE6B015D27D3843C4FA307EBA00F19419D29"
"services/api-gateway/migrations/000058_story061_governance_tenant_constraints.sql","5F500123D653BABC41A8E5930F9A3B5A12BDF7DC64B3E65CC43C86E6C0B4ED9A"
"services/api-gateway/migrations/000059_story061_model_governance_rbac.sql","F2B67174222B815AF979270F6A07F7A565032E0F6B0E63FA160544F4778F502A"
"services/api-gateway/migrations/000060_story061_sandbox_approval.sql","D7303D9BCD5E1248E7DC184255139C3AEA5F74F541A342A8645836DE1164307C"
"services/api-gateway/migrations/000061_story061_offline_model_evaluation.sql","8EE04AE858A277FB3A46FFF6F29706F86D031ACA3F91B44327D0D5C4DDC184A2"
"services/api-gateway/migrations/000062_story061_model_promotion.sql","C39ED5B5695903D2EFD3EBCAC6FCC746D63D3DF90FC0FADAC2E7891EBC2850EB"
"services/api-gateway/migrations/000063_story063_subjective_grading_runs.sql","2FA20B84E2752D35D2298C264A4FC083ECD3A0224B0D965B7215F7048928DF9E"
"services/api-gateway/migrations/000064_story063_subjective_grading_batches.sql","302DA4CEBAA00318B1415C94057988C011D3626C18C5E6F7656417CF7B911772"
"services/api-gateway/migrations/000065_device_sessions.sql","3201C1BDBF1AAE4512C281DD4127B269CCAA1BA46E82F98F46A13CDC2286A0C7"
"services/api-gateway/migrations/000066_access_scope_exam_revision.sql","41E923A53C39C08D92429F2F26022D9C32C0844EA0E7B0D3C1E430582E53FCC9"
"services/api-gateway/migrations/000067_file_asset_lifecycle.sql","6DC8C512EBD06D62FA70E7E625D2966F54746685E636DC113CCEB7494466DD41"
"services/api-gateway/migrations/000068_strong_audit_outbox.sql","CC86DD63AC2953C7123061C776F6371D772C35131D1E7D19C1490B1CE6C6C7CD"
"services/api-gateway/migrations/000069_request_idempotency.sql","C2F698208A8AF40559609FA385D898745650BC5992310BB320712ABD75AD85B0"
"services/api-gateway/migrations/000070_outbox_delivery.sql","3E1081F51A3D998D5C2D3B1C6FFD1FB4BDD762C1CAE0D330E8FED1A45562F924"
"services/api-gateway/migrations/000071_file_reconciliation.sql","2ABA49E12B9FAC094720F2C97907BDC7D325D5B63EB923CAC2F7D001001318DC"
"services/api-gateway/migrations/000072_critical_entity_revisions.sql","22C5ECBE8087019E651C5D14ABF798922A4E083210A65C173B0EDA10F9A222BD"
"services/api-gateway/migrations/000073_list_pagination_indexes.sql","2AE74DC97359FC1CD5302093F3430C399FF22798CA2641DA19F9565D6DAE1DB3"
"services/api-gateway/migrations/000074_transactional_strong_audit.sql","30873D35AFC9FC19264EC6E0270CC004376C0D29E86141088869AC564EAACFA4"
"services/api-gateway/migrations/000075_subjective_grading_worker_role.sql","41ADF808CF14ECB182AEE83D0137C665AECE4C7E653BE269F4D3A8E0D068C0E9"
"services/api-gateway/migrations/000076_storyA01_assessment_domain.sql","D7EB5C6F9FBCFEEC96D7B692FFE9900B3D67EF680C1BAB12B1951EA871D2ACE7"
"services/api-gateway/migrations/000077_storyA06_review_annotations.sql","789FE456438EDEE72AA3F6FEF93F652D8DDA9E9077213658989EA34A3036F881"
"services/api-gateway/migrations/000078_storyA08_gold_papers.sql","D2075679338B1D5BA8C1FE317E68BC53E5BBD6D8F940D4E92D4D240F4ECD32FE"
"services/api-gateway/migrations/000079_storyA09_grader_calibration.sql","E2B57C44AE719116CDB6D8433B2B69826A828BA43AAFD45E2DD901D2EDE2EB9C"
"services/api-gateway/migrations/000080_storyA07_answer_groups.sql","EF0C6A3BBE603247415D2FA88CB1999C506AAAD199BE5A0985B62EC88EC63723"
"services/api-gateway/migrations/000081_storyA10_seed_quality.sql","E9488CDE1D5C8D6B9466364B1C8FC2DB3F4504C251C14605666554C5795059BB"
"services/api-gateway/migrations/000082_storyA11_grader_drift.sql","A51E5CF7C7BDD3A1DD2BA91BB66666D39C6333982025C045FDBDFB4D0AD400D7"
"services/api-gateway/migrations/000083_storyA12_backmark.sql","E7EBA05730E6DC46FA22DA1EDB32AA67E028E5C83DF2731981C4D935AC1D7556"
"services/api-gateway/migrations/000084_storyA14_ai_eligibility.sql","9F0C66AEEEBDCA8F8EB527E38308EFEC43A66937C3CB840621BC03149F557C16"
"services/api-gateway/migrations/000085_storyA16_grading_evaluation.sql","F335BDB7D878FBCEC317B9E1C9C36FF9EF646A997D9EE06E5FC7CC493B4B113D"
"services/api-gateway/migrations/000086_storyA15_model_calibration.sql","095874A8943046ECC1010BA3EFD238B083EEB8F6D74B8676EAD64CF164F6C7FA"
"services/api-gateway/migrations/000087_storyA17_ai_human_disagreement.sql","21B74B5C7389A7A3BA473EA845AC8080C88C87092961162564172A36EEDD3BD2"
"services/api-gateway/migrations/000088_storyA18_score_releases.sql","F01656A79060F9A7D18E22228057361D0E83462A4C01724CEE010F406414E864"
"services/api-gateway/migrations/000089_storyA19_regrade_workflow.sql","9D23319219BA2664F4EEABC6617C492A982A7C00B4AE10517B154F4BE95F0EF4"
"services/api-gateway/migrations/000090_storyA20_release_gate.sql","BBB8911CA0632EDCE1DF1194F505135EFE1BE649F1EB8181991A07020DDA2474"
"services/api-gateway/migrations/000091_storyA21_student_portal.sql","1198BB44FB2EECAB8763751AC7CE658B4AB9B3B806518CE62914721AA0613736"
"services/api-gateway/migrations/000092_storyA22_question_appeal.sql","F12928039162D02DB8532528980884E058EBB5D0D27CDAEFD0A68EFE56D7A638"
"services/api-gateway/migrations/000093_storyA24_offline_scan_spool.sql","9728122B0BDA8B175460DD4FD3F31A9E3750C37A6FC8D490BE693FD1A7747FC1"
"services/api-gateway/migrations/000094_storyA25_scanner_profiles.sql","3ED89CBA6FE09A8D35C628287A293B8069332789E1A6673B2D6D7F2F1CE89900"
"services/api-gateway/migrations/000095_storyA26_processing_state.sql","266B8C4595E36E6E9AD9A1B7C1664EEDC8544FBBB0E25E3B6CB1F3E8C1526E0E"
"services/api-gateway/migrations/000096_storyA19_regrade_candidate_evidence.sql","F11BD642398F15F7F171673112EACBF2BAB0C658644B950F647FE4DC89562804"
"services/api-gateway/migrations/000097_story_math00_understanding_contract.sql","426A89E91572DC8FBF0B1FDAC54FCFC5B2B8ADEE017B00B71F4D5B2E25CFD4CA"
"services/api-gateway/migrations/000098_story_math07_corrections.sql","FD4B5B656E1E0E2C2A330FF4F25081BFB1A7B52C4FCBD78C70F6BABE46A4842A"
"services/api-gateway/migrations/000099_story_math08_pilot_gate.sql","DDC8AC8F70699FF967DC522AB5A78695DB7A1A9D2AEB91887EF8FA623D083CBE"
"services/api-gateway/migrations/000100_story_math_runtime_pipeline.sql","F343BE1FAA128542D9DB72A927727E74CED96614D54FC1AC07BB6D80221DFEBC"
"services/api-gateway/migrations/000101_question_appeal_single_submission.sql","EF724A27E804744194430E38C5A2C85C7DF7127D2F14C7AB6DE5D2C9B753475A"
"services/api-gateway/migrations/000102_paper_document_import.sql","E6E5134A52B64C018AD959648F53EDD37D08CA3CD0A4197C8B2391753B9DB308"
"services/api-gateway/migrations/000103_school_admin_review_work.sql","40EE6DFC01140E89D5595D1F15B145C1B59DD0D357310F0D3814579A9118E3C6"
"services/api-gateway/migrations/000104_exam_sessions.sql","F51E87245AA5C503D389A4AC2755A3D58BB4C8D271A2DDFE4A9EEF1B8161D0FF"
"services/api-gateway/migrations/000105_grade_education_stage.sql","3FB5D2B44AA90B5DD17CE594E1BF8368DFE23CA1191BA7836F7D15EFBAF2E98E"
"services/api-gateway/migrations/000106_exam_templates.sql","F8F5F26992B093D85807F5E755F54ACCF269D4F9C8A223A089598E5871A9CF6D"
"services/api-gateway/migrations/000107_exam_candidate_snapshot.sql","7071351FBA58CAEFDC6485915CCC9EFEC4480CED1FAF1C792B9027955DC51DE9"
"services/api-gateway/migrations/000108_school_enrollment_model.sql","AA4AF3ED3F40AF6614682A1C21450E9290C20C0DCB1FAEF4F4C06C580F0AECBE"
"services/api-gateway/migrations/000109_grading_error_attribution.sql","738F04055EC6652C1E52B7CB7ACA4F25D59622D8815367CFE7761E2C92FBA958"
"services/api-gateway/migrations/000110_paper_import_sources_candidates.sql","52527AA3C33CF7248166E2B2358FF25CAA1B42B4ADDFF42630B4A93D48992188"
"services/api-gateway/migrations/000111_authorization_model_hardening.sql","51671CF7CEDE4B8C8C4C109BAC14B43E4D140D2B8DEDF18777D2B8495B3BE7E4"
"services/api-gateway/migrations/000112_backfill_school_admin_rbac.sql","531DCA5987C0DAACCCDB5791FD60B3D26EB996D04365DCBA179917ED55188CF6"
"services/api-gateway/migrations/000113_local_authorization_repair.sql","DFAD1FAA4CE941ED2052727093A35390D18CBEE53685824D9F33B3C4D9B033DF"
"services/api-gateway/migrations/000114_authorization_repair_followup.sql","E39C63DB18D4A7374FE612A9878937A51346A864098FDE43D7143E0991389805"
"services/api-gateway/migrations/000115_school_activity_projection.sql","E862484031E00DBF1BF81F4F5B02567354A7F1D4AF4C14B3722345928172C405"
"services/api-gateway/migrations/000116_paper_import_rubric_candidates.sql","CD89FA46E2E148C21C9649D566B7FB78CAEC0EEECDA199B833CBB5F8076994B3"
"services/api-gateway/migrations/000117_student_learning_portal.sql","5B20862F54AC96468A5DF58725FCA137DA4392B30D3A22545C597CFBF82001A8"
"services/api-gateway/migrations/000118_managed_model_api_config.sql","53DF81E6F55DE05CFD9EA5EB4D180AE8B98DC9FD5E48ECE23A21D6C07F3FF245"
"services/api-gateway/migrations/000119_paper_import_cancellation.sql","D51F7DE772C7B1F8A3DA1C8012C0EF208883D83E709119CF28E70720F22243EA"
"services/api-gateway/migrations/000120_paper_import_parse_runtime.sql","176040946B72F00287CA5107A74F34703773F3F4D6C7743F9066E6DBF0BA4533"
"services/api-gateway/migrations/000121_exam_session_command_id.sql","4F631EEB9938FCDD2DA241D828BE76E205182DB869696C6EE808E53D7E979EED"
"services/api-gateway/migrations/000122_processing_projection_refresh.sql","165581D11BE512EF26EB914B8018DFBD86AF82AB8EFE09E807B243979F70D39B"
"services/api-gateway/migrations/000123_reliability_command_runs.sql","07A3932A540C8CC475E26298D515D69E8850E501FE55F778CC0C310E496C0105"
"services/api-gateway/migrations/000124_import_input_integrity.sql","0F0AEF63B69CAD1E6EB824CFB4B52C2F5DDE3EC217C9DEF2630C16C849463F85"
"services/api-gateway/migrations/000125_projection_lifecycle_identity.sql","0E641D0BD94BB38083996E58EB87148C02CA818FE6B9A4E7117F4078E3FF7918"
"services/api-gateway/migrations/000126_capture_batch_command.sql","6A790D135015D6EC63D60E1AD83521EE400CF3D6D037F27E65CF743EEC9F8211"
"services/api-gateway/migrations/000127_scoring_run_command.sql","F3BE83138B57ED04254FA5E376395646CBAC12AC24D36E05F3169B537EE877FF"
"services/api-gateway/migrations/000128_subjective_batch_commands.sql","DE41566CEE88E7B5E89B3BDBCB20BBCC0ABE62166D7E67D10F9B146422D7E0B3"
"services/api-gateway/migrations/000129_business_command_receipts.sql","48C6892F07DB51ACA6E9D2C8A5D0E2F55B9F67DE2EA425D873CC81C7E7CBDB36"
"services/api-gateway/migrations/000130_review_round_identity.sql","4D9C595D709CDF6CC6447E8CE2CF3559C8D0210792A8B9775DBBEF60F9936E68"
"services/api-gateway/migrations/000131_exam_answer_sheet_template_binding.sql","64E400B9C389911C3A6AEC2828F770BE8CF86F82AAB5083E3A93DF6346A6B062"
"services/api-gateway/migrations/000132_managed_model_api_health.sql","A3776CAEC94614254641D16A5B9875F7B0EC291D58E2DB59DC05C681B04E97C1"
"services/api-gateway/migrations/000133_managed_model_api_probe_modes.sql","CB74E796A34357F5D44B144C8DA8FB89FB976EE7943855AC85828ECD25536053"
"services/api-gateway/migrations/000135_paper_formula_recognition.sql","B8646F0C1DBFD584539C8E1C4D48FBE14D41E941AB5A96E331BF55B28B29B1C3"
"services/api-gateway/migrations/000136_managed_model_api_capability_diagnostics.sql","87235AC914010D4CD67E1FA13F1D27D0D6BBE71BE44D8C201E64573286B305C5"
"services/api-gateway/migrations/000137_worker_task_progress.sql","94F591600BC78E0F8868D5E62BEC8B8942DF30FF0FF5027C018F845C45F80E10"
"services/api-gateway/migrations/000138_business_command_payload.sql","2908010135A82BA79F7B3E0B9DDD3C84FA01E5103D3A9CC4EC8D8C725215ACED"
"services/api-gateway/migrations/000139_high_risk_tenant_rls.sql","CAE3CAB03F52BD173466341C81BF7CC3E2EC5BE2F5EB0804A1001ED6FE5EA9D9"
"services/api-gateway/migrations/000140_question_bank_core.sql","E2EE94EC86980DAD4429D501CEF18AB2E1BC0F2600E2C6BDC06404FDD7D25F15"
"services/api-gateway/migrations/000141_question_bank_publication.sql","43F9A3C8F8523AA0F764A7D1059FB4F17244ECFAB38339B6D83FA02CE4FFF251"
"services/api-gateway/migrations/000142_question_bank_metadata_acl_search.sql","9CDD27981B9BAE04B1BA176FD17F73FEEB687D2B3D647784C391C28CC7FB2D91"
"services/api-gateway/migrations/000143_auth_identity_security_epoch.sql","5EBA28ACE1084CE2FCA0F424F09028FCB92C7C609A022D02864D86DA16E5C7D3"
"services/api-gateway/migrations/000144_question_bank_snapshot_import.sql","AA88E1B2BE79FEB7E7D7A926FF7B90C473B4DE168477D18EE17A8676148D9784"
"services/api-gateway/migrations/000145_story_math09a_mixed_perception.sql","BC541EEFBD5FEF258806E44119A67FD7951324220ED83E933E6E20B3A933183A"
"services/api-gateway/migrations/000146_story_math11_symbolic_verification_stage.sql","ED8EF706C09E3B7F1EB98D17C01C9BA153711E6E1B249AAE287C36BA2103CBFC"
"services/api-gateway/migrations/000147_auth_dynamic_risk_shadow.sql","6C5B0F482CFF01E14C947264B8174D6B86EEC4C807AA67801DD42447528BC26B"
"services/api-gateway/migrations/000148_story_math13_grading_bindings.sql","4B5A38DDD913740F2E9E40B3BD83BD3EDFA9C7E6B60057D7AE2F77308C42F703"
"services/api-gateway/migrations/000149_auth_totp_scoped_challenges.sql","3E892CE1A98C8315C6EB0512B1AE5FB122EEE68F654049786BE0C340B0322C81"
"services/api-gateway/migrations/000150_auth_mfa_security_notification_intents.sql","33B553C9B1B8236BA108BAD110F1335C427B8F5D9DAD4E1938315E495550E992"
"services/api-gateway/migrations/000151_capture_upload_completion_lease.sql","AC14F1545DBCC5117CC8093EE50D4193044BC7828674139D5120A5049BCD3DB8"
"services/api-gateway/migrations/000152_paper_import_visual_pages.sql","C47ACF3A1B13D0816D25612ABDCAC64B2205AD56A1BCF25349308232220F5FBB"
"services/api-gateway/migrations/000153_paper_import_model_usage.sql","7D5E200394E36E7975F8D907385E47AC2D26DB8A019053FC7DB9644F61F60E71"
"services/api-gateway/migrations/000154_auth_wechat_login.sql","AF04DA6D639739ECD17348D94F7D6138C47AD83FA2154252310033A8134A1D5A"
"services/api-gateway/migrations/000155_subjective_multi_agent_panel.sql","82DB290EDE117015FE4DBD7D5D3C6A7EC1328F2713C9EB4BA2425E66AC82A146"
"services/api-gateway/migrations/000156_model_role_binding.sql","D23221D600D3366C969A5EADD14AED7B9FC1E9CB62251A618EF1EDD19EAF4C99"
"services/api-gateway/migrations/000157_subjective_panel_evaluation.sql","E547212648A55C78519BE8FC96C242D33FF1D17A28DF1A1B11116989FB737D54"
"services/api-gateway/migrations/000158_subjective_panel_policy.sql","9BEAA74C23A0A854CC5E61A0CDCE6B6CA87444371348BD13A4DF9867F3830950"
"services/api-gateway/migrations/000159_managed_model_api_multi_model.sql","3561985738FBCC6ECCBDF9D3F2C1CFC932EABC37F015400A91237E3922A0DB1E"
"services/api-gateway/migrations/000160_subjective_panel_model_set_provenance.sql","A56FCB843B712BDF74AE56D8D25F472898A13FD19B4BC9F5CB958520FA7708DE"
"services/api-gateway/migrations/000161_platform_panel_model_binding_actor.sql","255C0CD01FDA8A2E62CDE00D2E2D3AF44D06046F6DDB8736CC026105B7360A82"
"services/api-gateway/migrations/000162_subjective_panel_legacy_hardening.sql","4354C1B8CC988AD5C28D923E76C34E7B522D26213B709FD75ADD2D556078E308"
"services/api-gateway/migrations/000163_answer_group_v2_candidate_quarantine.sql","0BBF50BE8D43B8B6DBC0049F6BCBE49BBF7068C04909CA43BA66A0BC13E9A4DC"
"services/api-gateway/migrations/000164_score_release_anonymous_page.sql","3C182825C8013738D9F6EA2FFD306742CA1ACB193695D7BC0DA0FDF796B7C76B"
"services/api-gateway/migrations/000165_platform_school_operations.sql","22E6DD63B500585AD37FB8DEB7DDB616D2AB0A7FA68044FB80EB7D0CFD1A3646"
"services/api-gateway/migrations/000166_managed_model_probe_transient_status.sql","20E7493FE84E863CBE5D1F76CEB1F0269357C910B7FCEBA0E2CB8B55B4A905EB"
"services/api-gateway/migrations/000167_model_management_rbac_alignment.sql","3486609F9A9E2EB92CD0FCEF951826818182470B54DEFF078D2929458AA076CB"
"services/api-gateway/migrations/000168_managed_model_soft_delete_audit.sql","254516489EB4E6959430BBA19E84BA6D7C20D88D9B89EEAB3A534BEF0B41B124"
"services/api-gateway/migrations/000169_model_governance_managed_config_bridge.sql","AFDED2047E756E84B71046564DFA54EF063AA9B8533BFCF45E368773C21C3D3E"
"services/api-gateway/migrations/000170_model_evaluation_managed_config.sql","FC24477B5CDEC5124AE12C1CF339C736213A7D8E0D04DDF79E5302FE6AA1DBDE"
"services/api-gateway/migrations/000171_model_approval_managed_config.sql","AD8CC1D9472D1D82B9191B1860A73F371BFA6FDC0F215AB71C457A478DECD26E"
"services/api-gateway/migrations/000172_model_policy_managed_config.sql","665E9FA09640D1DCC951DB7B081EC49820F5C4E73BD1BB18F87870D3D126EB41"
"services/api-gateway/migrations/000173_model_sandbox_managed_config.sql","8B9A7186DABD0DDF16ADF851BD4E6DF51503C529F3D314487523D6C8013994D6"
"services/api-gateway/migrations/000174_managed_model_permissions.sql","B7F8DD4F52EEDA673665CF013F03625C862F41DE25CF56326E6DFD5552C89F2E"
"services/api-gateway/migrations/000175_model_call_fact_managed_identity.sql","A71FFCD0BF58569763A0ED961204ECC98B4A8555815E403714362B7254BEE07C"
"services/api-gateway/migrations/baseline/000020_fingerprint.sql","35A820C7DAA0F944C0BA218B45A59BD8E2EC44F8E53157D0356E3296711EB25A"
"services/api-gateway/migrations/tests/000169_bridge_assert.sql","C8138D15160D17A01C58BF7C252431E780A55C3D729AC77B47B9BF4B952AA8BB"
"services/api-gateway/migrations/tests/000169_bridge_fixture.sql","3971263F09B4488113482DEFAD0F23611E4F1A6BF6588862A86191475CF352BC"
"services/api-gateway/migrations/tests/000170_171_managed_flow_assert.sql","5518CFDD6C3D03BBB282AC65CE5DEEDA2B28108ADA804AFEBF4C1B3BAEFBADE2"
"services/api-gateway/migrations/tests/000172_policy_assert.sql","21EDAE10A6BDDADF5F1AD6C8B4DC1A4DF18DF0B0436DE6FE3EB013E88C253524"
"services/api-gateway/migrations/tests/000172_policy_fixture.sql","A3974A7C4B83C9B7BCFC9A7159EA95DC7F4B77CB14DF14082C669433905AA37E"
"services/api-gateway/migrations/tests/000173_sandbox_assert.sql","91E80F4621F975DE1DFBA567D031774A28020B6AF32AFBD3516CE8CEEBC854C7"
"services/api-gateway/migrations/tests/000173_sandbox_fixture.sql","C69F4E1321C3F0C527D46E9C475E37C83F1B1C3D7272903B1EE8266C190BC467"
"services/api-gateway/migrations/tests/000175_call_fact_assert.sql","75860EDBD8B84BDB809FD1BF7CF32BABD94DA606DD1D2BA84CD6EDE1D3DA1467"
"services/api-gateway/openapi/edugrade-api.openapi.json","00E7D890FDF6741171840A787847CDF8D162DB089DCF0E49274823D2C75F0481"
"services/api-gateway/openapi/route-coverage.json","3071F99E93B2208C9C8951A147813573F1373A2A368AE98B1B9C8891ADE80847"
"services/api-gateway/README.md","A5E41DFC9950953DD579368552ADCF779BD99D336CBDF154C138C463F06F7E8E"
"services/api-gateway/tools/file-reconcile/main.go","06784F04CDCC8E6EAE7FAA12559F388FB72407D16DA733D58E4D57B76D94BC36"
"services/api-gateway/tools/import-fujian-2024-math-simulation/main_test.go","7E8D302BA59068B67B2F411873A85A754505D6D82C6C134452008A732826C49E"
"services/api-gateway/tools/import-fujian-2024-math-simulation/main.go","88242FB820C0A365D06FDF16583B18B170C7F210BA3D09FAE0EFF2890C965002"
"services/api-gateway/tools/story056-postgres-e2e/Dockerfile","4A1C8CC35987448446BFABBF7E2FACFAD69FCEC5F923C355237DB2386EA7F7A3"
"services/api-gateway/tools/story056-real-worker-e2e/Dockerfile","A2ABDB14D3DFD2F097652CD4FE2CCDEA94AC6971C284FF20C1613E2BE3E3A5F1"
"services/api-gateway/tools/story056-real-worker-e2e/main.go","26F9EB06F5231F0A86B02ECCCF6EFE64BEDB180BD82811CF0ED4B5D9560404DA"
"services/image-quality-worker/Dockerfile","B69F0BE9EE3B7093C050BBF6BE33A91CA1735C76E1D1C7B134C6B2618B0C302F"
"services/image-quality-worker/image_quality/__init__.py","CC9BF91B0A74F60EA32FED709145F9FEE54476F5DFD44A3055DC411D3D7D8003"
"services/image-quality-worker/image_quality/__main__.py","AFAB6A927A812A648E518863797A7BD04C44B94611542C912B98220E9BE1F2F4"
"services/image-quality-worker/image_quality/api.py","3653B982DAEE2EFAE8303CF377F1468CAEAEA92B84D1E33151FF9C4E1A39F475"
"services/image-quality-worker/image_quality/config.py","277DA7F5367E4EB53C775DA866273139367A003570AB84BDCE70744C092C4550"
"services/image-quality-worker/image_quality/engine.py","4EE8717FC1D5F856C3DDE55D57BADC5CA52A2941E5B69ED6D6C25407894A1FAE"
"services/image-quality-worker/image_quality/errors.py","CF8A6F992BB5FAD206501A165C97A58F69F25A6C10269D2C01835C6FB4D2FFCD"
"services/image-quality-worker/image_quality/geometry.py","475E5428064C79E1C89F2641907B21C7B520D2D56C4DD685AA98197A3BE46486"
"services/image-quality-worker/image_quality/metrics.py","48185DCA70912CA09AB15B241F3C5208C674C80562AD8271CADF33F5297DE65D"
"services/image-quality-worker/image_quality/policy.py","B5D4DF8139665AC0959E44187D3C2CD5B694B07DC942FA723E7FC6453480ADEF"
"services/image-quality-worker/image_quality/report.py","3957F0F795248CCBAB08A3F5D850D10BEDB5C67489D92044F2334F68D362A086"
"services/image-quality-worker/image_quality/runner.py","D870FD4FCAC5DC103F0221E80F6A23E4D4732AE056B69643B5B0772C68F4E232"
"services/image-quality-worker/image_quality/schemas.py","803526E15A125FC7204A0DC40938C5F1F0B934A62E909EF832C9F9635EFFBF0E"
"services/image-quality-worker/pyproject.toml","99057C056B026D094D3EDB98AAF994FAB7694ADC4E57D39661300DAB6611A9D6"
"services/image-quality-worker/tests/test_api.py","0587E5DCF9DA8687A0E5B4A81D725F7ED0BC2F7B00094D989C627FBA8006B1D9"
"services/image-quality-worker/tests/test_config.py","B7CA21C643D6543BBE5403AEFFDA318E02B889F4C818CF2DB6B9C9F423EB08B5"
"services/image-quality-worker/tests/test_engine.py","3592ED1B8710AFFD44D1E1C8AFA95E39818BCD98727897824D27967989F75D09"
"services/image-quality-worker/tests/test_runner.py","8D1186FFC525D41E89B237641CD0A542B43DE382B19741F683812625A11257C2"
"services/math-verification-worker/Dockerfile","8BD1A5FF564B5710F9C5D23B5CAA892A570F54B0A97ACB579739F245FE8BDCEF"
"services/math-verification-worker/math_verification_worker/__init__.py","ACBBB86AB58143C445C27AF9ED63D0BAC929F70BFF4BBD2479923AA58369DFE6"
"services/math-verification-worker/math_verification_worker/__main__.py","DDD60A1DF996B2B744C45953165711E5AFE2711F5F0249F4E98875E1342411DF"
"services/math-verification-worker/math_verification_worker/parser.py","A218AEE6192AB34432830786FEDFA658D0D987EA5993AF762631CC2F020D6447"
"services/math-verification-worker/math_verification_worker/server.py","0CBAD376897D3D09A2715FD9FFC22B13630A9FBAF1E8F673DD1A8A99CF007ECF"
"services/math-verification-worker/math_verification_worker/verifier.py","D5014E2CC860D7F515871694F0B494C43D45F191AE516F81027EE5541C95F4FD"
"services/math-verification-worker/pyproject.toml","CCDE3B6A7F832C871A65669EC945530FFEC981E37097E02AC558DDB412013DE2"
"services/math-verification-worker/tests/test_parser.py","B96737473E2A14903C9F01108B3CBC6483C12BA4A525DB53BC039B9850E443D5"
"services/math-verification-worker/tests/test_server.py","B1DC2438C58FA5BAB9A8B34E93F33FCD888163D9CDB6A057EC41572546EBC9E5"
"services/math-verification-worker/tests/test_timeout.py","343F284B11C6D56B394F392A0700AFBB36314AC6AA75E6331D474C7DF23B1587"
"services/math-verification-worker/tests/test_verifier.py","4510FF687350E55FC3E5175E41E10E71EDAA97A12A159367C82692CCDB9D30F0"
"services/ocr-worker/benchmarks/benchmark_local.py","CC95B7F12A01D12729D049C6A93D9F4E31E1FAFEDDDAF9C20D5FFAEDE1AA7C2A"
"services/ocr-worker/Dockerfile","B82ED3CDEBE74FBCE21EDBFC9E56BB958557460ED99DEC5D159997726D8F00B9"
"services/ocr-worker/ocr_worker/__init__.py","F5360DACE4A975D301F97FC9B79E1F243ED1C69AC66230139C2631A312DBBD4E"
"services/ocr-worker/ocr_worker/__main__.py","D028FA2CBD9D12B088909EAFAE9836B557017CF026F4203CF9D560C3CDD4A65B"
"services/ocr-worker/ocr_worker/api.py","417DC7A27D370C8AE207B33D91125B24167DCDDF28A30850F20B384B7E914A27"
"services/ocr-worker/ocr_worker/config.py","FC7B368F0E70776C699F8E70190D8AB6DB86A97FB551494F4EED4BD36B73CEAE"
"services/ocr-worker/ocr_worker/deployment_profile.py","8AE1B1AE68E26519D415575533FBC58822ED54B2E9FCD9B9E3B740226668278E"
"services/ocr-worker/ocr_worker/engine.py","8E035E3F77D92764DEE0E76DA8135ABDFEFB37C506FB8E47EAF6AC0786C464A7"
"services/ocr-worker/ocr_worker/formula_calibration.py","9A8DD36DCBD8FBFBE25EDF3206E750D6594FB26342553C35B5892EC663062303"
"services/ocr-worker/ocr_worker/formula_validation.py","B5CD9640620A113734761B3E248E7D3D67A6036C09EACDF06F62DDAB0FAD93E6"
"services/ocr-worker/ocr_worker/math_layout.py","313F3C3144BF734CEE381D95FB49C27863121C906B793973E92AF84FB526FBFA"
"services/ocr-worker/ocr_worker/math_runner.py","F561148492296649BF127A507C7E33E0C619FCA44CB6D088328C0A9B8E23E516"
"services/ocr-worker/ocr_worker/paper_formula.py","A72C1EDB07C32E38987575F6EC81ED1ED85B871D5F73FDFFA71D4EB1550E34ED"
"services/ocr-worker/ocr_worker/recognition_router.py","85A348217F9291486842EA31CC2D2BF6195DF82389C59B54E79BE9E6BFDEFEB3"
"services/ocr-worker/ocr_worker/runner.py","17DFE4F61F0DBA4B10C4D5CDDD589BB123ADA6B53252CD36CE86947DA8599D1C"
"services/ocr-worker/ocr_worker/symbolic_runner.py","99A42F2B922E7AD8FDA3D7D31E0230030FD7558A19A5CD44AF5200BD024E401F"
"services/ocr-worker/pyproject.toml","2B175B7EA8E6E67466D370878909AF44E455B4344984712BBDAF765F8CA2CCA7"
"services/ocr-worker/tests/test_api.py","F7547BBC90322AD1EE5C963147EAEFB8305F0E8A520012E8D2BB400F8BDFFDAB"
"services/ocr-worker/tests/test_benchmark.py","95789EF840B8A2CC7FB0301E12578942E31A4AB1E5EF8A97CC5EF046F08AF7C8"
"services/ocr-worker/tests/test_config.py","CD9B8A4C4FB8ADCEFD5228B859A3C0CBFDC51053E591D37B40D419B44B1E3CEB"
"services/ocr-worker/tests/test_engine.py","3703E156DD869EA65AF634AC32AD466589CFD54027D82104558F1702938426CC"
"services/ocr-worker/tests/test_formula_calibration.py","9968B99E93A1751FBB8EAAD53C64D3027B918C5B559312E292104B875B461F70"
"services/ocr-worker/tests/test_http_response.py","3981ACEB2933E7E5141E392352E1F9C7C62A286C5A0C42B534F7415C1B057C33"
"services/ocr-worker/tests/test_main.py","8F93D82DAD131E7DEDD6EC5CF1DC990B5503C153743F3091BBCE805A9C2ADC3F"
"services/ocr-worker/tests/test_math_runner.py","680396A8E1EFDE2825F7A48CC067A27CBB1F21E08DD7B6B647D90F94A0AAF94A"
"services/ocr-worker/tests/test_paper_formula.py","41E767D5043634F4EB78901A654E091673E04B2E1206C597BAFDFFB5CB83BAB7"
"services/ocr-worker/tests/test_recognition_router.py","7A4B36FC9A092527E9F571CF4D85D74DF75BF25490092EBA89D375FFF537F6C2"
"services/ocr-worker/tests/test_runner.py","00FBF95A5AEF266D35523FDC72F6FEA553BD2F4044ABE9263377EEFFB2BD3568"
"services/ocr-worker/tests/test_symbolic_runner.py","43EC0B536ED256D0E4D6ED0F8620A0AABDD3B624EEBCE4DC861B9E75665EFD48"
"services/page-processing-worker/Dockerfile","4D0FD32787CA3CE6D76BDD322EF5A391CA92DD3094F6D8CFCB62A816101D696E"
"services/page-processing-worker/page_processing/__init__.py","725F17950BF12D90775525E453E34271C006CD2A8BFE8C69BF1684C8C1F5DCF2"
"services/page-processing-worker/page_processing/__main__.py","C481DDA30FA47FEA1D31E704EA74ECC573786275F0A5CE90B17E63E16C4848C3"
"services/page-processing-worker/page_processing/api.py","E90CB3A61A286169C9EFE9661B9B9910B688C80F2BE79788C4684CD64DE67500"
"services/page-processing-worker/page_processing/barcode.py","BE6B68C444F4BE47567F3198843A8E4E983B3229F16778DF2AA36C5ADC7D8C17"
"services/page-processing-worker/page_processing/config.py","43DEED88B1BD946AA3A7DB9A8B6FFE6FCF8630E13B1C1616EE79078164CBFB30"
"services/page-processing-worker/page_processing/decoder.py","526977DE47E8A2A6C189A8CEB8D1D2322CDB021A6C117E7E8BDC91536B17F933"
"services/page-processing-worker/page_processing/omr_acceptance.py","AADE6B45418671183754B26ED0157B755E28574C7AD9E40F758BE846123C59A2"
"services/page-processing-worker/page_processing/omr.py","7C2017A91C778BDCA6F97A7D73D6BF20327D13463B14B5BD93E009C13D1F47DB"
"services/page-processing-worker/page_processing/registration.py","C2E5C2258D6DB0B5FD0373FEE5DFB1E4A9460D86D855CB94D01A35FA6CA98473"
"services/page-processing-worker/page_processing/runner.py","76F31C4034897F17BE199B319AFECB7CFA506CBD751FFD51EA2B96CD3A131781"
"services/page-processing-worker/pyproject.toml","8829A46295A0AA46C3F32C03444E3256DDE145A43944541B210F189835B21F3D"
"services/page-processing-worker/tests/test_api.py","CB989D4047E88149A19CA642C442D0AF842F496B7573CC27A1B52058A4452824"
"services/page-processing-worker/tests/test_barcode.py","4E407DF145A7CCF5301CA26DDD4B3784798198DC3318E3BBF98DDB7D4B1DED28"
"services/page-processing-worker/tests/test_config.py","C30FBF5D7E2E25022AFF9D08BC6029AD937DF68C3523CC3C20E9C519E4465EE5"
"services/page-processing-worker/tests/test_decoder.py","80AF9531F06E007ADE1489E7B3BAAFBF5B338D91E8B1CED3F00EE82596FB4D5D"
"services/page-processing-worker/tests/test_main.py","37A50842D349B755717519989E239261320E382B966776FE6F4D71E3E953D690"
"services/page-processing-worker/tests/test_omr_acceptance.py","BC3F8CBBED63A1D80DFE9C2554A38E93FA6A5E2F276AAEBD53E3DB145B920BAE"
"services/page-processing-worker/tests/test_omr.py","DA447966D9AB39E1B0C70A73F6EE642CE4824A90D98DC733660F22CD59DE4AB7"
"services/page-processing-worker/tests/test_registration.py","974B3246C67589AD4AB2B0760AAB49F294B4C58F3E9767F8FFF2BD465BB1FDD1"
"services/page-processing-worker/tests/test_runner_heartbeat.py","50DF2DA0BF32CF49719BF8F66C23ABE8BA2876907E3A14D127CA9B3D361F90A2"
"services/page-processing-worker/tests/test_runner_omr.py","5007C71A7CE70BB64B7BAE9B6F314CBA8D4D91B8BE3D3FA029FEBB2493629F6D"
"services/page-processing-worker/tests/test_runner_paper_import.py","F8EE123139F7E730931C8C4EDC962954A546B61D45C0C9DC94AFA5A09A564E25"
"services/page-processing-worker/tests/test_runner_template_match.py","8D8306800C1672477D132C54C588375D58626CEB73098F924674C3190E5D0FC9"
"services/page-processing-worker/tools/evaluate_external_omr.py","84A91A9B880F8C58EDF464B392040CF3841175D430AA7F37A6BD418BD788262F"
"services/page-processing-worker/tools/run_omr_acceptance.py","FE7FF153B2F61879949E97E93F93A2B5700F85C89AEC11701DBB5AD0C57492F0"
"services/README.md","38C66EDF589F5489A8D754D574A5725933DB5DABED98D4B8F072A231F81ECB3F"
"services/subjective-grading-worker/Dockerfile","71FDAAF1DFA36AE709593D5A2D964D5CF8644573A9FEDE8E4BBE4704B266BBD8"
"services/subjective-grading-worker/pyproject.toml","97ACBB0836C439E467E03E6221FB8D7CB9FA98CFE58E291893364ABE3D62A3ED"
"services/subjective-grading-worker/subjective_grading_worker/__init__.py","6E0CDA8F9E299ED9C80459BDC955E758E15385B454173A0AAFC88F20A48CF510"
"services/subjective-grading-worker/subjective_grading_worker/__main__.py","1AF0D4377179F15FBDF1DA209D079FF45965896E3CA49F7D35852B2004C19AD2"
"services/subjective-grading-worker/subjective_grading_worker/api.py","22236C1650BAAB7A3ECBAB3D4474F8ECFCB30FB6508E8ED4CC74C344AD008EDE"
"services/subjective-grading-worker/subjective_grading_worker/config.py","B3792A46411D8555668CCA88DAE3CF1B30C3B9D59B6F09DBEC02EEBE21015FB0"
"services/subjective-grading-worker/subjective_grading_worker/healthcheck.py","DDBB9DC9255F9987231CDD3D82095E8F40DAA689486BD5744CE0DDC06EB36C7E"
"services/subjective-grading-worker/subjective_grading_worker/runner.py","923AF0C4C079005EAB609C9681E22FBB7B193C6D78E738ED78100404C58F4F95"
"services/subjective-grading-worker/tests/test_api_integration.py","28C90BF65A0E1B9A9EB5B762DA7629D527E802ACBB167498848C0D462889E381"
"services/subjective-grading-worker/tests/test_worker.py","50E8D2F8B2E43A41FCF04813E0ABB18FC10A29ED40082C2978806B50758B9E8A"
"start-edugrade.cmd","DFAD5677F600CCBAA53F3394D6AB794558F372740469AAACBF8DA8A646D77DAD"
"tests/ai-evaluation/evaluate.py","98C461DA066391A6741307C3DC69D6292D8D8DAE68F2686572C1A74BD0B96F69"
"tests/ai-evaluation/predictions/synthetic_mock_predictions.jsonl","43B8AAE55FE22B7FCB73A88AB68424854AE9E3962B6D50F0313CB3AE86CE1325"
"tests/ai-evaluation/README.md","C90DC68FE5D61762BEBCC9E103F241EFC2B0D426577AF40A83CBB1669287CBEB"
"tests/ai-evaluation/reports/ai_evaluation_report.json","1AD7C68E07198C35B41F138A8801B2D21665C48C0BDBBE062BB755CC3F905315"
"tests/ai-evaluation/reports/ai_evaluation_report.md","AA2A8A74DA17628F703831E6A7CFA3E96BE95E039D64042079730E313643D521"
"tests/ai-evaluation/samples/synthetic_subjective_v1.jsonl","DCBED953E1E644F8C2DE4E63972787443A889601923AF6AC77161999C4CB6BD8"
"tests/ai-evaluation/test_evaluate.py","2210D2F8B73D6E7FC527289E582FED570ABD3E2024AA45F4372EFA00EA89D57E"
"tests/e2e/Dockerfile.story060","C3FD3738BD1FB5E9C40F31B539695BA8271DEAC31C0C9E2A48A385B2B4C6EE43"
"tests/e2e/fixtures/apiMocks.ts","54F60EB3899B1A591838803CF0C848479E8E54291E54C6A30B89D66030C3EA07"
"tests/e2e/fixtures/backmarkContractFixtures.ts","A4478834230E846A851CD16CB2690660F00131330F99ACC70A780BFF0BFC5D60"
"tests/e2e/fixtures/gradingWorkbenchMocks.ts","5220B69CEA3950B5E0E3E872E96432799DD13099336B761A735D7CC36644687E"
"tests/e2e/fixtures/qualityDashboardMocks.ts","7AEDA9900AC6DFC344BED677DE58B4039D684D12B7EE544FCA07E8DAA8AC9E00"
"tests/e2e/fixtures/schoolAdminLogin.ts","97EEB202747A9AE196CE2B6B406930E751DFE2FE12B63DC92717B86E0E32ACBB"
"tests/e2e/fixtures/story060-grading-agent-verify.sql","D6048C74CB9CEA7ADB04C9D22257B4A1196C4279DF4BF6F8BC26B176AA3AEDE7"
"tests/e2e/fixtures/story060-grading-agent.sql","53756A74B77662A04CD844DBD99AFDFDC8B9CED8C7AC6E9132B5896A1DFB8257"
"tests/e2e/real/school-admin-real.spec.ts","644B1C7DC2251DFA09DC3CABAEF685BB37ECD50155E984BC297AEF04E8D797C8"
"tests/e2e/SHOWCASES.md","2BDBD8247EFB30F85FFFA18989A9EF73C992521C46148CC1B45F8AB61D698778"
"tests/e2e/specs/account-security.spec.ts","0CE6E86D3C7DE712854C123B96F8E9C602E9F0B016AFB87752EB6AC0819CAB91"
"tests/e2e/specs/business-command-recovery.spec.ts","EFC01039EE77B963989890235060F1B16F5B4D6338C6F2479C8FDF12FE4DB38C"
"tests/e2e/specs/capture-command-recovery.spec.ts","858953B452EFC4DCB68D658A7C148CF1BCEC3431F291F68CD9733091026A668D"
"tests/e2e/specs/dashboard-workbench.spec.ts","375C612F373EEDEAE749B2DDF0A9EEEDB7301560F2C4BBB7272C586EACAFF43D"
"tests/e2e/specs/exam-command-recovery.spec.ts","A00FB140AEF9F33C1A55BEB75DA33EDF8CB6AECCC8B1DFA8B8492EB8CDAB09F5"
"tests/e2e/specs/exam-create-flow.spec.ts","B514AADC874AB2A15275FE0A4BF276193563F50CBD84046199A52068E4FAAF8D"
"tests/e2e/specs/exam-create.visual.spec.ts","B418F321B90231275E0CECBB7A45D1B9BC00E26FC225A2413C2DDCD40195037C"
"tests/e2e/specs/exam-create.visual.spec.ts-snapshots/exam-create-1024x768-chromium-win32.png","77B07ECC3415E75F39BB3676D7DFA38B859FD209B5FB297FE5734BBF52953746"
"tests/e2e/specs/exam-create.visual.spec.ts-snapshots/exam-create-1440x900-chromium-win32.png","C0745406A83F20155E634E6E3E33F2C50707E199DDD39B33E70F14A58FF50ECD"
"tests/e2e/specs/exam-create.visual.spec.ts-snapshots/exam-create-390x844-chromium-win32.png","A910914BE638835E0E17C975865A896228A89C1B970D16FC748330F7ADC3B69F"
"tests/e2e/specs/exam-workspace.spec.ts","4AF688D7C4BC2A402E8FE0199FD3069B2A1349998B6AA9574ECACEADA29E15D6"
"tests/e2e/specs/exam-workspace.visual.spec.ts","AA2072DB1E71B9BC128C881972938C7F68E74AAA4CCA6410CBE583DAE4CB4405"
"tests/e2e/specs/exam-workspace.visual.spec.ts-snapshots/exam-paper-empty-1440x900-chromium-win32.png","24F5D94AA18FD11A6936D881A7BA850BE7008CAE2E9A0F559449AE873D67F5D9"
"tests/e2e/specs/exam-workspace.visual.spec.ts-snapshots/exam-workspace-1366x768-chromium-win32.png","22DAC08EF79B229F96BCC8F3D2264EA4A43D763F3372846A1EE1F78103C63A4D"
"tests/e2e/specs/exam-workspace.visual.spec.ts-snapshots/exam-workspace-1440x900-chromium-win32.png","EF2ACACACD8E0141E5B63FA45FEEB4A91BA9AC1CA936124F0CEEA0B2EEEA1007"
"tests/e2e/specs/exam-workspace.visual.spec.ts-snapshots/exam-workspace-1920x1080-chromium-win32.png","BB0709F2D241BC08CD60AF10BBB81F99EEF9272592F46E814FCF35667B3CE86B"
"tests/e2e/specs/grading-workbench-keyboard.spec.ts","3FDFF75ED9F2544B8D3A25D080E121AB5A0E51B60F81B62B8A17404734E56353"
"tests/e2e/specs/grading-workbench-paging.spec.ts","AEF096908B987F68055E2459E20AE0220CF31C0111530F833A2990ACE8D91027"
"tests/e2e/specs/onboarding.spec.ts","5588D165A21A157C7D687DF36C86B9A3D45CF34FF75939B1174E2A323C93D92E"
"tests/e2e/specs/paper-import-progress.spec.ts","AF382FD8F2888DEEABC01021FCF069636DC9FA8570B2DF8A599A4A2E440C8409"
"tests/e2e/specs/platform-model-config.spec.ts","332D3C72504BCA2316033743DE70D9F8681EB27D252E84534F706C5487B4132E"
"tests/e2e/specs/platform-model-management.spec.ts","D6DC069E00BEEC4D94F427C3B176C715644DB844E5FF13762D948CCB82B86807"
"tests/e2e/specs/platform-schools.spec.ts","1BFF6B6A1893BC2142E65873F6AECB3F932D4EA83B4EBCCF74BA430AB7471BA8"
"tests/e2e/specs/quality-dashboard.spec.ts","233B62F74711CCE41D0CDB499DBB7E161E97236BD049E950F70B21A3CBEB8F3C"
"tests/e2e/specs/role-access.spec.ts","7F1B027AC3343CD206A1412D5ECECA3869C76EE6032A18F589D6161A48B70E70"
"tests/e2e/specs/school-admin-golden-path.spec.ts","6B0F5093CDB98973DB3350220CD08C43CA4E5FA111DB89E6AD2102659889E779"
"tests/e2e/specs/scoring-command-recovery.spec.ts","F6335D05CD6021A74F53BB62AC2817A17295C5A083E301CC805B87817F58D6B6"
"tests/e2e/specs/subjective-command-recovery.spec.ts","C933D01E44B67BF4CDC9271ED46AE3061195E41CD87782C4E73E119BA8AA54F2"
"tests/e2e/story060_grading_agent.py","3FAD621EFDA6EE254B668097847AAEE22EA0AB595F0040410DB054304D24EB5B"
"tests/e2e/story060_model_stub.py","46DBE25044BBAB6F991458290083E573F76AA2126F86BC0BB97F98F890156A0A"
"tests/integration/exam-command-client.ts","27A0F097230DFDA99B847CB5118A86A1695D57DF33D34BAADEFA324BA6150748"
"tests/integration/shared-client-contract.ts","927B0053ADA2A67C84779F22B6E817E42567C844085745BB0085B7A14B8787B8"
"tests/README.md","C8BE0E92D3D1023D41F81440E446A1AA34B6FDDB04A7CEA07822C3D4D75C1181"
